2025-03-11 12:55:04 +0000  Initial pipeline context: <IDEDistributionProcessingPipelineContext: 0x3cb7c8ce0; archive(resolved)="<IDEArchive: 0x60004c7da6f0>", distributionTask(resolved)="2", distributionDestination(resolved)="1", distributionMethod(resolved)="<IDEDistributionMethodDevelopmentSigned: 0x600012d57320>", team(resolved)="<IDEProvisioningDisambiguatableBasicTeam: 0x6000032ef580; teamID='X9NQ6V288C', teamName='Vaibhav Joon', teamType='Individual', username='vaibhavjoon10@gmail.com', isFreeProvisioningTeam='0'>">
	Chain (16, self inclusive):
	<IDEDistributionProcessingPipelineContext: 0x3cb7c8ce0; archive = "<IDEArchive: 0x60004c7da6f0>", distributionMethod="<IDEDistributionMethodDevelopmentSigned: 0x600012d57320>", team="<IDEProvisioningDisambiguatableBasicTeam: 0x6000032ef580; teamID='X9NQ6V288C', teamName='Vaibhav Joon', teamType='Individual', username='vaibhavjoon10@gmail.com', isFreeProvisioningTeam='0'>">
	<IDEDistributionProcessingPipelineContext: 0x3cb7d76d0; archive = "<IDEArchive: 0x60004c7da6f0>", distributionMethod="<IDEDistributionMethodDevelopmentSigned: 0x600012d57320>", team="<IDEProvisioningDisambiguatableBasicTeam: 0x6000032ef580; teamID='X9NQ6V288C', teamName='Vaibhav Joon', teamType='Individual', username='vaibhavjoon10@gmail.com', isFreeProvisioningTeam='0'>">
	<IDEDistributionContext: 0x3e885a1e0; archive = "<IDEArchive: 0x60004c7da6f0>", distributionMethod="<IDEDistributionMethodDevelopmentSigned: 0x600012d57320>", team="<IDEProvisioningDisambiguatableBasicTeam: 0x6000032ef580; teamID='X9NQ6V288C', teamName='Vaibhav Joon', teamType='Individual', username='vaibhavjoon10@gmail.com', isFreeProvisioningTeam='0'>">
	<IDEDistributionContext: 0x3cb73fd10; archive = "<IDEArchive: 0x60004c7da6f0>", distributionMethod="<IDEDistributionMethodDevelopmentSigned: 0x600012d57320>", team="<IDEProvisioningDisambiguatableBasicTeam: 0x6000032ef580; teamID='X9NQ6V288C', teamName='Vaibhav Joon', teamType='Individual', username='vaibhavjoon10@gmail.com', isFreeProvisioningTeam='0'>">
	<IDEDistributionContext: 0x357a70400; archive = "<IDEArchive: 0x60004c7da6f0>", distributionMethod="<IDEDistributionMethodDevelopmentSigned: 0x600012d57320>", team="<IDEProvisioningDisambiguatableBasicTeam: 0x6000032ef580; teamID='X9NQ6V288C', teamName='Vaibhav Joon', teamType='Individual', username='vaibhavjoon10@gmail.com', isFreeProvisioningTeam='0'>">
	<IDEDistributionContext: 0x3e01da930; archive = "<IDEArchive: 0x60004c7da6f0>", distributionMethod="<IDEDistributionMethodDevelopmentSigned: 0x600012d57320>", team="<IDEProvisioningDisambiguatableBasicTeam: 0x6000032ef580; teamID='X9NQ6V288C', teamName='Vaibhav Joon', teamType='Individual', username='vaibhavjoon10@gmail.com', isFreeProvisioningTeam='0'>">
	<IDEDistributionContext: 0x3e613ce90; archive = "<IDEArchive: 0x60004c7da6f0>", distributionMethod="<IDEDistributionMethodDevelopmentSigned: 0x600012d57320>", team="<IDEProvisioningDisambiguatableBasicTeam: 0x6000032ef580; teamID='X9NQ6V288C', teamName='Vaibhav Joon', teamType='Individual', username='vaibhavjoon10@gmail.com', isFreeProvisioningTeam='0'>">
	<IDEDistributionContext: 0x3cb7b28b0; archive = "<IDEArchive: 0x60004c7da6f0>", distributionMethod="<IDEDistributionMethodDevelopmentSigned: 0x600012d57320>", team="<IDEProvisioningDisambiguatableBasicTeam: 0x6000032ef580; teamID='X9NQ6V288C', teamName='Vaibhav Joon', teamType='Individual', username='vaibhavjoon10@gmail.com', isFreeProvisioningTeam='0'>">
	<IDEDistributionContext: 0x3dbc89810; archive = "<IDEArchive: 0x60004c7da6f0>", distributionMethod="<IDEDistributionMethodDevelopmentSigned: 0x600012d57320>", team="<IDEProvisioningDisambiguatableBasicTeam: 0x6000032ef580; teamID='X9NQ6V288C', teamName='Vaibhav Joon', teamType='Individual', username='vaibhavjoon10@gmail.com', isFreeProvisioningTeam='0'>">
	<IDEDistributionContext: 0x3e2498090; archive = "<IDEArchive: 0x60004c7da6f0>", distributionMethod="<IDEDistributionMethodDevelopmentSigned: 0x600012d57320>", team="(null)">
	<IDEDistributionContext: 0x3e24c57c0; archive = "<IDEArchive: 0x60004c7da6f0>", distributionMethod="<IDEDistributionMethodDevelopmentSigned: 0x600012d57320>", team="(null)">
	<IDEDistributionContext: 0x3c9a0b360; archive = "<IDEArchive: 0x60004c7da6f0>", distributionMethod="<IDEDistributionMethodDevelopmentSigned: 0x600012d57320>", team="(null)">
	<IDEDistributionContext: 0x3cb706100; archive = "<IDEArchive: 0x60004c7da6f0>", distributionMethod="<IDEDistributionMethodDevelopmentSigned: 0x600012d57320>", team="(null)">
	<IDEDistributionContext: 0x3cbc846e0; archive = "<IDEArchive: 0x60004c7da6f0>", distributionMethod="(null)", team="(null)">
	<IDEDistributionContext: 0x3dfa22080; archive = "<IDEArchive: 0x60004c7da6f0>", distributionMethod="(null)", team="(null)">
	<IDEDistributionContext: 0x3ec4f0f90; archive = "<IDEArchive: 0x60004c7da6f0>", distributionMethod="(null)", team="(null)">
</IDEDistributionProcessingPipelineContext: 0x3cb7c8ce0>
2025-03-11 12:55:04 +0000  Processing step: IDEDistributionCreateDestRootStep
2025-03-11 12:55:04 +0000  Processing step: IDEDistributionCopyItemStep
2025-03-11 12:55:04 +0000  Running /usr/bin/ditto '-V' '/Users/ankitkhanna/Library/Developer/Xcode/Archives/2025-03-11/linphone 11-03-25, 6.04 PM.xcarchive/Products/Applications/linphone.app' '/var/folders/xb/n6m0jmkx2yg22l7w31b445x40000gn/T/XcodeDistPipeline.~~~Joah3C/Root/Payload/linphone.app'
2025-03-11 12:55:04 +0000  >>> Copying /Users/ankitkhanna/Library/Developer/Xcode/Archives/2025-03-11/linphone 11-03-25, 6.04 PM.xcarchive/Products/Applications/linphone.app 
2025-03-11 12:55:04 +0000  copying file ./de.lproj/Localizable.strings ... 
2025-03-11 12:55:04 +0000  34846 bytes for ./de.lproj/Localizable.strings
2025-03-11 12:55:04 +0000  copying file ./pause_big_disabled.png ... 
2025-03-11 12:55:04 +0000  986 bytes for ./pause_big_disabled.png
2025-03-11 12:55:04 +0000  copying file ./numpad_0_over~ipad.png ... 
2025-03-11 12:55:04 +0000  632 bytes for ./numpad_0_over~ipad.png
2025-03-11 12:55:04 +0000  copying file ./chat_start_body_over.png ... 
2025-03-11 12:55:04 +0000  1983 bytes for ./chat_start_body_over.png
2025-03-11 12:55:04 +0000  copying file ./options_disabled.png ... 
2025-03-11 12:55:04 +0000  581 bytes for ./options_disabled.png
2025-03-11 12:55:04 +0000  copying file ./route_earpiece_disabled@2x.png ... 
2025-03-11 12:55:04 +0000  973 bytes for ./route_earpiece_disabled@2x.png
2025-03-11 12:55:04 +0000  copying file ./numpad_2_over~ipad@2x.png ... 
2025-03-11 12:55:04 +0000  695 bytes for ./numpad_2_over~ipad@2x.png
2025-03-11 12:55:04 +0000  copying file ./contact_add_default.png ... 
2025-03-11 12:55:04 +0000  1383 bytes for ./contact_add_default.png
2025-03-11 12:55:04 +0000  copying file ./_CodeSignature/CodeResources ... 
2025-03-11 12:55:04 +0000  366919 bytes for ./_CodeSignature/CodeResources
2025-03-11 12:55:04 +0000  copying file ./security_pending.png ... 
2025-03-11 12:55:04 +0000  478 bytes for ./security_pending.png
2025-03-11 12:55:04 +0000  copying file ./list_details_default@2x.png ... 
2025-03-11 12:55:04 +0000  1985 bytes for ./list_details_default@2x.png
2025-03-11 12:55:04 +0000  copying file ./rec_off_default@2x.png ... 
2025-03-11 12:55:04 +0000  2117 bytes for ./rec_off_default@2x.png
2025-03-11 12:55:04 +0000  copying file ./camera_disabled.png ... 
2025-03-11 12:55:04 +0000  354 bytes for ./camera_disabled.png
2025-03-11 12:55:04 +0000  copying file ./camera_switch_default.png ... 
2025-03-11 12:55:04 +0000  1708 bytes for ./camera_switch_default.png
2025-03-11 12:55:04 +0000  copying file ./cancel_edit_default@2x.png ... 
2025-03-11 12:55:04 +0000  1762 bytes for ./cancel_edit_default@2x.png
2025-03-11 12:55:04 +0000  copying file ./list_details_over.png ... 
2025-03-11 12:55:04 +0000  1061 bytes for ./list_details_over.png
2025-03-11 12:55:04 +0000  copying file ./color_D.png ... 
2025-03-11 12:55:04 +0000  164 bytes for ./color_D.png
2025-03-11 12:55:04 +0000  copying file ./numpad_6_over@2x.png ... 
2025-03-11 12:55:04 +0000  1975 bytes for ./numpad_6_over@2x.png
2025-03-11 12:55:04 +0000  copying file ./voip_call_chat.png ... 
2025-03-11 12:55:04 +0000  3579 bytes for ./voip_call_chat.png
2025-03-11 12:55:04 +0000  copying file ./pause_small_default.png ... 
2025-03-11 12:55:04 +0000  930 bytes for ./pause_small_default.png
2025-03-11 12:55:04 +0000  copying file ./splashscreen.png ... 
2025-03-11 12:55:04 +0000  18436 bytes for ./splashscreen.png
2025-03-11 12:55:04 +0000  copying file ./call_hangup_disabled@2x.png ... 
2025-03-11 12:55:04 +0000  1234 bytes for ./call_hangup_disabled@2x.png
2025-03-11 12:55:04 +0000  copying file ./chevron_list_open.png ... 
2025-03-11 12:55:04 +0000  407 bytes for ./chevron_list_open.png
2025-03-11 12:55:04 +0000  copying file ./chat_unsecure.png ... 
2025-03-11 12:55:04 +0000  273 bytes for ./chat_unsecure.png
2025-03-11 12:55:04 +0000  copying file ./numpad_0~ipad@2x.png ... 
2025-03-11 12:55:04 +0000  1123 bytes for ./numpad_0~ipad@2x.png
2025-03-11 12:55:04 +0000  copying file ./menu_assistant@2x.png ... 
2025-03-11 12:55:04 +0000  3103 bytes for ./menu_assistant@2x.png
2025-03-11 12:55:04 +0000  copying file ./side_menu_voip_meeting_schedule@2x.png ... 
2025-03-11 12:55:04 +0000  2338 bytes for ./side_menu_voip_meeting_schedule@2x.png
2025-03-11 12:55:04 +0000  copying file ./numpad_0_default.png ... 
2025-03-11 12:55:04 +0000  1118 bytes for ./numpad_0_default.png
2025-03-11 12:55:04 +0000  copying file ./numpad_hash_over~ipad.png ... 
2025-03-11 12:55:04 +0000  426 bytes for ./numpad_hash_over~ipad.png
2025-03-11 12:55:04 +0000  copying file ./ar.lproj/HistoryListView.strings ... 
2025-03-11 12:55:04 +0000  1822 bytes for ./ar.lproj/HistoryListView.strings
2025-03-11 12:55:04 +0000  copying file ./ar.lproj/AssistantViewScreens.strings ... 
2025-03-11 12:55:04 +0000  34156 bytes for ./ar.lproj/AssistantViewScreens.strings
2025-03-11 12:55:04 +0000  copying file ./ar.lproj/TabBarView.strings ... 
2025-03-11 12:55:04 +0000  3742 bytes for ./ar.lproj/TabBarView.strings
2025-03-11 12:55:04 +0000  copying file ./ar.lproj/AssistantView.strings ... 
2025-03-11 12:55:04 +0000  722 bytes for ./ar.lproj/AssistantView.strings
2025-03-11 12:55:04 +0000  copying file ./ar.lproj/ChatsListView.strings ... 
2025-03-11 12:55:04 +0000  1854 bytes for ./ar.lproj/ChatsListView.strings
2025-03-11 12:55:04 +0000  copying file ./ar.lproj/ImageView.strings ... 
2025-03-11 12:55:04 +0000  284 bytes for ./ar.lproj/ImageView.strings
2025-03-11 12:55:04 +0000  copying file ./ar.lproj/ChatConversationView.strings ... 
2025-03-11 12:55:04 +0000  7438 bytes for ./ar.lproj/ChatConversationView.strings
2025-03-11 12:55:04 +0000  copying file ./ar.lproj/ContactDetailsView.strings ... 
2025-03-11 12:55:04 +0000  2874 bytes for ./ar.lproj/ContactDetailsView.strings
2025-03-11 12:55:04 +0000  copying file ./ar.lproj/StatusBarView.strings ... 
2025-03-11 12:55:04 +0000  1046 bytes for ./ar.lproj/StatusBarView.strings
2025-03-11 12:55:04 +0000  copying file ./ar.lproj/Localizable.strings ... 
2025-03-11 12:55:04 +0000  28550 bytes for ./ar.lproj/Localizable.strings
2025-03-11 12:55:04 +0000  copying file ./ar.lproj/UIHistoryCell.strings ... 
2025-03-11 12:55:04 +0000  462 bytes for ./ar.lproj/UIHistoryCell.strings
2025-03-11 12:55:04 +0000  copying file ./ar.lproj/UICompositeView.strings ... 
2025-03-11 12:55:04 +0000  0 bytes for ./ar.lproj/UICompositeView.strings
2025-03-11 12:55:04 +0000  copying file ./ar.lproj/AboutView.strings ... 
2025-03-11 12:55:04 +0000  3886 bytes for ./ar.lproj/AboutView.strings
2025-03-11 12:55:04 +0000  copying file ./ar.lproj/ContactsListView.strings ... 
2025-03-11 12:55:04 +0000  2196 bytes for ./ar.lproj/ContactsListView.strings
2025-03-11 12:55:04 +0000  copying file ./ar.lproj/SettingsView.strings ... 
2025-03-11 12:55:04 +0000  744 bytes for ./ar.lproj/SettingsView.strings
2025-03-11 12:55:04 +0000  copying file ./ar.lproj/DialerView.strings ... 
2025-03-11 12:55:04 +0000  3682 bytes for ./ar.lproj/DialerView.strings
2025-03-11 12:55:04 +0000  copying file ./ar.lproj/UIChatCell.strings ... 
2025-03-11 12:55:04 +0000  1534 bytes for ./ar.lproj/UIChatCell.strings
2025-03-11 12:55:04 +0000  copying file ./ar.lproj/UIContactCell.strings ... 
2025-03-11 12:55:04 +0000  390 bytes for ./ar.lproj/UIContactCell.strings
2025-03-11 12:55:04 +0000  copying file ./ar.lproj/HistoryDetailsView.strings ... 
2025-03-11 12:55:04 +0000  5174 bytes for ./ar.lproj/HistoryDetailsView.strings
2025-03-11 12:55:04 +0000  copying file ./voip_calls_list.png ... 
2025-03-11 12:55:04 +0000  7202 bytes for ./voip_calls_list.png
2025-03-11 12:55:04 +0000  copying file ./add_field_default.png ... 
2025-03-11 12:55:04 +0000  746 bytes for ./add_field_default.png
2025-03-11 12:55:04 +0000  copying file ./routes_disabled@2x.png ... 
2025-03-11 12:55:04 +0000  1174 bytes for ./routes_disabled@2x.png
2025-03-11 12:55:04 +0000  copying file ./numpad_4_over~ipad.png ... 
2025-03-11 12:55:04 +0000  426 bytes for ./numpad_4_over~ipad.png
2025-03-11 12:55:04 +0000  copying file ./ja.lproj/Localizable.strings ... 
2025-03-11 12:55:04 +0000  26359 bytes for ./ja.lproj/Localizable.strings
2025-03-11 12:55:04 +0000  copying file ./footer_history_disabled@2x.png ... 
2025-03-11 12:55:04 +0000  942 bytes for ./footer_history_disabled@2x.png
2025-03-11 12:55:04 +0000  copying file ./chat_add_disabled@2x.png ... 
2025-03-11 12:55:04 +0000  1461 bytes for ./chat_add_disabled@2x.png
2025-03-11 12:55:04 +0000  copying file ./routes_disabled.png ... 
2025-03-11 12:55:04 +0000  661 bytes for ./routes_disabled.png
2025-03-11 12:55:04 +0000  copying file ./color_E.png ... 
2025-03-11 12:55:04 +0000  164 bytes for ./color_E.png
2025-03-11 12:55:04 +0000  copying file ./presence_unregistered.png ... 
2025-03-11 12:55:04 +0000  308 bytes for ./presence_unregistered.png
2025-03-11 12:55:04 +0000  copying file ./contacts_sip_default.png ... 
2025-03-11 12:55:04 +0000  1547 bytes for ./contacts_sip_default.png
2025-03-11 12:55:04 +0000  copying file ./numpad_star_default@2x.png ... 
2025-03-11 12:55:04 +0000  1086 bytes for ./numpad_star_default@2x.png
2025-03-11 12:55:04 +0000  copying file ./chat_send_disabled.png ... 
2025-03-11 12:55:04 +0000  898 bytes for ./chat_send_disabled.png
2025-03-11 12:55:04 +0000  copying file ./chat_start_body_disabled.png ... 
2025-03-11 12:55:04 +0000  1629 bytes for ./chat_start_body_disabled.png
2025-03-11 12:55:04 +0000  copying file ./menu_reply_default.png ... 
2025-03-11 12:55:04 +0000  3116 bytes for ./menu_reply_default.png
2025-03-11 12:55:04 +0000  copying file ./Firebase_FirebaseCore.bundle/PrivacyInfo.xcprivacy ... 
2025-03-11 12:55:04 +0000  855 bytes for ./Firebase_FirebaseCore.bundle/PrivacyInfo.xcprivacy
2025-03-11 12:55:04 +0000  copying file ./Firebase_FirebaseCore.bundle/Info.plist ... 
2025-03-11 12:55:04 +0000  697 bytes for ./Firebase_FirebaseCore.bundle/Info.plist
2025-03-11 12:55:04 +0000  copying file ./backspace_disabled@2x.png ... 
2025-03-11 12:55:04 +0000  841 bytes for ./backspace_disabled@2x.png
2025-03-11 12:55:04 +0000  copying file ./chat_message_not_delivered.png ... 
2025-03-11 12:55:04 +0000  277 bytes for ./chat_message_not_delivered.png
2025-03-11 12:55:04 +0000  copying file ./call_alt_start_disabled@2x.png ... 
2025-03-11 12:55:04 +0000  1370 bytes for ./call_alt_start_disabled@2x.png
2025-03-11 12:55:04 +0000  copying file ./route_earpiece_selected@2x.png ... 
2025-03-11 12:55:04 +0000  1590 bytes for ./route_earpiece_selected@2x.png
2025-03-11 12:55:04 +0000  copying file ./linphone_logo.png ... 
2025-03-11 12:55:04 +0000  929 bytes for ./linphone_logo.png
2025-03-11 12:55:04 +0000  copying file ./splash-substract.png ... 
2025-03-11 12:55:04 +0000  11020 bytes for ./splash-substract.png
2025-03-11 12:55:04 +0000  copying file ./call_status_incoming.png ... 
2025-03-11 12:55:04 +0000  1212 bytes for ./call_status_incoming.png
2025-03-11 12:55:04 +0000  copying file ./footer_chat_default@2x.png ... 
2025-03-11 12:55:04 +0000  2155 bytes for ./footer_chat_default@2x.png
2025-03-11 12:55:04 +0000  copying file ./Firebase_FirebaseCrashlytics.bundle/PrivacyInfo.xcprivacy ... 
2025-03-11 12:55:04 +0000  1383 bytes for ./Firebase_FirebaseCrashlytics.bundle/PrivacyInfo.xcprivacy
2025-03-11 12:55:04 +0000  copying file ./Firebase_FirebaseCrashlytics.bundle/Info.plist ... 
2025-03-11 12:55:04 +0000  711 bytes for ./Firebase_FirebaseCrashlytics.bundle/Info.plist
2025-03-11 12:55:04 +0000  copying file ./security_1_indicator.png ... 
2025-03-11 12:55:04 +0000  1836 bytes for ./security_1_indicator.png
2025-03-11 12:55:04 +0000  copying file ./history_all_default.png ... 
2025-03-11 12:55:04 +0000  1584 bytes for ./history_all_default.png
2025-03-11 12:55:04 +0000  copying file ./call_back_disabled@2x.png ... 
2025-03-11 12:55:04 +0000  1603 bytes for ./call_back_disabled@2x.png
2025-03-11 12:55:04 +0000  copying file ./color_G.png ... 
2025-03-11 12:55:04 +0000  164 bytes for ./color_G.png
2025-03-11 12:55:04 +0000  copying file ./edit_disabled.png ... 
2025-03-11 12:55:04 +0000  564 bytes for ./edit_disabled.png
2025-03-11 12:55:04 +0000  copying file ./route_speaker_default.png ... 
2025-03-11 12:55:04 +0000  681 bytes for ./route_speaker_default.png
2025-03-11 12:55:04 +0000  copying file ./call_alt_start_default@2x.png ... 
2025-03-11 12:55:04 +0000  2400 bytes for ./call_alt_start_default@2x.png
2025-03-11 12:55:04 +0000  copying file ./numpad_9_over~ipad@2x.png ... 
2025-03-11 12:55:04 +0000  968 bytes for ./numpad_9_over~ipad@2x.png
2025-03-11 12:55:04 +0000  copying file ./menu_forward_default.png ... 
2025-03-11 12:55:04 +0000  3117 bytes for ./menu_forward_default.png
2025-03-11 12:55:04 +0000  copying file ./security_ko@2x.png ... 
2025-03-11 12:55:04 +0000  926 bytes for ./security_ko@2x.png
2025-03-11 12:55:04 +0000  copying file ./en.lproj/RecordingsListView.strings ... 
2025-03-11 12:55:04 +0000  773 bytes for ./en.lproj/RecordingsListView.strings
2025-03-11 12:55:04 +0000  copying file ./en.lproj/UIChatReplyBubbleView.strings ... 
2025-03-11 12:55:04 +0000  342 bytes for ./en.lproj/UIChatReplyBubbleView.strings
2025-03-11 12:55:04 +0000  copying file ./en.lproj/Localizable.strings ... 
2025-03-11 12:55:04 +0000  15044 bytes for ./en.lproj/Localizable.strings
2025-03-11 12:55:04 +0000  copying file ./delete_disabled.png ... 
2025-03-11 12:55:04 +0000  503 bytes for ./delete_disabled.png
2025-03-11 12:55:04 +0000  copying file ./camera_switch_disabled@2x.png ... 
2025-03-11 12:55:04 +0000  3217 bytes for ./camera_switch_disabled@2x.png
2025-03-11 12:55:04 +0000  copying file ./footer_chat_default.png ... 
2025-03-11 12:55:04 +0000  1103 bytes for ./footer_chat_default.png
2025-03-11 12:55:04 +0000  copying file ./list_details_default.png ... 
2025-03-11 12:55:04 +0000  953 bytes for ./list_details_default.png
2025-03-11 12:55:04 +0000  copying file ./nowebcamCIF.jpg ... 
2025-03-11 12:55:04 +0000  14247 bytes for ./nowebcamCIF.jpg
2025-03-11 12:55:04 +0000  copying file ./security_toogle_background_grey.png ... 
2025-03-11 12:55:04 +0000  1020 bytes for ./security_toogle_background_grey.png
2025-03-11 12:55:04 +0000  copying file ./gRPC_grpcppWrapper.bundle/PrivacyInfo.xcprivacy ... 
2025-03-11 12:55:04 +0000  817 bytes for ./gRPC_grpcppWrapper.bundle/PrivacyInfo.xcprivacy
2025-03-11 12:55:04 +0000  copying file ./gRPC_grpcppWrapper.bundle/Info.plist ... 
2025-03-11 12:55:04 +0000  690 bytes for ./gRPC_grpcppWrapper.bundle/Info.plist
2025-03-11 12:55:04 +0000  copying file ./numpad_9_default.png ... 
2025-03-11 12:55:04 +0000  1040 bytes for ./numpad_9_default.png
2025-03-11 12:55:04 +0000  copying file ./call_hangup_default.png ... 
2025-03-11 12:55:04 +0000  1311 bytes for ./call_hangup_default.png
2025-03-11 12:55:04 +0000  copying file ./callkit_logo@2x.png ... 
2025-03-11 12:55:04 +0000  2684 bytes for ./callkit_logo@2x.png
2025-03-11 12:55:04 +0000  copying file ./voip_checkbox_checked.png ... 
2025-03-11 12:55:04 +0000  396 bytes for ./voip_checkbox_checked.png
2025-03-11 12:55:04 +0000  copying file ./GTMSessionFetcher_GTMSessionFetcherCore.bundle/PrivacyInfo.xcprivacy ... 
2025-03-11 12:55:04 +0000  598 bytes for ./GTMSessionFetcher_GTMSessionFetcherCore.bundle/PrivacyInfo.xcprivacy
2025-03-11 12:55:04 +0000  copying file ./GTMSessionFetcher_GTMSessionFetcherCore.bundle/Info.plist ... 
2025-03-11 12:55:04 +0000  727 bytes for ./GTMSessionFetcher_GTMSessionFetcherCore.bundle/Info.plist
2025-03-11 12:55:04 +0000  copying file ./color_F.png ... 
2025-03-11 12:55:04 +0000  164 bytes for ./color_F.png
2025-03-11 12:55:04 +0000  copying file ./routes_selected@2x.png ... 
2025-03-11 12:55:04 +0000  1886 bytes for ./routes_selected@2x.png
2025-03-11 12:55:04 +0000  copying file ./numpad_9~ipad@2x.png ... 
2025-03-11 12:55:04 +0000  1050 bytes for ./numpad_9~ipad@2x.png
2025-03-11 12:55:04 +0000  copying file ./call_transfer_disabled.png ... 
2025-03-11 12:55:04 +0000  920 bytes for ./call_transfer_disabled.png
2025-03-11 12:55:04 +0000  copying file ./conference_schedule_participants_default.png ... 
2025-03-11 12:55:04 +0000  507 bytes for ./conference_schedule_participants_default.png
2025-03-11 12:55:04 +0000  copying file ./uk.lproj/Localizable.strings ... 
2025-03-11 12:55:04 +0000  38237 bytes for ./uk.lproj/Localizable.strings
2025-03-11 12:55:04 +0000  copying file ./options_add_call_disabled.png ... 
2025-03-11 12:55:04 +0000  773 bytes for ./options_add_call_disabled.png
2025-03-11 12:55:04 +0000  copying file ./chat_list_indicator@2x.png ... 
2025-03-11 12:55:04 +0000  519 bytes for ./chat_list_indicator@2x.png
2025-03-11 12:55:04 +0000  copying file ./options_start_conference_default.png ... 
2025-03-11 12:55:04 +0000  1584 bytes for ./options_start_conference_default.png
2025-03-11 12:55:04 +0000  copying file ./leveldb_leveldb.bundle/PrivacyInfo.xcprivacy ... 
2025-03-11 12:55:04 +0000  856 bytes for ./leveldb_leveldb.bundle/PrivacyInfo.xcprivacy
2025-03-11 12:55:04 +0000  copying file ./leveldb_leveldb.bundle/Info.plist ... 
2025-03-11 12:55:04 +0000  677 bytes for ./leveldb_leveldb.bundle/Info.plist
2025-03-11 12:55:04 +0000  copying file ./call_start_body_default~ipad.png ... 
2025-03-11 12:55:04 +0000  1239 bytes for ./call_start_body_default~ipad.png
2025-03-11 12:55:04 +0000  copying file ./numpad_0_over.png ... 
2025-03-11 12:55:04 +0000  1059 bytes for ./numpad_0_over.png
2025-03-11 12:55:04 +0000  copying file ./numpad_1_over.png ... 
2025-03-11 12:55:04 +0000  973 bytes for ./numpad_1_over.png
2025-03-11 12:55:04 +0000  copying file ./deselect_all@2x.png ... 
2025-03-11 12:55:04 +0000  627 bytes for ./deselect_all@2x.png
2025-03-11 12:55:04 +0000  copying file ./led_error@2x.png ... 
2025-03-11 12:55:04 +0000  783 bytes for ./led_error@2x.png
2025-03-11 12:55:04 +0000  copying file ./iTunesArtwork ... 
2025-03-11 12:55:04 +0000  25389 bytes for ./iTunesArtwork
2025-03-11 12:55:04 +0000  copying file ./security_2_indicator.png ... 
2025-03-11 12:55:04 +0000  1853 bytes for ./security_2_indicator.png
2025-03-11 12:55:04 +0000  copying file ./call_status_missed.png ... 
2025-03-11 12:55:04 +0000  1186 bytes for ./call_status_missed.png
2025-03-11 12:55:04 +0000  copying file ./lime_ko.png ... 
2025-03-11 12:55:04 +0000  450 bytes for ./lime_ko.png
2025-03-11 12:55:04 +0000  copying file ./check_unselected.png ... 
2025-03-11 12:55:04 +0000  820 bytes for ./check_unselected.png
2025-03-11 12:55:04 +0000  copying file ./call_transfer_default@2x.png ... 
2025-03-11 12:55:04 +0000  4048 bytes for ./call_transfer_default@2x.png
2025-03-11 12:55:04 +0000  copying file ./back_disabled.png ... 
2025-03-11 12:55:04 +0000  370 bytes for ./back_disabled.png
2025-03-11 12:55:04 +0000  copying file ./call_audio_start_default@2x.png ... 
2025-03-11 12:55:04 +0000  3442 bytes for ./call_audio_start_default@2x.png
2025-03-11 12:55:04 +0000  copying file ./file_default.png ... 
2025-03-11 12:55:04 +0000  1363 bytes for ./file_default.png
2025-03-11 12:55:04 +0000  copying file ./dialer_back_disabled.png ... 
2025-03-11 12:55:04 +0000  908 bytes for ./dialer_back_disabled.png
2025-03-11 12:55:04 +0000  copying file ./edit_default.png ... 
2025-03-11 12:55:04 +0000  943 bytes for ./edit_default.png
2025-03-11 12:55:04 +0000  copying file ./ephemeral_messages_default.png ... 
2025-03-11 12:55:04 +0000  7688 bytes for ./ephemeral_messages_default.png
2025-03-11 12:55:04 +0000  copying file ./security_toogle_icon_green.png ... 
2025-03-11 12:55:04 +0000  562 bytes for ./security_toogle_icon_green.png
2025-03-11 12:55:04 +0000  copying file ./pause_big_default.png ... 
2025-03-11 12:55:04 +0000  1246 bytes for ./pause_big_default.png
2025-03-11 12:55:04 +0000  copying file ./voip_hangup.png ... 
2025-03-11 12:55:04 +0000  3237 bytes for ./voip_hangup.png
2025-03-11 12:55:04 +0000  copying file ./emoji.png ... 
2025-03-11 12:55:04 +0000  826 bytes for ./emoji.png
2025-03-11 12:55:04 +0000  copying file ./history_all_selected@2x.png ... 
2025-03-11 12:55:04 +0000  3168 bytes for ./history_all_selected@2x.png
2025-03-11 12:55:04 +0000  copying file ./zh_CN.lproj/Localizable.strings ... 
2025-03-11 12:55:04 +0000  21199 bytes for ./zh_CN.lproj/Localizable.strings
2025-03-11 12:55:04 +0000  copying file ./numpad_hash_over@2x.png ... 
2025-03-11 12:55:04 +0000  640 bytes for ./numpad_hash_over@2x.png
2025-03-11 12:55:04 +0000  copying file ./menu_assistant.png ... 
2025-03-11 12:55:04 +0000  1569 bytes for ./menu_assistant.png
2025-03-11 12:55:04 +0000  copying file ./DevicesListView.nib ... 
2025-03-11 12:55:04 +0000  5247 bytes for ./DevicesListView.nib
2025-03-11 12:55:04 +0000  copying file ./menu_options.png ... 
2025-03-11 12:55:04 +0000  819 bytes for ./menu_options.png
2025-03-11 12:55:04 +0000  copying file ./menu_copy_text_default.png ... 
2025-03-11 12:55:04 +0000  1072 bytes for ./menu_copy_text_default.png
2025-03-11 12:55:04 +0000  copying file ./footer_chat_disabled@2x.png ... 
2025-03-11 12:55:04 +0000  970 bytes for ./footer_chat_disabled@2x.png
2025-03-11 12:55:04 +0000  copying file ./assistant_linphone_create.rc ... 
2025-03-11 12:55:04 +0000  2766 bytes for ./assistant_linphone_create.rc
2025-03-11 12:55:04 +0000  copying file ./call_video_start_default@2x.png ... 
2025-03-11 12:55:04 +0000  2906 bytes for ./call_video_start_default@2x.png
2025-03-11 12:55:04 +0000  copying file ./chat_attachment_default@2x.png ... 
2025-03-11 12:55:04 +0000  2818 bytes for ./chat_attachment_default@2x.png
2025-03-11 12:55:04 +0000  copying file ./history_missed_disabled@2x.png ... 
2025-03-11 12:55:04 +0000  1430 bytes for ./history_missed_disabled@2x.png
2025-03-11 12:55:04 +0000  copying file ./contacts_all_selected.png ... 
2025-03-11 12:55:04 +0000  1212 bytes for ./contacts_all_selected.png
copying file ./add_field_default@2x.png ... 
2025-03-11 12:55:04 +0000  1372 bytes for ./add_field_default@2x.png
copying file ./color_C.png ... 
2025-03-11 12:55:04 +0000  260 bytes for ./color_C.png
2025-03-11 12:55:04 +0000  copying file ./post_quantum_secure@3x.png ... 
2025-03-11 12:55:04 +0000  9649 bytes for ./post_quantum_secure@3x.png
2025-03-11 12:55:04 +0000  copying file ./chat_list_indicator~ipad.png ... 
2025-03-11 12:55:04 +0000  314 bytes for ./chat_list_indicator~ipad.png
2025-03-11 12:55:04 +0000  copying file ./next_default.png ... 
2025-03-11 12:55:04 +0000  514 bytes for ./next_default.png
2025-03-11 12:55:04 +0000  copying file ./nanopb_nanopb.bundle/PrivacyInfo.xcprivacy ... 
2025-03-11 12:55:04 +0000  374 bytes for ./nanopb_nanopb.bundle/PrivacyInfo.xcprivacy
copying file ./nanopb_nanopb.bundle/Info.plist ... 
2025-03-11 12:55:04 +0000  671 bytes for ./nanopb_nanopb.bundle/Info.plist
2025-03-11 12:55:04 +0000  copying file ./check_unselected@2x.png ... 
2025-03-11 12:55:04 +0000  3925 bytes for ./check_unselected@2x.png
copying file ./options_selected@2x.png ... 
2025-03-11 12:55:04 +0000  2171 bytes for ./options_selected@2x.png
copying file ./history_missed_selected.png ... 
2025-03-11 12:55:04 +0000  1292 bytes for ./history_missed_selected.png
2025-03-11 12:55:04 +0000  copying file ./voip_call_forward.png ... 
2025-03-11 12:55:04 +0000  7195 bytes for ./voip_call_forward.png
2025-03-11 12:55:04 +0000  copying file ./contact_add_disabled.png ... 
2025-03-11 12:55:04 +0000  755 bytes for ./contact_add_disabled.png
copying file ./voip_mandatory.png ... 
2025-03-11 12:55:04 +0000  961 bytes for ./voip_mandatory.png
2025-03-11 12:55:04 +0000  copying file ./es.lproj/Localizable.strings ... 
2025-03-11 12:55:04 +0000  36945 bytes for ./es.lproj/Localizable.strings
2025-03-11 12:55:04 +0000  copying file ./route_bluetooth_disabled.png ... 
2025-03-11 12:55:04 +0000  468 bytes for ./route_bluetooth_disabled.png
copying file ./call_add_default@2x.png ... 
2025-03-11 12:55:04 +0000  3914 bytes for ./call_add_default@2x.png
copying file ./numpad_3_over~ipad.png ... 
2025-03-11 12:55:04 +0000  492 bytes for ./numpad_3_over~ipad.png
copying file ./chat_start_body_disabled~ipad.png ... 
2025-03-11 12:55:04 +0000  1075 bytes for ./chat_start_body_disabled~ipad.png
copying file ./footer_history_default@2x.png ... 
2025-03-11 12:55:04 +0000  1884 bytes for ./footer_history_default@2x.png
copying file ./numpad_3_over@2x.png ... 
2025-03-11 12:55:04 +0000  1675 bytes for ./numpad_3_over@2x.png
copying file ./history_all_disabled@2x.png ... 
2025-03-11 12:55:04 +0000  1806 bytes for ./history_all_disabled@2x.png
copying file ./options_default@2x.png ... 
2025-03-11 12:55:04 +0000  1579 bytes for ./options_default@2x.png
copying file ./checkbox_checked@2x.png ... 
2025-03-11 12:55:04 +0000  651 bytes for ./checkbox_checked@2x.png
2025-03-11 12:55:04 +0000  copying file ./history_all_selected.png ... 
2025-03-11 12:55:04 +0000  1540 bytes for ./history_all_selected.png
copying file ./color_A.png ... 
2025-03-11 12:55:04 +0000  728 bytes for ./color_A.png
2025-03-11 12:55:04 +0000  copying file ./avatar~ipad@2x.png ... 
2025-03-11 12:55:04 +0000  26613 bytes for ./avatar~ipad@2x.png
copying file ./call_alt_back_default@2x.png ... 
2025-03-11 12:55:04 +0000  3769 bytes for ./call_alt_back_default@2x.png
copying file ./chevron_list_close@2x.png ... 
2025-03-11 12:55:04 +0000  600 bytes for ./chevron_list_close@2x.png
copying file ./chat_group_add.png ... 
2025-03-11 12:55:04 +0000  1499 bytes for ./chat_group_add.png
copying file ./voip_camera_on.png ... 
2025-03-11 12:55:04 +0000  1797 bytes for ./voip_camera_on.png
copying file ./menu_info.png ... 
2025-03-11 12:55:04 +0000  2352 bytes for ./menu_info.png
copying file ./conference_exit_over@2x.png ... 
2025-03-11 12:55:04 +0000  2053 bytes for ./conference_exit_over@2x.png
copying file ./led_connected.png ... 
2025-03-11 12:55:04 +0000  453 bytes for ./led_connected.png
copying file ./numpad_7_over~ipad.png ... 
2025-03-11 12:55:04 +0000  390 bytes for ./numpad_7_over~ipad.png
copying file ./numpad_0~ipad.png ... 
2025-03-11 12:55:04 +0000  668 bytes for ./numpad_0~ipad.png
copying file ./numpad_1~ipad.png ... 
2025-03-11 12:55:04 +0000  593 bytes for ./numpad_1~ipad.png
copying file ./voip_call_more.png ... 
2025-03-11 12:55:04 +0000  2758 bytes for ./voip_call_more.png
2025-03-11 12:55:04 +0000  copying file ./route_earpiece_selected.png ... 
2025-03-11 12:55:04 +0000  877 bytes for ./route_earpiece_selected.png
2025-03-11 12:55:04 +0000  copying file ./delete_field_default.png ... 
2025-03-11 12:55:04 +0000  672 bytes for ./delete_field_default.png
2025-03-11 12:55:04 +0000  copying file ./pt_BR.lproj/Localizable.strings ... 
2025-03-11 12:55:04 +0000  31525 bytes for ./pt_BR.lproj/Localizable.strings
2025-03-11 12:55:04 +0000  copying file ./numpad_6_over~ipad@2x.png ... 
2025-03-11 12:55:04 +0000  986 bytes for ./numpad_6_over~ipad@2x.png
copying file ./history_missed_selected@2x.png ... 
2025-03-11 12:55:04 +0000  2406 bytes for ./history_missed_selected@2x.png
copying file ./speaker_selected.png ... 
2025-03-11 12:55:04 +0000  652 bytes for ./speaker_selected.png
copying file ./voip_chat_rooms_list.png ... 
2025-03-11 12:55:04 +0000  3925 bytes for ./voip_chat_rooms_list.png
copying file ./vr_play.png ... 
2025-03-11 12:55:04 +0000  4925 bytes for ./vr_play.png
copying file ./call_alt_start_disabled.png ... 
2025-03-11 12:55:04 +0000  734 bytes for ./call_alt_start_disabled.png
copying file ./call_alt_back_default.png ... 
2025-03-11 12:55:04 +0000  1882 bytes for ./call_alt_back_default.png
copying file ./checkbox_unchecked.png ... 
2025-03-11 12:55:04 +0000  191 bytes for ./checkbox_unchecked.png
copying file ./call_quality_indicator_4@2x.png ... 
2025-03-11 12:55:04 +0000  882 bytes for ./call_quality_indicator_4@2x.png
2025-03-11 12:55:04 +0000  copying file ./voip_camera_off.png ... 
2025-03-11 12:55:04 +0000  2775 bytes for ./voip_camera_off.png
2025-03-11 12:55:04 +0000  copying file ./chat_message_not_delivered@2x.png ... 
2025-03-11 12:55:04 +0000  464 bytes for ./chat_message_not_delivered@2x.png
copying file ./numpad_5_default.png ... 
2025-03-11 12:55:04 +0000  832 bytes for ./numpad_5_default.png
copying file ./chat_add_group@2x.png ... 
2025-03-11 12:55:04 +0000  3234 bytes for ./chat_add_group@2x.png
copying file ./options_disabled@2x.png ... 
2025-03-11 12:55:04 +0000  982 bytes for ./options_disabled@2x.png
copying file ./Roboto-Regular.ttf ... 
2025-03-11 12:55:04 +0000  305972 bytes for ./Roboto-Regular.ttf
2025-03-11 12:55:04 +0000  copying file ./footer_dialer_default.png ... 
2025-03-11 12:55:04 +0000  1968 bytes for ./footer_dialer_default.png
2025-03-11 12:55:04 +0000  copying file ./linphone_logo@2x.png ... 
2025-03-11 12:55:04 +0000  1655 bytes for ./linphone_logo@2x.png
copying file ./numpad_5~ipad@2x.png ... 
2025-03-11 12:55:04 +0000  824 bytes for ./numpad_5~ipad@2x.png
2025-03-11 12:55:04 +0000  copying file ./backspace_over@2x.png ... 
2025-03-11 12:55:04 +0000  1058 bytes for ./backspace_over@2x.png
2025-03-11 12:55:04 +0000  copying file ./history_chat_indicator@2x.png ... 
2025-03-11 12:55:04 +0000  588 bytes for ./history_chat_indicator@2x.png
2025-03-11 12:55:04 +0000  copying file ./call_back_disabled.png ... 
2025-03-11 12:55:04 +0000  816 bytes for ./call_back_disabled.png
copying file ./waiting_time@2x.png ... 
2025-03-11 12:55:04 +0000  3994 bytes for ./waiting_time@2x.png
copying file ./options_transfer_call_default@2x.png ... 
2025-03-11 12:55:04 +0000  2589 bytes for ./options_transfer_call_default@2x.png
copying file ./footer_history_default.png ... 
2025-03-11 12:55:04 +0000  879 bytes for ./footer_history_default.png
copying file ./voip_speaker_on.png ... 
2025-03-11 12:55:04 +0000  2599 bytes for ./voip_speaker_on.png
copying file ./edit_list_disabled.png ... 
2025-03-11 12:55:04 +0000  578 bytes for ./edit_list_disabled.png
copying file ./voip_conference_play_big.png ... 
2025-03-11 12:55:04 +0000  7117 bytes for ./voip_conference_play_big.png
2025-03-11 12:55:04 +0000  copying file ./contacts_sip_default@2x.png ... 
2025-03-11 12:55:04 +0000  3752 bytes for ./contacts_sip_default@2x.png
2025-03-11 12:55:04 +0000  copying file ./numpad_6~ipad@2x.png ... 
2025-03-11 12:55:04 +0000  1017 bytes for ./numpad_6~ipad@2x.png
2025-03-11 12:55:04 +0000  copying file ./PlugIns/msgNotificationContent.appex/de.lproj/Localizable.strings ... 
2025-03-11 12:55:04 +0000  34846 bytes for ./PlugIns/msgNotificationContent.appex/de.lproj/Localizable.strings
2025-03-11 12:55:04 +0000  copying file ./PlugIns/msgNotificationContent.appex/_CodeSignature/CodeResources ... 
2025-03-11 12:55:04 +0000  10580 bytes for ./PlugIns/msgNotificationContent.appex/_CodeSignature/CodeResources
2025-03-11 12:55:04 +0000  copying file ./PlugIns/msgNotificationContent.appex/ar.lproj/Localizable.strings ... 
2025-03-11 12:55:04 +0000  28550 bytes for ./PlugIns/msgNotificationContent.appex/ar.lproj/Localizable.strings
2025-03-11 12:55:04 +0000  copying file ./PlugIns/msgNotificationContent.appex/ja.lproj/Localizable.strings ... 
2025-03-11 12:55:04 +0000  26359 bytes for ./PlugIns/msgNotificationContent.appex/ja.lproj/Localizable.strings
2025-03-11 12:55:04 +0000  copying file ./PlugIns/msgNotificationContent.appex/splash-substract.png ... 
2025-03-11 12:55:04 +0000  11020 bytes for ./PlugIns/msgNotificationContent.appex/splash-substract.png
2025-03-11 12:55:04 +0000  copying file ./PlugIns/msgNotificationContent.appex/en.lproj/Localizable.strings ... 
2025-03-11 12:55:04 +0000  15044 bytes for ./PlugIns/msgNotificationContent.appex/en.lproj/Localizable.strings
2025-03-11 12:55:04 +0000  copying file ./PlugIns/msgNotificationContent.appex/uk.lproj/Localizable.strings ... 
2025-03-11 12:55:04 +0000  38237 bytes for ./PlugIns/msgNotificationContent.appex/uk.lproj/Localizable.strings
2025-03-11 12:55:04 +0000  copying file ./PlugIns/msgNotificationContent.appex/zh_CN.lproj/Localizable.strings ... 
2025-03-11 12:55:04 +0000  21199 bytes for ./PlugIns/msgNotificationContent.appex/zh_CN.lproj/Localizable.strings
2025-03-11 12:55:04 +0000  copying file ./PlugIns/msgNotificationContent.appex/es.lproj/Localizable.strings ... 
2025-03-11 12:55:04 +0000  36945 bytes for ./PlugIns/msgNotificationContent.appex/es.lproj/Localizable.strings
2025-03-11 12:55:04 +0000  copying file ./PlugIns/msgNotificationContent.appex/pt_BR.lproj/Localizable.strings ... 
2025-03-11 12:55:04 +0000  31525 bytes for ./PlugIns/msgNotificationContent.appex/pt_BR.lproj/Localizable.strings
2025-03-11 12:55:04 +0000  copying file ./PlugIns/msgNotificationContent.appex/it.lproj/Localizable.strings ... 
2025-03-11 12:55:04 +0000  32501 bytes for ./PlugIns/msgNotificationContent.appex/it.lproj/Localizable.strings
2025-03-11 12:55:04 +0000  copying file ./PlugIns/msgNotificationContent.appex/sidebar-union.png ... 
2025-03-11 12:55:04 +0000  2670 bytes for ./PlugIns/msgNotificationContent.appex/sidebar-union.png
2025-03-11 12:55:04 +0000  copying file ./PlugIns/msgNotificationContent.appex/sv.lproj/Localizable.strings ... 
2025-03-11 12:55:04 +0000  34642 bytes for ./PlugIns/msgNotificationContent.appex/sv.lproj/Localizable.strings
2025-03-11 12:55:04 +0000  copying file ./PlugIns/msgNotificationContent.appex/cs.lproj/Localizable.strings ... 
2025-03-11 12:55:04 +0000  38068 bytes for ./PlugIns/msgNotificationContent.appex/cs.lproj/Localizable.strings
2025-03-11 12:55:04 +0000  copying file ./PlugIns/msgNotificationContent.appex/GoogleService-Info.plist ... 
2025-03-11 12:55:04 +0000  452 bytes for ./PlugIns/msgNotificationContent.appex/GoogleService-Info.plist
2025-03-11 12:55:04 +0000  copying file ./PlugIns/msgNotificationContent.appex/Base.lproj/MainInterface.storyboardc/UIViewController-M4Y-Lb-cyx.nib ... 
2025-03-11 12:55:04 +0000  906 bytes for ./PlugIns/msgNotificationContent.appex/Base.lproj/MainInterface.storyboardc/UIViewController-M4Y-Lb-cyx.nib
2025-03-11 12:55:04 +0000  copying file ./PlugIns/msgNotificationContent.appex/Base.lproj/MainInterface.storyboardc/Info.plist ... 
2025-03-11 12:55:04 +0000  258 bytes for ./PlugIns/msgNotificationContent.appex/Base.lproj/MainInterface.storyboardc/Info.plist
2025-03-11 12:55:04 +0000  copying file ./PlugIns/msgNotificationContent.appex/hu.lproj/Localizable.strings ... 
2025-03-11 12:55:04 +0000  37253 bytes for ./PlugIns/msgNotificationContent.appex/hu.lproj/Localizable.strings
2025-03-11 12:55:04 +0000  copying file ./PlugIns/msgNotificationContent.appex/msgNotificationContent ... 
2025-03-11 12:55:04 +0000  153888 bytes for ./PlugIns/msgNotificationContent.appex/msgNotificationContent
2025-03-11 12:55:04 +0000  copying file ./PlugIns/msgNotificationContent.appex/ka.lproj/Localizable.strings ... 
2025-03-11 12:55:04 +0000  16892 bytes for ./PlugIns/msgNotificationContent.appex/ka.lproj/Localizable.strings
2025-03-11 12:55:04 +0000  copying file ./PlugIns/msgNotificationContent.appex/tr.lproj/Localizable.strings ... 
2025-03-11 12:55:04 +0000  35673 bytes for ./PlugIns/msgNotificationContent.appex/tr.lproj/Localizable.strings
2025-03-11 12:55:04 +0000  copying file ./PlugIns/msgNotificationContent.appex/pl.lproj/Localizable.strings ... 
2025-03-11 12:55:04 +0000  28391 bytes for ./PlugIns/msgNotificationContent.appex/pl.lproj/Localizable.strings
2025-03-11 12:55:04 +0000  copying file ./PlugIns/msgNotificationContent.appex/zh_TW.lproj/Localizable.strings ... 
2025-03-11 12:55:04 +0000  21437 bytes for ./PlugIns/msgNotificationContent.appex/zh_TW.lproj/Localizable.strings
2025-03-11 12:55:04 +0000  copying file ./PlugIns/msgNotificationContent.appex/ru.lproj/Localizable.strings ... 
2025-03-11 12:55:04 +0000  45169 bytes for ./PlugIns/msgNotificationContent.appex/ru.lproj/Localizable.strings
2025-03-11 12:55:04 +0000  copying file ./PlugIns/msgNotificationContent.appex/mango_logo.png ... 
2025-03-11 12:55:04 +0000  46448 bytes for ./PlugIns/msgNotificationContent.appex/mango_logo.png
2025-03-11 12:55:04 +0000  copying file ./PlugIns/msgNotificationContent.appex/fr.lproj/Localizable.strings ... 
2025-03-11 12:55:04 +0000  52372 bytes for ./PlugIns/msgNotificationContent.appex/fr.lproj/Localizable.strings
2025-03-11 12:55:04 +0000  copying file ./PlugIns/msgNotificationContent.appex/nl.lproj/Localizable.strings ... 
2025-03-11 12:55:04 +0000  18681 bytes for ./PlugIns/msgNotificationContent.appex/nl.lproj/Localizable.strings
2025-03-11 12:55:04 +0000  copying file ./PlugIns/msgNotificationContent.appex/embedded.mobileprovision ... 
2025-03-11 12:55:04 +0000  13056 bytes for ./PlugIns/msgNotificationContent.appex/embedded.mobileprovision
2025-03-11 12:55:04 +0000  copying file ./PlugIns/msgNotificationContent.appex/Info.plist ... 
2025-03-11 12:55:04 +0000  1261 bytes for ./PlugIns/msgNotificationContent.appex/Info.plist
2025-03-11 12:55:04 +0000  copying file ./PlugIns/msgNotificationContent.appex/es_AR.lproj/Localizable.strings ... 
2025-03-11 12:55:04 +0000  37003 bytes for ./PlugIns/msgNotificationContent.appex/es_AR.lproj/Localizable.strings
2025-03-11 12:55:04 +0000  copying file ./PlugIns/linphoneExtension.appex/_CodeSignature/CodeResources ... 
2025-03-11 12:55:04 +0000  3622 bytes for ./PlugIns/linphoneExtension.appex/_CodeSignature/CodeResources
2025-03-11 12:55:04 +0000  copying file ./PlugIns/linphoneExtension.appex/splash-substract.png ... 
2025-03-11 12:55:04 +0000  11020 bytes for ./PlugIns/linphoneExtension.appex/splash-substract.png
2025-03-11 12:55:04 +0000  copying file ./PlugIns/linphoneExtension.appex/sidebar-union.png ... 
2025-03-11 12:55:04 +0000  2670 bytes for ./PlugIns/linphoneExtension.appex/sidebar-union.png
2025-03-11 12:55:04 +0000  copying file ./PlugIns/linphoneExtension.appex/Base.lproj/MainInterface.storyboardc/UIViewController-j1y-V4-xli.nib ... 
2025-03-11 12:55:04 +0000  949 bytes for ./PlugIns/linphoneExtension.appex/Base.lproj/MainInterface.storyboardc/UIViewController-j1y-V4-xli.nib
2025-03-11 12:55:04 +0000  copying file ./PlugIns/linphoneExtension.appex/Base.lproj/MainInterface.storyboardc/j1y-V4-xli-view-wbc-yd-nQP.nib ... 
2025-03-11 12:55:04 +0000  1192 bytes for ./PlugIns/linphoneExtension.appex/Base.lproj/MainInterface.storyboardc/j1y-V4-xli-view-wbc-yd-nQP.nib
2025-03-11 12:55:04 +0000  copying file ./PlugIns/linphoneExtension.appex/Base.lproj/MainInterface.storyboardc/Info.plist ... 
2025-03-11 12:55:04 +0000  258 bytes for ./PlugIns/linphoneExtension.appex/Base.lproj/MainInterface.storyboardc/Info.plist
2025-03-11 12:55:04 +0000  copying file ./PlugIns/linphoneExtension.appex/mango_logo.png ... 
2025-03-11 12:55:04 +0000  46448 bytes for ./PlugIns/linphoneExtension.appex/mango_logo.png
2025-03-11 12:55:04 +0000  copying file ./PlugIns/linphoneExtension.appex/linphoneExtension ... 
2025-03-11 12:55:04 +0000  88480 bytes for ./PlugIns/linphoneExtension.appex/linphoneExtension
2025-03-11 12:55:04 +0000  copying file ./PlugIns/linphoneExtension.appex/embedded.mobileprovision ... 
2025-03-11 12:55:04 +0000  13033 bytes for ./PlugIns/linphoneExtension.appex/embedded.mobileprovision
2025-03-11 12:55:04 +0000  copying file ./PlugIns/linphoneExtension.appex/Info.plist ... 
2025-03-11 12:55:04 +0000  1460 bytes for ./PlugIns/linphoneExtension.appex/Info.plist
2025-03-11 12:55:04 +0000  copying file ./PlugIns/msgNotificationService.appex/de.lproj/Localizable.strings ... 
2025-03-11 12:55:04 +0000  34846 bytes for ./PlugIns/msgNotificationService.appex/de.lproj/Localizable.strings
2025-03-11 12:55:04 +0000  copying file ./PlugIns/msgNotificationService.appex/_CodeSignature/CodeResources ... 
2025-03-11 12:55:04 +0000  9978 bytes for ./PlugIns/msgNotificationService.appex/_CodeSignature/CodeResources
2025-03-11 12:55:04 +0000  copying file ./PlugIns/msgNotificationService.appex/ar.lproj/Localizable.strings ... 
2025-03-11 12:55:04 +0000  28550 bytes for ./PlugIns/msgNotificationService.appex/ar.lproj/Localizable.strings
2025-03-11 12:55:04 +0000  copying file ./PlugIns/msgNotificationService.appex/ja.lproj/Localizable.strings ... 
2025-03-11 12:55:04 +0000  26359 bytes for ./PlugIns/msgNotificationService.appex/ja.lproj/Localizable.strings
2025-03-11 12:55:04 +0000  copying file ./PlugIns/msgNotificationService.appex/splash-substract.png ... 
2025-03-11 12:55:04 +0000  11020 bytes for ./PlugIns/msgNotificationService.appex/splash-substract.png
2025-03-11 12:55:04 +0000  copying file ./PlugIns/msgNotificationService.appex/en.lproj/Localizable.strings ... 
2025-03-11 12:55:04 +0000  15044 bytes for ./PlugIns/msgNotificationService.appex/en.lproj/Localizable.strings
2025-03-11 12:55:04 +0000  copying file ./PlugIns/msgNotificationService.appex/uk.lproj/Localizable.strings ... 
2025-03-11 12:55:04 +0000  38237 bytes for ./PlugIns/msgNotificationService.appex/uk.lproj/Localizable.strings
2025-03-11 12:55:04 +0000  copying file ./PlugIns/msgNotificationService.appex/zh_CN.lproj/Localizable.strings ... 
2025-03-11 12:55:04 +0000  21199 bytes for ./PlugIns/msgNotificationService.appex/zh_CN.lproj/Localizable.strings
2025-03-11 12:55:04 +0000  copying file ./PlugIns/msgNotificationService.appex/es.lproj/Localizable.strings ... 
2025-03-11 12:55:04 +0000  36945 bytes for ./PlugIns/msgNotificationService.appex/es.lproj/Localizable.strings
2025-03-11 12:55:04 +0000  copying file ./PlugIns/msgNotificationService.appex/msgNotificationService ... 
2025-03-11 12:55:04 +0000  154272 bytes for ./PlugIns/msgNotificationService.appex/msgNotificationService
2025-03-11 12:55:04 +0000  copying file ./PlugIns/msgNotificationService.appex/pt_BR.lproj/Localizable.strings ... 
2025-03-11 12:55:04 +0000  31525 bytes for ./PlugIns/msgNotificationService.appex/pt_BR.lproj/Localizable.strings
2025-03-11 12:55:04 +0000  copying file ./PlugIns/msgNotificationService.appex/it.lproj/Localizable.strings ... 
2025-03-11 12:55:04 +0000  32501 bytes for ./PlugIns/msgNotificationService.appex/it.lproj/Localizable.strings
2025-03-11 12:55:04 +0000  copying file ./PlugIns/msgNotificationService.appex/sidebar-union.png ... 
2025-03-11 12:55:04 +0000  2670 bytes for ./PlugIns/msgNotificationService.appex/sidebar-union.png
2025-03-11 12:55:04 +0000  copying file ./PlugIns/msgNotificationService.appex/sv.lproj/Localizable.strings ... 
2025-03-11 12:55:04 +0000  34642 bytes for ./PlugIns/msgNotificationService.appex/sv.lproj/Localizable.strings
2025-03-11 12:55:04 +0000  copying file ./PlugIns/msgNotificationService.appex/cs.lproj/Localizable.strings ... 
2025-03-11 12:55:04 +0000  38068 bytes for ./PlugIns/msgNotificationService.appex/cs.lproj/Localizable.strings
2025-03-11 12:55:04 +0000  copying file ./PlugIns/msgNotificationService.appex/GoogleService-Info.plist ... 
2025-03-11 12:55:04 +0000  452 bytes for ./PlugIns/msgNotificationService.appex/GoogleService-Info.plist
2025-03-11 12:55:04 +0000  copying file ./PlugIns/msgNotificationService.appex/hu.lproj/Localizable.strings ... 
2025-03-11 12:55:04 +0000  37253 bytes for ./PlugIns/msgNotificationService.appex/hu.lproj/Localizable.strings
2025-03-11 12:55:04 +0000  copying file ./PlugIns/msgNotificationService.appex/ka.lproj/Localizable.strings ... 
2025-03-11 12:55:04 +0000  16892 bytes for ./PlugIns/msgNotificationService.appex/ka.lproj/Localizable.strings
2025-03-11 12:55:04 +0000  copying file ./PlugIns/msgNotificationService.appex/tr.lproj/Localizable.strings ... 
2025-03-11 12:55:04 +0000  35673 bytes for ./PlugIns/msgNotificationService.appex/tr.lproj/Localizable.strings
2025-03-11 12:55:04 +0000  copying file ./PlugIns/msgNotificationService.appex/pl.lproj/Localizable.strings ... 
2025-03-11 12:55:04 +0000  28391 bytes for ./PlugIns/msgNotificationService.appex/pl.lproj/Localizable.strings
2025-03-11 12:55:04 +0000  copying file ./PlugIns/msgNotificationService.appex/zh_TW.lproj/Localizable.strings ... 
2025-03-11 12:55:04 +0000  21437 bytes for ./PlugIns/msgNotificationService.appex/zh_TW.lproj/Localizable.strings
2025-03-11 12:55:04 +0000  copying file ./PlugIns/msgNotificationService.appex/ru.lproj/Localizable.strings ... 
2025-03-11 12:55:04 +0000  45169 bytes for ./PlugIns/msgNotificationService.appex/ru.lproj/Localizable.strings
2025-03-11 12:55:04 +0000  copying file ./PlugIns/msgNotificationService.appex/mango_logo.png ... 
2025-03-11 12:55:04 +0000  46448 bytes for ./PlugIns/msgNotificationService.appex/mango_logo.png
2025-03-11 12:55:04 +0000  copying file ./PlugIns/msgNotificationService.appex/fr.lproj/Localizable.strings ... 
2025-03-11 12:55:04 +0000  52372 bytes for ./PlugIns/msgNotificationService.appex/fr.lproj/Localizable.strings
2025-03-11 12:55:04 +0000  copying file ./PlugIns/msgNotificationService.appex/nl.lproj/Localizable.strings ... 
2025-03-11 12:55:04 +0000  18681 bytes for ./PlugIns/msgNotificationService.appex/nl.lproj/Localizable.strings
2025-03-11 12:55:04 +0000  copying file ./PlugIns/msgNotificationService.appex/embedded.mobileprovision ... 
2025-03-11 12:55:04 +0000  13056 bytes for ./PlugIns/msgNotificationService.appex/embedded.mobileprovision
2025-03-11 12:55:04 +0000  copying file ./PlugIns/msgNotificationService.appex/Info.plist ... 
2025-03-11 12:55:04 +0000  1032 bytes for ./PlugIns/msgNotificationService.appex/Info.plist
2025-03-11 12:55:04 +0000  copying file ./PlugIns/msgNotificationService.appex/es_AR.lproj/Localizable.strings ... 
2025-03-11 12:55:04 +0000  37003 bytes for ./PlugIns/msgNotificationService.appex/es_AR.lproj/Localizable.strings
2025-03-11 12:55:04 +0000  copying file ./history_missed_default.png ... 
2025-03-11 12:55:04 +0000  1321 bytes for ./history_missed_default.png
2025-03-11 12:55:04 +0000  copying file ./numpad_6_default.png ... 
2025-03-11 12:55:04 +0000  1030 bytes for ./numpad_6_default.png
2025-03-11 12:55:04 +0000  copying file ./rec_off_default.png ... 
2025-03-11 12:55:04 +0000  1164 bytes for ./rec_off_default.png
2025-03-11 12:55:04 +0000  copying file ./it.lproj/Localizable.strings ... 
2025-03-11 12:55:04 +0000  32501 bytes for ./it.lproj/Localizable.strings
2025-03-11 12:55:04 +0000  copying file ./camera_switch_over@2x.png ... 
2025-03-11 12:55:04 +0000  3380 bytes for ./camera_switch_over@2x.png
2025-03-11 12:55:04 +0000  copying file ./route_speaker_default@2x.png ... 
2025-03-11 12:55:04 +0000  1213 bytes for ./route_speaker_default@2x.png
2025-03-11 12:55:04 +0000  copying file ./voicemail.png ... 
2025-03-11 12:55:04 +0000  625 bytes for ./voicemail.png
2025-03-11 12:55:04 +0000  copying file ./camera_default.png ... 
2025-03-11 12:55:04 +0000  434 bytes for ./camera_default.png
2025-03-11 12:55:04 +0000  copying file ./ConversationsTableViewCell.nib ... 
2025-03-11 12:55:04 +0000  6877 bytes for ./ConversationsTableViewCell.nib
2025-03-11 12:55:04 +0000  copying file ./menu_recordings.png ... 
2025-03-11 12:55:04 +0000  866 bytes for ./menu_recordings.png
2025-03-11 12:55:04 +0000  copying file ./call_status_missed@2x.png ... 
2025-03-11 12:55:04 +0000  1984 bytes for ./call_status_missed@2x.png
2025-03-11 12:55:04 +0000  copying file ./voip_call_header_outgoing.png ... 
2025-03-11 12:55:04 +0000  1369 bytes for ./voip_call_header_outgoing.png
2025-03-11 12:55:04 +0000  copying file ./menu_delete.png ... 
2025-03-11 12:55:04 +0000  2322 bytes for ./menu_delete.png
2025-03-11 12:55:04 +0000  copying file ./dialer_alt_back@2x.png ... 
2025-03-11 12:55:04 +0000  1055 bytes for ./dialer_alt_back@2x.png
2025-03-11 12:55:04 +0000  copying file ./add_field_over.png ... 
2025-03-11 12:55:04 +0000  811 bytes for ./add_field_over.png
2025-03-11 12:55:04 +0000  copying file ./AppIcon60x60@2x.png ... 
2025-03-11 12:55:04 +0000  6231 bytes for ./AppIcon60x60@2x.png
2025-03-11 12:55:04 +0000  copying file ./chat_group_informations@2x.png ... 
2025-03-11 12:55:04 +0000  4219 bytes for ./chat_group_informations@2x.png
2025-03-11 12:55:04 +0000  copying file ./numpad_9_over~ipad.png ... 
2025-03-11 12:55:04 +0000  542 bytes for ./numpad_9_over~ipad.png
2025-03-11 12:55:04 +0000  copying file ./call_transfer_disabled@2x.png ... 
2025-03-11 12:55:04 +0000  1906 bytes for ./call_transfer_disabled@2x.png
2025-03-11 12:55:04 +0000  copying file ./presence_away.png ... 
2025-03-11 12:55:04 +0000  600 bytes for ./presence_away.png
2025-03-11 12:55:04 +0000  copying file ./vr_wave.png ... 
2025-03-11 12:55:04 +0000  14950 bytes for ./vr_wave.png
2025-03-11 12:55:04 +0000  copying file ./footer_contacts_default@2x.png ... 
2025-03-11 12:55:04 +0000  2125 bytes for ./footer_contacts_default@2x.png
2025-03-11 12:55:04 +0000  copying file ./route_earpiece_default@2x.png ... 
2025-03-11 12:55:04 +0000  1690 bytes for ./route_earpiece_default@2x.png
copying file ./call_hangup_default@2x.png ... 
2025-03-11 12:55:04 +0000  2482 bytes for ./call_hangup_default@2x.png
copying file ./chat_send_over.png ... 
2025-03-11 12:55:04 +0000  1285 bytes for ./chat_send_over.png
2025-03-11 12:55:04 +0000  copying file ./call_status_missed~ipad.png ... 
2025-03-11 12:55:04 +0000  1040 bytes for ./call_status_missed~ipad.png
copying file ./add_field_over@2x.png ... 
2025-03-11 12:55:04 +0000  1471 bytes for ./add_field_over@2x.png
2025-03-11 12:55:04 +0000  copying file ./GoogleUtilities_GoogleUtilities-AppDelegateSwizzler.bundle/PrivacyInfo.xcprivacy ... 
2025-03-11 12:55:04 +0000  478 bytes for ./GoogleUtilities_GoogleUtilities-AppDelegateSwizzler.bundle/PrivacyInfo.xcprivacy
2025-03-11 12:55:04 +0000  copying file ./GoogleUtilities_GoogleUtilities-AppDelegateSwizzler.bundle/Info.plist ... 
2025-03-11 12:55:04 +0000  749 bytes for ./GoogleUtilities_GoogleUtilities-AppDelegateSwizzler.bundle/Info.plist
2025-03-11 12:55:04 +0000  copying file ./GoogleUtilities_GoogleUtilities-NSData.bundle/PrivacyInfo.xcprivacy ... 
2025-03-11 12:55:04 +0000  478 bytes for ./GoogleUtilities_GoogleUtilities-NSData.bundle/PrivacyInfo.xcprivacy
2025-03-11 12:55:04 +0000  copying file ./GoogleUtilities_GoogleUtilities-NSData.bundle/Info.plist ... 
2025-03-11 12:55:04 +0000  723 bytes for ./GoogleUtilities_GoogleUtilities-NSData.bundle/Info.plist
2025-03-11 12:55:04 +0000  copying file ./numpad_0_over@2x.png ... 
2025-03-11 12:55:04 +0000  2046 bytes for ./numpad_0_over@2x.png
2025-03-11 12:55:04 +0000  copying file ./chat_start_body_disabled~ipad@2x.png ... 
2025-03-11 12:55:04 +0000  2272 bytes for ./chat_start_body_disabled~ipad@2x.png
2025-03-11 12:55:04 +0000  copying file ./EphemeralSettingsView.nib ... 
2025-03-11 12:55:04 +0000  8181 bytes for ./EphemeralSettingsView.nib
2025-03-11 12:55:04 +0000  copying file ./valid_default.png ... 
2025-03-11 12:55:04 +0000  594 bytes for ./valid_default.png
2025-03-11 12:55:04 +0000  copying file ./recording.png ... 
2025-03-11 12:55:04 +0000  1671 bytes for ./recording.png
2025-03-11 12:55:04 +0000  copying file ./options_start_conference_default@2x.png ... 
2025-03-11 12:55:04 +0000  3324 bytes for ./options_start_conference_default@2x.png
2025-03-11 12:55:04 +0000  copying file ./contacts_sip_selected@2x.png ... 
2025-03-11 12:55:04 +0000  3649 bytes for ./contacts_sip_selected@2x.png
2025-03-11 12:55:04 +0000  copying file ./edit_list_default.png ... 
2025-03-11 12:55:04 +0000  964 bytes for ./edit_list_default.png
2025-03-11 12:55:04 +0000  copying file ./numpad_3_over~ipad@2x.png ... 
2025-03-11 12:55:04 +0000  815 bytes for ./numpad_3_over~ipad@2x.png
2025-03-11 12:55:04 +0000  copying file ./waiting_time.png ... 
2025-03-11 12:55:04 +0000  2035 bytes for ./waiting_time.png
2025-03-11 12:55:04 +0000  copying file ./conference_delete@2x.png ... 
2025-03-11 12:55:04 +0000  592 bytes for ./conference_delete@2x.png
2025-03-11 12:55:04 +0000  copying file ./call_quality_indicator_0@2x.png ... 
2025-03-11 12:55:04 +0000  882 bytes for ./call_quality_indicator_0@2x.png
2025-03-11 12:55:04 +0000  copying file ./chat_start_body_default~ipad@2x.png ... 
2025-03-11 12:55:04 +0000  2452 bytes for ./chat_start_body_default~ipad@2x.png
2025-03-11 12:55:04 +0000  copying file ./call_video_start_disabled@2x.png ... 
2025-03-11 12:55:04 +0000  1478 bytes for ./call_video_start_disabled@2x.png
2025-03-11 12:55:04 +0000  copying file ./voip_micro_off.png ... 
2025-03-11 12:55:04 +0000  4099 bytes for ./voip_micro_off.png
2025-03-11 12:55:04 +0000  copying file ./dialer_back_default@2x.png ... 
2025-03-11 12:55:04 +0000  3286 bytes for ./dialer_back_default@2x.png
copying file ./voip_call_list_menu.png ... 
2025-03-11 12:55:04 +0000  1877 bytes for ./voip_call_list_menu.png
copying file ./check_selected.png ... 
2025-03-11 12:55:04 +0000  937 bytes for ./check_selected.png
copying file ./UIShopTableCell.nib ... 
2025-03-11 12:55:04 +0000  3821 bytes for ./UIShopTableCell.nib
copying file ./security_toogle_icon_green@2x.png ... 
2025-03-11 12:55:04 +0000  1011 bytes for ./security_toogle_icon_green@2x.png
2025-03-11 12:55:04 +0000  copying file ./Firebase_FirebaseInstallations.bundle/PrivacyInfo.xcprivacy ... 
2025-03-11 12:55:04 +0000  1105 bytes for ./Firebase_FirebaseInstallations.bundle/PrivacyInfo.xcprivacy
copying file ./Firebase_FirebaseInstallations.bundle/Info.plist ... 
2025-03-11 12:55:04 +0000  715 bytes for ./Firebase_FirebaseInstallations.bundle/Info.plist
2025-03-11 12:55:04 +0000  copying file ./voip_numpad_8.png ... 
2025-03-11 12:55:04 +0000  3438 bytes for ./voip_numpad_8.png
copying file ./call_audio_start_disabled.png ... 
2025-03-11 12:55:04 +0000  814 bytes for ./call_audio_start_disabled.png
copying file ./rec_on_default.png ... 
2025-03-11 12:55:04 +0000  1153 bytes for ./rec_on_default.png
copying file ./voip_earpiece.png ... 
2025-03-11 12:55:04 +0000  3410 bytes for ./voip_earpiece.png
copying file ./backspace_over.png ... 
2025-03-11 12:55:04 +0000  604 bytes for ./backspace_over.png
copying file ./conference_delete.png ... 
2025-03-11 12:55:04 +0000  287 bytes for ./conference_delete.png
copying file ./chat_secure.png ... 
2025-03-11 12:55:04 +0000  411 bytes for ./chat_secure.png
copying file ./options_add_call_default@2x.png ... 
2025-03-11 12:55:04 +0000  2553 bytes for ./options_add_call_default@2x.png
copying file ./voip_numpad_9.png ... 
2025-03-11 12:55:04 +0000  3235 bytes for ./voip_numpad_9.png
copying file ./security_toogle_icon_grey@2x.png ... 
2025-03-11 12:55:04 +0000  1056 bytes for ./security_toogle_icon_grey@2x.png
copying file ./micro_disabled.png ... 
2025-03-11 12:55:04 +0000  725 bytes for ./micro_disabled.png
copying file ./numpad_7~ipad.png ... 
2025-03-11 12:55:04 +0000  414 bytes for ./numpad_7~ipad.png
copying file ./led_error.png ... 
2025-03-11 12:55:04 +0000  416 bytes for ./led_error.png
copying file ./numpad_6~ipad.png ... 
2025-03-11 12:55:04 +0000  603 bytes for ./numpad_6~ipad.png
copying file ./vr_pause.png ... 
2025-03-11 12:55:04 +0000  4750 bytes for ./vr_pause.png
copying file ./numpad_8_over~ipad@2x.png ... 
2025-03-11 12:55:04 +0000  996 bytes for ./numpad_8_over~ipad@2x.png
copying file ./edit_list_default@2x.png ... 
2025-03-11 12:55:04 +0000  1785 bytes for ./edit_list_default@2x.png
2025-03-11 12:55:04 +0000  copying file ./gRPC_grpcWrapper.bundle/PrivacyInfo.xcprivacy ... 
2025-03-11 12:55:04 +0000  817 bytes for ./gRPC_grpcWrapper.bundle/PrivacyInfo.xcprivacy
copying file ./gRPC_grpcWrapper.bundle/Info.plist ... 
2025-03-11 12:55:04 +0000  686 bytes for ./gRPC_grpcWrapper.bundle/Info.plist
2025-03-11 12:55:04 +0000  copying file ./numpad_hash_over.png ... 
2025-03-11 12:55:04 +0000  387 bytes for ./numpad_hash_over.png
copying file ./pause_small_disabled.png ... 
2025-03-11 12:55:04 +0000  761 bytes for ./pause_small_disabled.png
copying file ./msg.caf ... 
2025-03-11 12:55:04 +0000  10696 bytes for ./msg.caf
copying file ./vr_on.png ... 
2025-03-11 12:55:04 +0000  2689 bytes for ./vr_on.png
2025-03-11 12:55:04 +0000  copying file ./Firebase_FirebaseCoreInternal.bundle/PrivacyInfo.xcprivacy ... 
2025-03-11 12:55:04 +0000  855 bytes for ./Firebase_FirebaseCoreInternal.bundle/PrivacyInfo.xcprivacy
copying file ./Firebase_FirebaseCoreInternal.bundle/Info.plist ... 
2025-03-11 12:55:04 +0000  713 bytes for ./Firebase_FirebaseCoreInternal.bundle/Info.plist
2025-03-11 12:55:04 +0000  copying file ./call_add_disabled.png ... 
2025-03-11 12:55:04 +0000  867 bytes for ./call_add_disabled.png
copying file ./numpad_9_over@2x.png ... 
2025-03-11 12:55:04 +0000  1992 bytes for ./numpad_9_over@2x.png
copying file ./linphonerc~ipad ... 
2025-03-11 12:55:04 +0000  1329 bytes for ./linphonerc~ipad
copying file ./call_status_outgoing~ipad@2x.png ... 
2025-03-11 12:55:04 +0000  2135 bytes for ./call_status_outgoing~ipad@2x.png
copying file ./led_connected@2x.png ... 
2025-03-11 12:55:04 +0000  851 bytes for ./led_connected@2x.png
copying file ./backspace_disabled.png ... 
2025-03-11 12:55:04 +0000  494 bytes for ./backspace_disabled.png
2025-03-11 12:55:04 +0000  copying file ./Firebase_FirebaseAuth.bundle/PrivacyInfo.xcprivacy ... 
2025-03-11 12:55:04 +0000  2102 bytes for ./Firebase_FirebaseAuth.bundle/PrivacyInfo.xcprivacy
copying file ./Firebase_FirebaseAuth.bundle/Info.plist ... 
2025-03-11 12:55:04 +0000  697 bytes for ./Firebase_FirebaseAuth.bundle/Info.plist
2025-03-11 12:55:04 +0000  copying file ./options_transfer_call_disabled.png ... 
2025-03-11 12:55:04 +0000  776 bytes for ./options_transfer_call_disabled.png
copying file ./routes_default@2x.png ... 
2025-03-11 12:55:04 +0000  1942 bytes for ./routes_default@2x.png
copying file ./list_details_over@2x.png ... 
2025-03-11 12:55:04 +0000  2209 bytes for ./list_details_over@2x.png
copying file ./presence_offline@2x.png ... 
2025-03-11 12:55:04 +0000  411 bytes for ./presence_offline@2x.png
copying file ./numpad_hash~ipad@2x.png ... 
2025-03-11 12:55:04 +0000  465 bytes for ./numpad_hash~ipad@2x.png
copying file ./recording@2x.png ... 
2025-03-11 12:55:04 +0000  3579 bytes for ./recording@2x.png
copying file ./numpad_hash_default.png ... 
2025-03-11 12:55:04 +0000  410 bytes for ./numpad_hash_default.png
copying file ./call_alt_start_default.png ... 
2025-03-11 12:55:04 +0000  1304 bytes for ./call_alt_start_default.png
copying file ./voip_remote_recording.png ... 
2025-03-11 12:55:04 +0000  2361 bytes for ./voip_remote_recording.png
copying file ./sidebar-union.png ... 
2025-03-11 12:55:04 +0000  2670 bytes for ./sidebar-union.png
2025-03-11 12:55:04 +0000  copying file ./sv.lproj/Localizable.strings ... 
2025-03-11 12:55:04 +0000  34642 bytes for ./sv.lproj/Localizable.strings
2025-03-11 12:55:04 +0000  copying file ./call_start_body_default@2x.png ... 
2025-03-11 12:55:04 +0000  3833 bytes for ./call_start_body_default@2x.png
copying file ./chevron_list_open@2x.png ... 
2025-03-11 12:55:04 +0000  698 bytes for ./chevron_list_open@2x.png
copying file ./call_outgoing@2x.png ... 
2025-03-11 12:55:04 +0000  436 bytes for ./call_outgoing@2x.png
copying file ./security_ko.png ... 
2025-03-11 12:55:04 +0000  546 bytes for ./security_ko.png
copying file ./file_picture_default.png ... 
2025-03-11 12:55:04 +0000  1776 bytes for ./file_picture_default.png
2025-03-11 12:55:04 +0000  copying file ./new_chat_attachment_default.png ... 
2025-03-11 12:55:04 +0000  1524 bytes for ./new_chat_attachment_default.png
2025-03-11 12:55:04 +0000  copying file ./GoogleUtilities_GoogleUtilities-Logger.bundle/PrivacyInfo.xcprivacy ... 
2025-03-11 12:55:04 +0000  478 bytes for ./GoogleUtilities_GoogleUtilities-Logger.bundle/PrivacyInfo.xcprivacy
2025-03-11 12:55:04 +0000  copying file ./GoogleUtilities_GoogleUtilities-Logger.bundle/Info.plist ... 
2025-03-11 12:55:04 +0000  723 bytes for ./GoogleUtilities_GoogleUtilities-Logger.bundle/Info.plist
2025-03-11 12:55:04 +0000  copying file ./voip_info.png ... 
2025-03-11 12:55:04 +0000  2346 bytes for ./voip_info.png
2025-03-11 12:55:04 +0000  copying file ./chat_start_body_default~ipad.png ... 
2025-03-11 12:55:04 +0000  1143 bytes for ./chat_start_body_default~ipad.png
2025-03-11 12:55:04 +0000  copying file ./security_2_indicator@2x.png ... 
2025-03-11 12:55:04 +0000  1853 bytes for ./security_2_indicator@2x.png
2025-03-11 12:55:04 +0000  copying file ./call_add_disabled@2x.png ... 
2025-03-11 12:55:04 +0000  1858 bytes for ./call_add_disabled@2x.png
2025-03-11 12:55:04 +0000  copying file ./call_quality_indicator_2@2x.png ... 
2025-03-11 12:55:04 +0000  819 bytes for ./call_quality_indicator_2@2x.png
2025-03-11 12:55:04 +0000  copying file ./call_incoming@2x.png ... 
2025-03-11 12:55:04 +0000  575 bytes for ./call_incoming@2x.png
2025-03-11 12:55:04 +0000  copying file ./call_start_body_disabled~ipad@2x.png ... 
2025-03-11 12:55:04 +0000  2481 bytes for ./call_start_body_disabled~ipad@2x.png
2025-03-11 12:55:04 +0000  copying file ./GoogleUtilities_GoogleUtilities-Reachability.bundle/PrivacyInfo.xcprivacy ... 
2025-03-11 12:55:04 +0000  478 bytes for ./GoogleUtilities_GoogleUtilities-Reachability.bundle/PrivacyInfo.xcprivacy
2025-03-11 12:55:04 +0000  copying file ./GoogleUtilities_GoogleUtilities-Reachability.bundle/Info.plist ... 
2025-03-11 12:55:04 +0000  735 bytes for ./GoogleUtilities_GoogleUtilities-Reachability.bundle/Info.plist
2025-03-11 12:55:04 +0000  copying file ./deselect_all.png ... 
2025-03-11 12:55:04 +0000  399 bytes for ./deselect_all.png
2025-03-11 12:55:04 +0000  copying file ./cancel_edit_disabled.png ... 
2025-03-11 12:55:04 +0000  573 bytes for ./cancel_edit_disabled.png
copying file ./route_speaker_selected.png ... 
2025-03-11 12:55:04 +0000  642 bytes for ./route_speaker_selected.png
2025-03-11 12:55:04 +0000  copying file ./cs.lproj/Localizable.strings ... 
2025-03-11 12:55:04 +0000  38068 bytes for ./cs.lproj/Localizable.strings
2025-03-11 12:55:04 +0000  copying file ./assistant_linphone_existing.rc ... 
2025-03-11 12:55:04 +0000  2800 bytes for ./assistant_linphone_existing.rc
2025-03-11 12:55:04 +0000  copying file ./Firebase_FirebaseFirestore.bundle/PrivacyInfo.xcprivacy ... 
2025-03-11 12:55:04 +0000  1105 bytes for ./Firebase_FirebaseFirestore.bundle/PrivacyInfo.xcprivacy
copying file ./Firebase_FirebaseFirestore.bundle/Info.plist ... 
2025-03-11 12:55:04 +0000  707 bytes for ./Firebase_FirebaseFirestore.bundle/Info.plist
2025-03-11 12:55:04 +0000  copying file ./call_start_body_over.png ... 
2025-03-11 12:55:04 +0000  2210 bytes for ./call_start_body_over.png
copying file ./chat_add_default.png ... 
2025-03-11 12:55:04 +0000  1280 bytes for ./chat_add_default.png
copying file ./voip_numpad_star.png ... 
2025-03-11 12:55:04 +0000  2481 bytes for ./voip_numpad_star.png
2025-03-11 12:55:04 +0000  copying file ./Firebase_FirebaseMessaging.bundle/PrivacyInfo.xcprivacy ... 
2025-03-11 12:55:04 +0000  2357 bytes for ./Firebase_FirebaseMessaging.bundle/PrivacyInfo.xcprivacy
copying file ./Firebase_FirebaseMessaging.bundle/Info.plist ... 
2025-03-11 12:55:04 +0000  707 bytes for ./Firebase_FirebaseMessaging.bundle/Info.plist
2025-03-11 12:55:04 +0000  copying file ./history_chat_indicator.png ... 
2025-03-11 12:55:04 +0000  340 bytes for ./history_chat_indicator.png
2025-03-11 12:55:04 +0000  copying file ./pause_big_over_selected.png ... 
2025-03-11 12:55:04 +0000  1250 bytes for ./pause_big_over_selected.png
2025-03-11 12:55:04 +0000  copying file ./options_transfer_call_disabled@2x.png ... 
2025-03-11 12:55:04 +0000  1479 bytes for ./options_transfer_call_disabled@2x.png
2025-03-11 12:55:04 +0000  copying file ./call_start_body_disabled.png ... 
2025-03-11 12:55:04 +0000  1732 bytes for ./call_start_body_disabled.png
2025-03-11 12:55:04 +0000  copying file ./UIRecordingCell.nib ... 
2025-03-11 12:55:04 +0000  2837 bytes for ./UIRecordingCell.nib
2025-03-11 12:55:04 +0000  copying file ./call_video_start_disabled.png ... 
2025-03-11 12:55:04 +0000  730 bytes for ./call_video_start_disabled.png
2025-03-11 12:55:04 +0000  copying file ./valid_disabled.png ... 
2025-03-11 12:55:04 +0000  411 bytes for ./valid_disabled.png
copying file ./new_vr_off.png ... 
2025-03-11 12:55:04 +0000  1390 bytes for ./new_vr_off.png
2025-03-11 12:55:04 +0000  copying file ./conference_exit_default.png ... 
2025-03-11 12:55:04 +0000  1368 bytes for ./conference_exit_default.png
2025-03-11 12:55:04 +0000  copying file ./GoogleService-Info.plist ... 
2025-03-11 12:55:04 +0000  839 bytes for ./GoogleService-Info.plist
copying file ./chat_start_body_disabled@2x.png ... 
2025-03-11 12:55:04 +0000  3290 bytes for ./chat_start_body_disabled@2x.png
copying file ./LaunchScreen.nib ... 
2025-03-11 12:55:04 +0000  4276 bytes for ./LaunchScreen.nib
copying file ./callkit_logo.png ... 
2025-03-11 12:55:04 +0000  1304 bytes for ./callkit_logo.png
copying file ./numpad_star_over~ipad.png ... 
2025-03-11 12:55:04 +0000  334 bytes for ./numpad_star_over~ipad.png
copying file ./call_start_body_default~ipad@2x.png ... 
2025-03-11 12:55:04 +0000  2662 bytes for ./call_start_body_default~ipad@2x.png
copying file ./assistant_external_sip.rc ... 
2025-03-11 12:55:04 +0000  1972 bytes for ./assistant_external_sip.rc
copying file ./numpad_3_default.png ... 
2025-03-11 12:55:04 +0000  891 bytes for ./numpad_3_default.png
copying file ./numpad_7_over~ipad@2x.png ... 
2025-03-11 12:55:04 +0000  558 bytes for ./numpad_7_over~ipad@2x.png
copying file ./numpad_over_background.png ... 
2025-03-11 12:55:04 +0000  290 bytes for ./numpad_over_background.png
copying file ./menu_recordings@2x.png ... 
2025-03-11 12:55:04 +0000  1461 bytes for ./menu_recordings@2x.png
copying file ./numpad_3~ipad@2x.png ... 
2025-03-11 12:55:04 +0000  873 bytes for ./numpad_3~ipad@2x.png
copying file ./history_all_default@2x.png ... 
2025-03-11 12:55:04 +0000  3248 bytes for ./history_all_default@2x.png
copying file ./dialer_background.png ... 
2025-03-11 12:55:04 +0000  43319 bytes for ./dialer_background.png
copying file ./chat_start_body_default@2x.png ... 
2025-03-11 12:55:04 +0000  3433 bytes for ./chat_start_body_default@2x.png
copying file ./linphone_user@2x.png ... 
2025-03-11 12:55:04 +0000  1655 bytes for ./linphone_user@2x.png
copying file ./chat_start_body_over~ipad.png ... 
2025-03-11 12:55:04 +0000  1269 bytes for ./chat_start_body_over~ipad.png
copying file ./chat_add_default@2x.png ... 
2025-03-11 12:55:04 +0000  2280 bytes for ./chat_add_default@2x.png
copying file ./voip_multiple_contacts_avatar.png ... 
2025-03-11 12:55:04 +0000  5752 bytes for ./voip_multiple_contacts_avatar.png
copying file ./scroll_to_bottom_default.png ... 
2025-03-11 12:55:04 +0000  3334 bytes for ./scroll_to_bottom_default.png
2025-03-11 12:55:04 +0000  copying file ./backspace_default.png ... 
2025-03-11 12:55:04 +0000  757 bytes for ./backspace_default.png
copying file ./security_toogle_background_green@2x.png ... 
2025-03-11 12:55:04 +0000  1090 bytes for ./security_toogle_background_green@2x.png
copying file ./voip_export.png ... 
2025-03-11 12:55:04 +0000  2602 bytes for ./voip_export.png
copying file ./numpad_5_over@2x.png ... 
2025-03-11 12:55:04 +0000  1624 bytes for ./numpad_5_over@2x.png
2025-03-11 12:55:04 +0000  copying file ./Base.lproj/RecordingsListView.nib/runtime.nib ... 
2025-03-11 12:55:04 +0000  7936 bytes for ./Base.lproj/RecordingsListView.nib/runtime.nib
copying file ./Base.lproj/RecordingsListView.nib/objects-14.0+.nib ... 
2025-03-11 12:55:04 +0000  7936 bytes for ./Base.lproj/RecordingsListView.nib/objects-14.0+.nib
2025-03-11 12:55:04 +0000  copying file ./Base.lproj/UIChatReplyBubbleView.nib ... 
2025-03-11 12:55:04 +0000  4942 bytes for ./Base.lproj/UIChatReplyBubbleView.nib
2025-03-11 12:55:04 +0000  copying file ./Base.lproj/ChatsListView.nib/runtime.nib ... 
2025-03-11 12:55:04 +0000  12895 bytes for ./Base.lproj/ChatsListView.nib/runtime.nib
copying file ./Base.lproj/ChatsListView.nib/objects-14.0+.nib ... 
2025-03-11 12:55:04 +0000  11552 bytes for ./Base.lproj/ChatsListView.nib/objects-14.0+.nib
2025-03-11 12:55:04 +0000  copying file ./Base.lproj/UIContactDetailsCell.nib ... 
2025-03-11 12:55:04 +0000  7311 bytes for ./Base.lproj/UIContactDetailsCell.nib
copying file ./Base.lproj/UICompositeView.nib ... 
2025-03-11 12:55:04 +0000  3486 bytes for ./Base.lproj/UICompositeView.nib
copying file ./Base.lproj/ShopView.nib ... 
2025-03-11 12:55:04 +0000  5327 bytes for ./Base.lproj/ShopView.nib
copying file ./Base.lproj/ChatConversationCreateView.nib ... 
2025-03-11 12:55:04 +0000  11241 bytes for ./Base.lproj/ChatConversationCreateView.nib
copying file ./Base.lproj/UIChatConversationImdnTableViewCell.nib ... 
2025-03-11 12:55:04 +0000  3584 bytes for ./Base.lproj/UIChatConversationImdnTableViewCell.nib
copying file ./Base.lproj/UIChatConversationInfoTableViewCell.nib ... 
2025-03-11 12:55:04 +0000  4915 bytes for ./Base.lproj/UIChatConversationInfoTableViewCell.nib
2025-03-11 12:55:04 +0000  copying file ./Base.lproj/UIHistoryCell.nib/runtime.nib ... 
2025-03-11 12:55:04 +0000  5151 bytes for ./Base.lproj/UIHistoryCell.nib/runtime.nib
copying file ./Base.lproj/UIHistoryCell.nib/objects-14.0+.nib ... 
2025-03-11 12:55:04 +0000  3874 bytes for ./Base.lproj/UIHistoryCell.nib/objects-14.0+.nib
2025-03-11 12:55:04 +0000  copying file ./Base.lproj/ChatConversationInfoView.nib ... 
2025-03-11 12:55:04 +0000  8510 bytes for ./Base.lproj/ChatConversationInfoView.nib
2025-03-11 12:55:04 +0000  copying file ./Base.lproj/SettingsView.nib/runtime.nib ... 
2025-03-11 12:55:04 +0000  5177 bytes for ./Base.lproj/SettingsView.nib/runtime.nib
copying file ./Base.lproj/SettingsView.nib/objects-14.0+.nib ... 
2025-03-11 12:55:04 +0000  5177 bytes for ./Base.lproj/SettingsView.nib/objects-14.0+.nib
2025-03-11 12:55:04 +0000  copying file ./Base.lproj/UIChatCreateCell.nib ... 
2025-03-11 12:55:04 +0000  4581 bytes for ./Base.lproj/UIChatCreateCell.nib
copying file ./Base.lproj/StatusBarView.nib ... 
2025-03-11 12:55:04 +0000  6447 bytes for ./Base.lproj/StatusBarView.nib
copying file ./Base.lproj/FirstLoginView.nib ... 
2025-03-11 12:55:04 +0000  11873 bytes for ./Base.lproj/FirstLoginView.nib
copying file ./Base.lproj/HistoryListView.nib ... 
2025-03-11 12:55:04 +0000  12915 bytes for ./Base.lproj/HistoryListView.nib
copying file ./Base.lproj/AboutView.nib ... 
2025-03-11 12:55:04 +0000  11152 bytes for ./Base.lproj/AboutView.nib
2025-03-11 12:55:04 +0000  copying file ./Base.lproj/TabBarView.nib/runtime.nib ... 
2025-03-11 12:55:04 +0000  17010 bytes for ./Base.lproj/TabBarView.nib/runtime.nib
copying file ./Base.lproj/TabBarView.nib/objects-14.0+.nib ... 
2025-03-11 12:55:04 +0000  15638 bytes for ./Base.lproj/TabBarView.nib/objects-14.0+.nib
2025-03-11 12:55:04 +0000  copying file ./Base.lproj/ContactsListView.nib/runtime.nib ... 
2025-03-11 12:55:04 +0000  13886 bytes for ./Base.lproj/ContactsListView.nib/runtime.nib
copying file ./Base.lproj/ContactsListView.nib/objects-14.0+.nib ... 
2025-03-11 12:55:04 +0000  12497 bytes for ./Base.lproj/ContactsListView.nib/objects-14.0+.nib
2025-03-11 12:55:04 +0000  copying file ./Base.lproj/AssistantView.nib ... 
2025-03-11 12:55:04 +0000  4816 bytes for ./Base.lproj/AssistantView.nib
copying file ./Base.lproj/SideMenuView.nib ... 
2025-03-11 12:55:04 +0000  6907 bytes for ./Base.lproj/SideMenuView.nib
copying file ./Base.lproj/UICompositeView~ipad.nib ... 
2025-03-11 12:55:04 +0000  2986 bytes for ./Base.lproj/UICompositeView~ipad.nib
copying file ./Base.lproj/ChatConversationImdnView.nib ... 
2025-03-11 12:55:04 +0000  5123 bytes for ./Base.lproj/ChatConversationImdnView.nib
copying file ./Base.lproj/AssistantLinkView.nib ... 
2025-03-11 12:55:04 +0000  12063 bytes for ./Base.lproj/AssistantLinkView.nib
copying file ./Base.lproj/AssistantViewScreens.nib ... 
2025-03-11 12:55:04 +0000  67254 bytes for ./Base.lproj/AssistantViewScreens.nib
copying file ./Base.lproj/DialerView.nib ... 
2025-03-11 12:55:04 +0000  22234 bytes for ./Base.lproj/DialerView.nib
copying file ./Base.lproj/UIChatCell.nib ... 
2025-03-11 12:55:04 +0000  5508 bytes for ./Base.lproj/UIChatCell.nib
copying file ./Base.lproj/DialerView~ipad.nib ... 
2025-03-11 12:55:04 +0000  19793 bytes for ./Base.lproj/DialerView~ipad.nib
copying file ./Base.lproj/UIContactCell.nib ... 
2025-03-11 12:55:04 +0000  3364 bytes for ./Base.lproj/UIContactCell.nib
copying file ./Base.lproj/ChatConversationView.nib ... 
2025-03-11 12:55:04 +0000  23509 bytes for ./Base.lproj/ChatConversationView.nib
copying file ./Base.lproj/UIChatBubbleTextCell.nib ... 
2025-03-11 12:55:04 +0000  5780 bytes for ./Base.lproj/UIChatBubbleTextCell.nib
copying file ./Base.lproj/UIConfirmationDialog.nib ... 
2025-03-11 12:55:04 +0000  6978 bytes for ./Base.lproj/UIConfirmationDialog.nib
copying file ./Base.lproj/SideMenuView~ipad.nib ... 
2025-03-11 12:55:04 +0000  5981 bytes for ./Base.lproj/SideMenuView~ipad.nib
copying file ./Base.lproj/ContactDetailsView.nib ... 
2025-03-11 12:55:04 +0000  12496 bytes for ./Base.lproj/ContactDetailsView.nib
copying file ./Base.lproj/CountryListView.nib ... 
2025-03-11 12:55:04 +0000  4812 bytes for ./Base.lproj/CountryListView.nib
2025-03-11 12:55:04 +0000  copying file ./Base.lproj/HistoryDetailsView.nib/runtime.nib ... 
2025-03-11 12:55:04 +0000  15541 bytes for ./Base.lproj/HistoryDetailsView.nib/runtime.nib
copying file ./Base.lproj/HistoryDetailsView.nib/objects-14.0+.nib ... 
2025-03-11 12:55:04 +0000  14211 bytes for ./Base.lproj/HistoryDetailsView.nib/objects-14.0+.nib
2025-03-11 12:55:04 +0000  copying file ./Base.lproj/PhoneMainView.nib ... 
2025-03-11 12:55:04 +0000  1760 bytes for ./Base.lproj/PhoneMainView.nib
copying file ./Base.lproj/ImageView.nib ... 
2025-03-11 12:55:04 +0000  3649 bytes for ./Base.lproj/ImageView.nib
copying file ./Base.lproj/UIChatBubblePhotoCell.nib ... 
2025-03-11 12:55:04 +0000  12168 bytes for ./Base.lproj/UIChatBubblePhotoCell.nib
2025-03-11 12:55:04 +0000  copying file ./chat_group_avatar.png ... 
2025-03-11 12:55:04 +0000  4330 bytes for ./chat_group_avatar.png
copying file ./security_toogle_icon_grey.png ... 
2025-03-11 12:55:04 +0000  633 bytes for ./security_toogle_icon_grey.png
copying file ./voip_cancel.png ... 
2025-03-11 12:55:04 +0000  1386 bytes for ./voip_cancel.png
copying file ./numpad_hash~ipad.png ... 
2025-03-11 12:55:04 +0000  440 bytes for ./numpad_hash~ipad.png
copying file ./backspace_default@2x.png ... 
2025-03-11 12:55:04 +0000  1354 bytes for ./backspace_default@2x.png
copying file ./camera_default@2x.png ... 
2025-03-11 12:55:04 +0000  726 bytes for ./camera_default@2x.png
copying file ./voip_radio_on.png ... 
2025-03-11 12:55:04 +0000  650 bytes for ./voip_radio_on.png
copying file ./numpad_7_over.png ... 
2025-03-11 12:55:04 +0000  560 bytes for ./numpad_7_over.png
copying file ./voip_bluetooth.png ... 
2025-03-11 12:55:04 +0000  2532 bytes for ./voip_bluetooth.png
copying file ./numpad_6_over.png ... 
2025-03-11 12:55:04 +0000  982 bytes for ./numpad_6_over.png
copying file ./history_missed_default@2x.png ... 
2025-03-11 12:55:04 +0000  2461 bytes for ./history_missed_default@2x.png
copying file ./linphone_user~ipad.png ... 
2025-03-11 12:55:04 +0000  762 bytes for ./linphone_user~ipad.png
copying file ./delete_field_over@2x.png ... 
2025-03-11 12:55:04 +0000  951 bytes for ./delete_field_over@2x.png
copying file ./menu_options@2x.png ... 
2025-03-11 12:55:04 +0000  1416 bytes for ./menu_options@2x.png
copying file ./call_incoming.png ... 
2025-03-11 12:55:04 +0000  341 bytes for ./call_incoming.png
copying file ./call_quality_indicator_4.png ... 
2025-03-11 12:55:04 +0000  298 bytes for ./call_quality_indicator_4.png
copying file ./options_add_call_disabled@2x.png ... 
2025-03-11 12:55:04 +0000  1448 bytes for ./options_add_call_disabled@2x.png
2025-03-11 12:55:04 +0000  copying file ./gRPC_opensslWrapper.bundle/PrivacyInfo.xcprivacy ... 
2025-03-11 12:55:04 +0000  817 bytes for ./gRPC_opensslWrapper.bundle/PrivacyInfo.xcprivacy
copying file ./gRPC_opensslWrapper.bundle/Info.plist ... 
2025-03-11 12:55:04 +0000  692 bytes for ./gRPC_opensslWrapper.bundle/Info.plist
2025-03-11 12:55:04 +0000  copying file ./options_default.png ... 
2025-03-11 12:55:04 +0000  952 bytes for ./options_default.png
copying file ./linphone ... 
2025-03-11 12:55:04 +0000  15857328 bytes for ./linphone
2025-03-11 12:55:04 +0000  copying file ./footer_history_disabled.png ... 
2025-03-11 12:55:04 +0000  509 bytes for ./footer_history_disabled.png
2025-03-11 12:55:04 +0000  copying file ./invite_linphone.png ... 
2025-03-11 12:55:04 +0000  2892 bytes for ./invite_linphone.png
2025-03-11 12:55:04 +0000  copying file ./numpad_star_over@2x.png ... 
2025-03-11 12:55:04 +0000  1028 bytes for ./numpad_star_over@2x.png
2025-03-11 12:55:04 +0000  copying file ./voip_conference_paused_big.png ... 
2025-03-11 12:55:04 +0000  2885 bytes for ./voip_conference_paused_big.png
2025-03-11 12:55:04 +0000  copying file ./numpad_4~ipad@2x.png ... 
2025-03-11 12:55:04 +0000  628 bytes for ./numpad_4~ipad@2x.png
2025-03-11 12:55:04 +0000  copying file ./numpad_4_default.png ... 
2025-03-11 12:55:04 +0000  592 bytes for ./numpad_4_default.png
2025-03-11 12:55:04 +0000  copying file ./numpad_star_over~ipad@2x.png ... 
2025-03-11 12:55:04 +0000  560 bytes for ./numpad_star_over~ipad@2x.png
2025-03-11 12:55:04 +0000  copying file ./voip_numpad_2.png ... 
2025-03-11 12:55:04 +0000  2342 bytes for ./voip_numpad_2.png
2025-03-11 12:55:04 +0000  copying file ./numpad_5_default@2x.png ... 
2025-03-11 12:55:04 +0000  1717 bytes for ./numpad_5_default@2x.png
2025-03-11 12:55:04 +0000  copying file ./voip_merge_calls.png ... 
2025-03-11 12:55:04 +0000  4413 bytes for ./voip_merge_calls.png
2025-03-11 12:55:04 +0000  copying file ./numpad_2_over@2x.png ... 
2025-03-11 12:55:04 +0000  1401 bytes for ./numpad_2_over@2x.png
2025-03-11 12:55:04 +0000  copying file ./voip_numpad_3.png ... 
2025-03-11 12:55:04 +0000  2710 bytes for ./voip_numpad_3.png
2025-03-11 12:55:04 +0000  copying file ./hu.lproj/HistoryListView.strings ... 
2025-03-11 12:55:04 +0000  1862 bytes for ./hu.lproj/HistoryListView.strings
2025-03-11 12:55:04 +0000  copying file ./hu.lproj/ChatConversationCreateView.strings ... 
2025-03-11 12:55:04 +0000  1432 bytes for ./hu.lproj/ChatConversationCreateView.strings
2025-03-11 12:55:04 +0000  copying file ./hu.lproj/ChatConversationInfoView.strings ... 
2025-03-11 12:55:04 +0000  2878 bytes for ./hu.lproj/ChatConversationInfoView.strings
2025-03-11 12:55:04 +0000  copying file ./hu.lproj/AssistantLinkView.strings ... 
2025-03-11 12:55:04 +0000  7102 bytes for ./hu.lproj/AssistantLinkView.strings
2025-03-11 12:55:04 +0000  copying file ./hu.lproj/UIConfirmationDialog.strings ... 
2025-03-11 12:55:04 +0000  1066 bytes for ./hu.lproj/UIConfirmationDialog.strings
2025-03-11 12:55:04 +0000  copying file ./hu.lproj/SideMenuView~ipad.strings ... 
2025-03-11 12:55:04 +0000  494 bytes for ./hu.lproj/SideMenuView~ipad.strings
2025-03-11 12:55:04 +0000  copying file ./hu.lproj/AssistantViewScreens.strings ... 
2025-03-11 12:55:04 +0000  35140 bytes for ./hu.lproj/AssistantViewScreens.strings
2025-03-11 12:55:04 +0000  copying file ./hu.lproj/TabBarView.strings ... 
2025-03-11 12:55:04 +0000  3738 bytes for ./hu.lproj/TabBarView.strings
2025-03-11 12:55:04 +0000  copying file ./hu.lproj/UIChatConversationInfoTableViewCell.strings ... 
2025-03-11 12:55:04 +0000  674 bytes for ./hu.lproj/UIChatConversationInfoTableViewCell.strings
2025-03-11 12:55:04 +0000  copying file ./hu.lproj/AssistantView.strings ... 
2025-03-11 12:55:04 +0000  712 bytes for ./hu.lproj/AssistantView.strings
2025-03-11 12:55:04 +0000  copying file ./hu.lproj/UIChatBubbleTextCell.strings ... 
2025-03-11 12:55:04 +0000  748 bytes for ./hu.lproj/UIChatBubbleTextCell.strings
2025-03-11 12:55:04 +0000  copying file ./hu.lproj/ShopView.strings ... 
2025-03-11 12:55:04 +0000  486 bytes for ./hu.lproj/ShopView.strings
2025-03-11 12:55:04 +0000  copying file ./hu.lproj/ChatsListView.strings ... 
2025-03-11 12:55:04 +0000  1926 bytes for ./hu.lproj/ChatsListView.strings
2025-03-11 12:55:04 +0000  copying file ./hu.lproj/ImageView.strings ... 
2025-03-11 12:55:04 +0000  288 bytes for ./hu.lproj/ImageView.strings
2025-03-11 12:55:04 +0000  copying file ./hu.lproj/ChatConversationView.strings ... 
2025-03-11 12:55:04 +0000  7502 bytes for ./hu.lproj/ChatConversationView.strings
2025-03-11 12:55:04 +0000  copying file ./hu.lproj/UIChatCreateCell.strings ... 
2025-03-11 12:55:04 +0000  746 bytes for ./hu.lproj/UIChatCreateCell.strings
2025-03-11 12:55:04 +0000  copying file ./hu.lproj/UIChatConversationImdnTableViewCell.strings ... 
2025-03-11 12:55:04 +0000  712 bytes for ./hu.lproj/UIChatConversationImdnTableViewCell.strings
2025-03-11 12:55:04 +0000  copying file ./hu.lproj/CountryListView.strings ... 
2025-03-11 12:55:04 +0000  500 bytes for ./hu.lproj/CountryListView.strings
2025-03-11 12:55:04 +0000  copying file ./hu.lproj/FirstLoginView.strings ... 
2025-03-11 12:55:04 +0000  7366 bytes for ./hu.lproj/FirstLoginView.strings
2025-03-11 12:55:04 +0000  copying file ./hu.lproj/ChatConversationImdnView.strings ... 
2025-03-11 12:55:04 +0000  1844 bytes for ./hu.lproj/ChatConversationImdnView.strings
2025-03-11 12:55:04 +0000  copying file ./hu.lproj/ContactDetailsView.strings ... 
2025-03-11 12:55:04 +0000  2962 bytes for ./hu.lproj/ContactDetailsView.strings
2025-03-11 12:55:04 +0000  copying file ./hu.lproj/StatusBarView.strings ... 
2025-03-11 12:55:04 +0000  1070 bytes for ./hu.lproj/StatusBarView.strings
2025-03-11 12:55:04 +0000  copying file ./hu.lproj/PhoneMainView.strings ... 
2025-03-11 12:55:04 +0000  1 bytes for ./hu.lproj/PhoneMainView.strings
2025-03-11 12:55:04 +0000  copying file ./hu.lproj/Localizable.strings ... 
2025-03-11 12:55:04 +0000  37253 bytes for ./hu.lproj/Localizable.strings
2025-03-11 12:55:04 +0000  copying file ./hu.lproj/UIHistoryCell.strings ... 
2025-03-11 12:55:04 +0000  480 bytes for ./hu.lproj/UIHistoryCell.strings
2025-03-11 12:55:04 +0000  copying file ./hu.lproj/UICompositeView.strings ... 
2025-03-11 12:55:04 +0000  1 bytes for ./hu.lproj/UICompositeView.strings
2025-03-11 12:55:04 +0000  copying file ./hu.lproj/AboutView.strings ... 
2025-03-11 12:55:04 +0000  4018 bytes for ./hu.lproj/AboutView.strings
2025-03-11 12:55:04 +0000  copying file ./hu.lproj/ContactsListView.strings ... 
2025-03-11 12:55:04 +0000  2236 bytes for ./hu.lproj/ContactsListView.strings
2025-03-11 12:55:04 +0000  copying file ./hu.lproj/SettingsView.strings ... 
2025-03-11 12:55:04 +0000  750 bytes for ./hu.lproj/SettingsView.strings
2025-03-11 12:55:04 +0000  copying file ./hu.lproj/UIChatBubblePhotoCell.strings ... 
2025-03-11 12:55:04 +0000  3260 bytes for ./hu.lproj/UIChatBubblePhotoCell.strings
2025-03-11 12:55:04 +0000  copying file ./hu.lproj/SideMenuView.strings ... 
2025-03-11 12:55:04 +0000  494 bytes for ./hu.lproj/SideMenuView.strings
2025-03-11 12:55:04 +0000  copying file ./hu.lproj/UIContactDetailsCell.strings ... 
2025-03-11 12:55:04 +0000  1526 bytes for ./hu.lproj/UIContactDetailsCell.strings
2025-03-11 12:55:04 +0000  copying file ./hu.lproj/UICompositeView~ipad.strings ... 
2025-03-11 12:55:04 +0000  1 bytes for ./hu.lproj/UICompositeView~ipad.strings
2025-03-11 12:55:04 +0000  copying file ./hu.lproj/DialerView.strings ... 
2025-03-11 12:55:04 +0000  3764 bytes for ./hu.lproj/DialerView.strings
2025-03-11 12:55:04 +0000  copying file ./hu.lproj/DialerView~ipad.strings ... 
2025-03-11 12:55:04 +0000  8658 bytes for ./hu.lproj/DialerView~ipad.strings
2025-03-11 12:55:04 +0000  copying file ./hu.lproj/UIChatCell.strings ... 
2025-03-11 12:55:04 +0000  1574 bytes for ./hu.lproj/UIChatCell.strings
2025-03-11 12:55:04 +0000  copying file ./hu.lproj/UIContactCell.strings ... 
2025-03-11 12:55:04 +0000  408 bytes for ./hu.lproj/UIContactCell.strings
2025-03-11 12:55:04 +0000  copying file ./hu.lproj/HistoryDetailsView.strings ... 
2025-03-11 12:55:04 +0000  5346 bytes for ./hu.lproj/HistoryDetailsView.strings
2025-03-11 12:55:04 +0000  copying file ./numpad_3~ipad.png ... 
2025-03-11 12:55:04 +0000  518 bytes for ./numpad_3~ipad.png
2025-03-11 12:55:04 +0000  copying file ./voip_audio_routes.png ... 
2025-03-11 12:55:04 +0000  3511 bytes for ./voip_audio_routes.png
2025-03-11 12:55:04 +0000  copying file ./numpad_2~ipad.png ... 
2025-03-11 12:55:04 +0000  429 bytes for ./numpad_2~ipad.png
2025-03-11 12:55:04 +0000  copying file ./voip_call_header_paused.png ... 
2025-03-11 12:55:04 +0000  1141 bytes for ./voip_call_header_paused.png
2025-03-11 12:55:04 +0000  copying file ./footer_contacts_disabled.png ... 
2025-03-11 12:55:04 +0000  548 bytes for ./footer_contacts_disabled.png
2025-03-11 12:55:04 +0000  copying file ./call_back_default@2x.png ... 
2025-03-11 12:55:04 +0000  2834 bytes for ./call_back_default@2x.png
2025-03-11 12:55:04 +0000  copying file ./GoogleDataTransport_GoogleDataTransport.bundle/PrivacyInfo.xcprivacy ... 
2025-03-11 12:55:04 +0000  1105 bytes for ./GoogleDataTransport_GoogleDataTransport.bundle/PrivacyInfo.xcprivacy
2025-03-11 12:55:04 +0000  copying file ./GoogleDataTransport_GoogleDataTransport.bundle/Info.plist ... 
2025-03-11 12:55:04 +0000  725 bytes for ./GoogleDataTransport_GoogleDataTransport.bundle/Info.plist
2025-03-11 12:55:04 +0000  copying file ./Promises_FBLPromises.bundle/PrivacyInfo.xcprivacy ... 
2025-03-11 12:55:04 +0000  373 bytes for ./Promises_FBLPromises.bundle/PrivacyInfo.xcprivacy
2025-03-11 12:55:04 +0000  copying file ./Promises_FBLPromises.bundle/Info.plist ... 
2025-03-11 12:55:04 +0000  687 bytes for ./Promises_FBLPromises.bundle/Info.plist
2025-03-11 12:55:04 +0000  copying file ./chat_start_body_over@2x.png ... 
2025-03-11 12:55:04 +0000  3965 bytes for ./chat_start_body_over@2x.png
2025-03-11 12:55:04 +0000  copying file ./voip_call_header_active.png ... 
2025-03-11 12:55:04 +0000  1606 bytes for ./voip_call_header_active.png
2025-03-11 12:55:04 +0000  copying file ./speaker_default@2x.png ... 
2025-03-11 12:55:04 +0000  1213 bytes for ./speaker_default@2x.png
2025-03-11 12:55:04 +0000  copying file ./MainStoryboard.storyboardc/eUP-Pz-8te-view-6Tz-cV-9RM.nib ... 
2025-03-11 12:55:04 +0000  1457 bytes for ./MainStoryboard.storyboardc/eUP-Pz-8te-view-6Tz-cV-9RM.nib
2025-03-11 12:55:04 +0000  copying file ./MainStoryboard.storyboardc/PhoneMainView.nib ... 
2025-03-11 12:55:04 +0000  1259 bytes for ./MainStoryboard.storyboardc/PhoneMainView.nib
2025-03-11 12:55:04 +0000  copying file ./MainStoryboard.storyboardc/Info.plist ... 
2025-03-11 12:55:04 +0000  195 bytes for ./MainStoryboard.storyboardc/Info.plist
2025-03-11 12:55:04 +0000  copying file ./vr_off.png ... 
2025-03-11 12:55:04 +0000  1588 bytes for ./vr_off.png
2025-03-11 12:55:04 +0000  copying file ./avatar.png ... 
2025-03-11 12:55:04 +0000  7680 bytes for ./avatar.png
2025-03-11 12:55:04 +0000  copying file ./call_status_outgoing~ipad.png ... 
2025-03-11 12:55:04 +0000  1143 bytes for ./call_status_outgoing~ipad.png
2025-03-11 12:55:04 +0000  copying file ./call_alt_back_disabled@2x.png ... 
2025-03-11 12:55:04 +0000  2052 bytes for ./call_alt_back_disabled@2x.png
2025-03-11 12:55:04 +0000  copying file ./chat_list_indicator~ipad@2x.png ... 
2025-03-11 12:55:04 +0000  519 bytes for ./chat_list_indicator~ipad@2x.png
2025-03-11 12:55:04 +0000  copying file ./delete_field_over.png ... 
2025-03-11 12:55:04 +0000  496 bytes for ./delete_field_over.png
2025-03-11 12:55:04 +0000  copying file ./contacts_all_disabled@2x.png ... 
2025-03-11 12:55:04 +0000  1325 bytes for ./contacts_all_disabled@2x.png
2025-03-11 12:55:04 +0000  copying file ./ka.lproj/Localizable.strings ... 
2025-03-11 12:55:04 +0000  16892 bytes for ./ka.lproj/Localizable.strings
2025-03-11 12:55:04 +0000  copying file ./menu_link_account@2x.png ... 
2025-03-11 12:55:04 +0000  2733 bytes for ./menu_link_account@2x.png
2025-03-11 12:55:04 +0000  copying file ./call_start_body_over~ipad@2x.png ... 
2025-03-11 12:55:04 +0000  3117 bytes for ./call_start_body_over~ipad@2x.png
2025-03-11 12:55:04 +0000  copying file ./voip_delete.png ... 
2025-03-11 12:55:04 +0000  2536 bytes for ./voip_delete.png
2025-03-11 12:55:04 +0000  copying file ./menu.png ... 
2025-03-11 12:55:04 +0000  228 bytes for ./menu.png
2025-03-11 12:55:04 +0000  copying file ./GoogleUtilities_GoogleUtilities-Network.bundle/PrivacyInfo.xcprivacy ... 
2025-03-11 12:55:04 +0000  856 bytes for ./GoogleUtilities_GoogleUtilities-Network.bundle/PrivacyInfo.xcprivacy
2025-03-11 12:55:04 +0000  copying file ./GoogleUtilities_GoogleUtilities-Network.bundle/Info.plist ... 
2025-03-11 12:55:04 +0000  725 bytes for ./GoogleUtilities_GoogleUtilities-Network.bundle/Info.plist
2025-03-11 12:55:04 +0000  copying file ./call_status_outgoing.png ... 
2025-03-11 12:55:04 +0000  1377 bytes for ./call_status_outgoing.png
2025-03-11 12:55:04 +0000  copying file ./camera_switch_over.png ... 
2025-03-11 12:55:04 +0000  1690 bytes for ./camera_switch_over.png
2025-03-11 12:55:04 +0000  copying file ./reply_cancel.png ... 
2025-03-11 12:55:04 +0000  2050 bytes for ./reply_cancel.png
2025-03-11 12:55:04 +0000  copying file ./voip_call_record.png ... 
2025-03-11 12:55:04 +0000  3426 bytes for ./voip_call_record.png
2025-03-11 12:55:04 +0000  copying file ./new_chat_send_default.png ... 
2025-03-11 12:55:04 +0000  1283 bytes for ./new_chat_send_default.png
2025-03-11 12:55:04 +0000  copying file ./voip_speaker_off.png ... 
2025-03-11 12:55:04 +0000  3533 bytes for ./voip_speaker_off.png
2025-03-11 12:55:04 +0000  copying file ./linphonerc-factory ... 
2025-03-11 12:55:04 +0000  1388 bytes for ./linphonerc-factory
2025-03-11 12:55:04 +0000  copying file ./edit_list_disabled@2x.png ... 
2025-03-11 12:55:04 +0000  1043 bytes for ./edit_list_disabled@2x.png
2025-03-11 12:55:04 +0000  copying file ./footer_contacts_disabled@2x.png ... 
2025-03-11 12:55:04 +0000  967 bytes for ./footer_contacts_disabled@2x.png
2025-03-11 12:55:04 +0000  copying file ./security_toogle_background_grey@2x.png ... 
2025-03-11 12:55:04 +0000  1020 bytes for ./security_toogle_background_grey@2x.png
2025-03-11 12:55:04 +0000  copying file ./numpad_star_over.png ... 
2025-03-11 12:55:04 +0000  534 bytes for ./numpad_star_over.png
2025-03-11 12:55:04 +0000  copying file ./numpad_2_default@2x.png ... 
2025-03-11 12:55:04 +0000  1464 bytes for ./numpad_2_default@2x.png
2025-03-11 12:55:04 +0000  copying file ./pause_small_disabled@2x.png ... 
2025-03-11 12:55:04 +0000  1836 bytes for ./pause_small_disabled@2x.png
2025-03-11 12:55:04 +0000  copying file ./chat_delivered.png ... 
2025-03-11 12:55:04 +0000  743 bytes for ./chat_delivered.png
2025-03-11 12:55:04 +0000  copying file ./security_alert_indicator.png ... 
2025-03-11 12:55:04 +0000  1167 bytes for ./security_alert_indicator.png
2025-03-11 12:55:04 +0000  copying file ./voip_numpad_1.png ... 
2025-03-11 12:55:04 +0000  2982 bytes for ./voip_numpad_1.png
2025-03-11 12:55:04 +0000  copying file ./Assets.car ... 
2025-03-11 12:55:04 +0000  1621599 bytes for ./Assets.car
2025-03-11 12:55:04 +0000  copying file ./route_speaker_disabled.png ... 
2025-03-11 12:55:04 +0000  460 bytes for ./route_speaker_disabled.png
2025-03-11 12:55:04 +0000  copying file ./voip_conference_new.png ... 
2025-03-11 12:55:04 +0000  5366 bytes for ./voip_conference_new.png
2025-03-11 12:55:04 +0000  copying file ./voip_menu_more.png ... 
2025-03-11 12:55:04 +0000  1626 bytes for ./voip_menu_more.png
2025-03-11 12:55:04 +0000  copying file ./menu_voip_meeting_schedule.png ... 
2025-03-11 12:55:04 +0000  5579 bytes for ./menu_voip_meeting_schedule.png
2025-03-11 12:55:04 +0000  copying file ./voip_change_camera.png ... 
2025-03-11 12:55:04 +0000  1632 bytes for ./voip_change_camera.png
copying file ./checkbox_unchecked@2x.png ... 
2025-03-11 12:55:04 +0000  331 bytes for ./checkbox_unchecked@2x.png
2025-03-11 12:55:04 +0000  copying file ./voip_numpad_0.png ... 
2025-03-11 12:55:04 +0000  6254 bytes for ./voip_numpad_0.png
2025-03-11 12:55:04 +0000  copying file ./linphonerc ... 
2025-03-11 12:55:04 +0000  2894 bytes for ./linphonerc
2025-03-11 12:55:04 +0000  copying file ./tr.lproj/Localizable.strings ... 
2025-03-11 12:55:04 +0000  35673 bytes for ./tr.lproj/Localizable.strings
2025-03-11 12:55:04 +0000  copying file ./footer_contacts_default.png ... 
2025-03-11 12:55:04 +0000  1115 bytes for ./footer_contacts_default.png
2025-03-11 12:55:04 +0000  copying file ./options_add_call_default.png ... 
2025-03-11 12:55:04 +0000  1445 bytes for ./options_add_call_default.png
2025-03-11 12:55:04 +0000  copying file ./chat_send_default@2x.png ... 
2025-03-11 12:55:04 +0000  2924 bytes for ./chat_send_default@2x.png
2025-03-11 12:55:04 +0000  copying file ./conference_exit_default@2x.png ... 
2025-03-11 12:55:04 +0000  2587 bytes for ./conference_exit_default@2x.png
2025-03-11 12:55:04 +0000  copying file ./pl.lproj/Localizable.strings ... 
2025-03-11 12:55:04 +0000  28391 bytes for ./pl.lproj/Localizable.strings
2025-03-11 12:55:04 +0000  copying file ./valid_disabled@2x.png ... 
2025-03-11 12:55:04 +0000  665 bytes for ./valid_disabled@2x.png
2025-03-11 12:55:04 +0000  copying file ./menu_link_account.png ... 
2025-03-11 12:55:04 +0000  1476 bytes for ./menu_link_account.png
2025-03-11 12:55:04 +0000  copying file ./numpad_0_over~ipad@2x.png ... 
2025-03-11 12:55:04 +0000  1088 bytes for ./numpad_0_over~ipad@2x.png
2025-03-11 12:55:04 +0000  copying file ./numpad_hash_over~ipad@2x.png ... 
2025-03-11 12:55:04 +0000  427 bytes for ./numpad_hash_over~ipad@2x.png
2025-03-11 12:55:04 +0000  copying file ./zh_TW.lproj/Localizable.strings ... 
2025-03-11 12:55:04 +0000  21437 bytes for ./zh_TW.lproj/Localizable.strings
2025-03-11 12:55:04 +0000  copying file ./presence_unregistered@2x.png ... 
2025-03-11 12:55:04 +0000  519 bytes for ./presence_unregistered@2x.png
2025-03-11 12:55:04 +0000  copying file ./chat_attachment_over@2x.png ... 
2025-03-11 12:55:04 +0000  2499 bytes for ./chat_attachment_over@2x.png
2025-03-11 12:55:04 +0000  copying file ./voip_copy.png ... 
2025-03-11 12:55:04 +0000  2050 bytes for ./voip_copy.png
2025-03-11 12:55:04 +0000  copying file ./footer_chat_disabled.png ... 
2025-03-11 12:55:04 +0000  547 bytes for ./footer_chat_disabled.png
2025-03-11 12:55:04 +0000  copying file ./call_audio_start_disabled@2x.png ... 
2025-03-11 12:55:04 +0000  1658 bytes for ./call_audio_start_disabled@2x.png
2025-03-11 12:55:04 +0000  copying file ./contacts_all_selected@2x.png ... 
2025-03-11 12:55:04 +0000  2276 bytes for ./contacts_all_selected@2x.png
2025-03-11 12:55:04 +0000  copying file ./numpad_9~ipad.png ... 
2025-03-11 12:55:04 +0000  577 bytes for ./numpad_9~ipad.png
2025-03-11 12:55:04 +0000  copying file ./numpad_8~ipad.png ... 
2025-03-11 12:55:04 +0000  595 bytes for ./numpad_8~ipad.png
2025-03-11 12:55:04 +0000  copying file ./AppIcon76x76@2x~ipad.png ... 
2025-03-11 12:55:04 +0000  8015 bytes for ./AppIcon76x76@2x~ipad.png
2025-03-11 12:55:04 +0000  copying file ./numpad_8~ipad@2x.png ... 
2025-03-11 12:55:04 +0000  1097 bytes for ./numpad_8~ipad@2x.png
2025-03-11 12:55:04 +0000  copying file ./checkbox_checked.png ... 
2025-03-11 12:55:04 +0000  357 bytes for ./checkbox_checked.png
2025-03-11 12:55:04 +0000  copying file ./call_quality_indicator_2.png ... 
2025-03-11 12:55:04 +0000  349 bytes for ./call_quality_indicator_2.png
2025-03-11 12:55:04 +0000  copying file ./numpad_8_default.png ... 
2025-03-11 12:55:04 +0000  1090 bytes for ./numpad_8_default.png
2025-03-11 12:55:04 +0000  copying file ./camera_switch_disabled.png ... 
2025-03-11 12:55:04 +0000  1570 bytes for ./camera_switch_disabled.png
2025-03-11 12:55:04 +0000  copying file ./delete_disabled@2x.png ... 
2025-03-11 12:55:04 +0000  846 bytes for ./delete_disabled@2x.png
2025-03-11 12:55:04 +0000  copying file ./delete_default.png ... 
2025-03-11 12:55:04 +0000  813 bytes for ./delete_default.png
2025-03-11 12:55:04 +0000  copying file ./voip_conference_new_selected.png ... 
2025-03-11 12:55:04 +0000  1890 bytes for ./voip_conference_new_selected.png
2025-03-11 12:55:04 +0000  copying file ./assistant_remote.rc ... 
2025-03-11 12:55:04 +0000  1403 bytes for ./assistant_remote.rc
2025-03-11 12:55:04 +0000  copying file ./micro_selected@2x.png ... 
2025-03-11 12:55:04 +0000  2228 bytes for ./micro_selected@2x.png
2025-03-11 12:55:04 +0000  copying file ./call_start_body_default.png ... 
2025-03-11 12:55:04 +0000  1840 bytes for ./call_start_body_default.png
2025-03-11 12:55:04 +0000  copying file ./micro_default.png ... 
2025-03-11 12:55:04 +0000  1253 bytes for ./micro_default.png
2025-03-11 12:55:04 +0000  copying file ./route_bluetooth_default@2x.png ... 
2025-03-11 12:55:04 +0000  1307 bytes for ./route_bluetooth_default@2x.png
2025-03-11 12:55:04 +0000  copying file ./call_video_start_default.png ... 
2025-03-11 12:55:04 +0000  1460 bytes for ./call_video_start_default.png
2025-03-11 12:55:04 +0000  copying file ./avatar@2x.png ... 
2025-03-11 12:55:04 +0000  17322 bytes for ./avatar@2x.png
2025-03-11 12:55:04 +0000  copying file ./UIChatNotifiedEventCell.nib ... 
2025-03-11 12:55:04 +0000  2833 bytes for ./UIChatNotifiedEventCell.nib
2025-03-11 12:55:04 +0000  copying file ./footer_dialer_disabled@2x.png ... 
2025-03-11 12:55:04 +0000  1542 bytes for ./footer_dialer_disabled@2x.png
2025-03-11 12:55:04 +0000  copying file ./micro_selected.png ... 
2025-03-11 12:55:04 +0000  1255 bytes for ./micro_selected.png
2025-03-11 12:55:04 +0000  copying file ./voip_single_contact_avatar.png ... 
2025-03-11 12:55:04 +0000  4390 bytes for ./voip_single_contact_avatar.png
2025-03-11 12:55:04 +0000  copying file ./numpad_8_over~ipad.png ... 
2025-03-11 12:55:04 +0000  560 bytes for ./numpad_8_over~ipad.png
2025-03-11 12:55:04 +0000  copying file ./call_status_incoming~ipad.png ... 
2025-03-11 12:55:04 +0000  1051 bytes for ./call_status_incoming~ipad.png
2025-03-11 12:55:04 +0000  copying file ./voip_numpad_4.png ... 
2025-03-11 12:55:04 +0000  1727 bytes for ./voip_numpad_4.png
2025-03-11 12:55:04 +0000  copying file ./hold.mkv ... 
2025-03-11 12:55:04 +0000  919618 bytes for ./hold.mkv
2025-03-11 12:55:04 +0000  copying file ./back_default.png ... 
2025-03-11 12:55:04 +0000  504 bytes for ./back_default.png
2025-03-11 12:55:04 +0000  copying file ./voip_conference_active_speaker.png ... 
2025-03-11 12:55:04 +0000  1336 bytes for ./voip_conference_active_speaker.png
2025-03-11 12:55:04 +0000  copying file ./numpad_4_over~ipad@2x.png ... 
2025-03-11 12:55:04 +0000  593 bytes for ./numpad_4_over~ipad@2x.png
2025-03-11 12:55:04 +0000  copying file ./invite_linphone@2x.png ... 
2025-03-11 12:55:04 +0000  2892 bytes for ./invite_linphone@2x.png
2025-03-11 12:55:04 +0000  copying file ./voip_edit.png ... 
2025-03-11 12:55:04 +0000  1890 bytes for ./voip_edit.png
2025-03-11 12:55:04 +0000  copying file ./route_earpiece_default.png ... 
2025-03-11 12:55:04 +0000  938 bytes for ./route_earpiece_default.png
2025-03-11 12:55:04 +0000  copying file ./call_missed@2x.png ... 
2025-03-11 12:55:04 +0000  592 bytes for ./call_missed@2x.png
2025-03-11 12:55:04 +0000  copying file ./back_default@2x.png ... 
2025-03-11 12:55:04 +0000  868 bytes for ./back_default@2x.png
2025-03-11 12:55:04 +0000  copying file ./forward_message_default.png ... 
2025-03-11 12:55:04 +0000  3572 bytes for ./forward_message_default.png
2025-03-11 12:55:04 +0000  copying file ./voip_numpad_5.png ... 
2025-03-11 12:55:04 +0000  2631 bytes for ./voip_numpad_5.png
copying file ./voip_call_stats.png ... 
2025-03-11 12:55:04 +0000  1348 bytes for ./voip_call_stats.png
copying file ./presence_online.png ... 
2025-03-11 12:55:04 +0000  590 bytes for ./presence_online.png
2025-03-11 12:55:04 +0000  copying file ./Firebase_FirebaseCoreExtension.bundle/PrivacyInfo.xcprivacy ... 
2025-03-11 12:55:04 +0000  478 bytes for ./Firebase_FirebaseCoreExtension.bundle/PrivacyInfo.xcprivacy
2025-03-11 12:55:04 +0000  copying file ./Firebase_FirebaseCoreExtension.bundle/Info.plist ... 
2025-03-11 12:55:04 +0000  715 bytes for ./Firebase_FirebaseCoreExtension.bundle/Info.plist
2025-03-11 12:55:04 +0000  copying file ./voip_pause.png ... 
2025-03-11 12:55:04 +0000  957 bytes for ./voip_pause.png
2025-03-11 12:55:04 +0000  copying file ./route_bluetooth_disabled@2x.png ... 
2025-03-11 12:55:04 +0000  804 bytes for ./route_bluetooth_disabled@2x.png
2025-03-11 12:55:04 +0000  copying file ./call_quality_indicator_3.png ... 
2025-03-11 12:55:04 +0000  332 bytes for ./call_quality_indicator_3.png
2025-03-11 12:55:04 +0000  copying file ./conference_schedule_calendar_default.png ... 
2025-03-11 12:55:04 +0000  186 bytes for ./conference_schedule_calendar_default.png
2025-03-11 12:55:04 +0000  copying file ./numpad_3_default@2x.png ... 
2025-03-11 12:55:04 +0000  1773 bytes for ./numpad_3_default@2x.png
copying file ./call_audio_start_default.png ... 
2025-03-11 12:55:04 +0000  1728 bytes for ./call_audio_start_default.png
2025-03-11 12:55:04 +0000  copying file ./numpad_3_over.png ... 
2025-03-11 12:55:04 +0000  850 bytes for ./numpad_3_over.png
2025-03-11 12:55:04 +0000  copying file ./numpad_2_over.png ... 
2025-03-11 12:55:04 +0000  657 bytes for ./numpad_2_over.png
2025-03-11 12:55:04 +0000  copying file ./call_quality_indicator_1.png ... 
2025-03-11 12:55:04 +0000  315 bytes for ./call_quality_indicator_1.png
2025-03-11 12:55:04 +0000  copying file ./call_status_incoming~ipad@2x.png ... 
2025-03-11 12:55:04 +0000  1799 bytes for ./call_status_incoming~ipad@2x.png
2025-03-11 12:55:04 +0000  copying file ./pause_small_over_selected.png ... 
2025-03-11 12:55:04 +0000  918 bytes for ./pause_small_over_selected.png
2025-03-11 12:55:04 +0000  copying file ./security_ok@2x.png ... 
2025-03-11 12:55:04 +0000  900 bytes for ./security_ok@2x.png
2025-03-11 12:55:04 +0000  copying file ./chat_error.png ... 
2025-03-11 12:55:04 +0000  566 bytes for ./chat_error.png
2025-03-11 12:55:04 +0000  copying file ./pause_big_default@2x.png ... 
2025-03-11 12:55:04 +0000  2496 bytes for ./pause_big_default@2x.png
2025-03-11 12:55:04 +0000  copying file ./LaunchImage-700-568h@2x.png ... 
2025-03-11 12:55:04 +0000  15022 bytes for ./LaunchImage-700-568h@2x.png
2025-03-11 12:55:04 +0000  copying file ./voip_call_add.png ... 
2025-03-11 12:55:04 +0000  6915 bytes for ./voip_call_add.png
2025-03-11 12:55:04 +0000  copying file ./dialer_alt_back.png ... 
2025-03-11 12:55:04 +0000  564 bytes for ./dialer_alt_back.png
2025-03-11 12:55:04 +0000  copying file ./ru.lproj/HistoryListView.strings ... 
2025-03-11 12:55:04 +0000  1826 bytes for ./ru.lproj/HistoryListView.strings
2025-03-11 12:55:04 +0000  copying file ./ru.lproj/AssistantViewScreens.strings ... 
2025-03-11 12:55:04 +0000  36016 bytes for ./ru.lproj/AssistantViewScreens.strings
2025-03-11 12:55:04 +0000  copying file ./ru.lproj/TabBarView.strings ... 
2025-03-11 12:55:04 +0000  3694 bytes for ./ru.lproj/TabBarView.strings
2025-03-11 12:55:04 +0000  copying file ./ru.lproj/AssistantView.strings ... 
2025-03-11 12:55:04 +0000  720 bytes for ./ru.lproj/AssistantView.strings
2025-03-11 12:55:04 +0000  copying file ./ru.lproj/ChatsListView.strings ... 
2025-03-11 12:55:04 +0000  1896 bytes for ./ru.lproj/ChatsListView.strings
2025-03-11 12:55:04 +0000  copying file ./ru.lproj/ImageView.strings ... 
2025-03-11 12:55:04 +0000  292 bytes for ./ru.lproj/ImageView.strings
2025-03-11 12:55:04 +0000  copying file ./ru.lproj/ChatConversationView.strings ... 
2025-03-11 12:55:04 +0000  7498 bytes for ./ru.lproj/ChatConversationView.strings
2025-03-11 12:55:04 +0000  copying file ./ru.lproj/ContactDetailsView.strings ... 
2025-03-11 12:55:04 +0000  2930 bytes for ./ru.lproj/ContactDetailsView.strings
2025-03-11 12:55:04 +0000  copying file ./ru.lproj/Localizable.strings ... 
2025-03-11 12:55:04 +0000  45169 bytes for ./ru.lproj/Localizable.strings
2025-03-11 12:55:04 +0000  copying file ./ru.lproj/ContactsListView.strings ... 
2025-03-11 12:55:04 +0000  2200 bytes for ./ru.lproj/ContactsListView.strings
copying file ./ru.lproj/DialerView.strings ... 
2025-03-11 12:55:04 +0000  3700 bytes for ./ru.lproj/DialerView.strings
2025-03-11 12:55:04 +0000  copying file ./ru.lproj/HistoryDetailsView.strings ... 
2025-03-11 12:55:04 +0000  5134 bytes for ./ru.lproj/HistoryDetailsView.strings
2025-03-11 12:55:04 +0000  copying file ./voip_call_numpad.png ... 
2025-03-11 12:55:04 +0000  6194 bytes for ./voip_call_numpad.png
2025-03-11 12:55:04 +0000  copying file ./numpad_star~ipad.png ... 
2025-03-11 12:55:04 +0000  340 bytes for ./numpad_star~ipad.png
2025-03-11 12:55:04 +0000  copying file ./conference_exit_over.png ... 
2025-03-11 12:55:04 +0000  1021 bytes for ./conference_exit_over.png
2025-03-11 12:55:04 +0000  copying file ./numpad_1_default.png ... 
2025-03-11 12:55:04 +0000  1023 bytes for ./numpad_1_default.png
2025-03-11 12:55:04 +0000  copying file ./file_audio_default.png ... 
2025-03-11 12:55:04 +0000  1581 bytes for ./file_audio_default.png
2025-03-11 12:55:04 +0000  copying file ./micro_disabled@2x.png ... 
2025-03-11 12:55:04 +0000  1486 bytes for ./micro_disabled@2x.png
2025-03-11 12:55:04 +0000  copying file ./chat_send_over@2x.png ... 
2025-03-11 12:55:04 +0000  2598 bytes for ./chat_send_over@2x.png
copying file ./chat_group_informations.png ... 
2025-03-11 12:55:04 +0000  1178 bytes for ./chat_group_informations.png
2025-03-11 12:55:04 +0000  copying file ./voip_numpad_hash.png ... 
2025-03-11 12:55:04 +0000  3667 bytes for ./voip_numpad_hash.png
2025-03-11 12:55:04 +0000  copying file ./numpad_1~ipad@2x.png ... 
2025-03-11 12:55:04 +0000  1017 bytes for ./numpad_1~ipad@2x.png
2025-03-11 12:55:04 +0000  copying file ./next_disabled.png ... 
2025-03-11 12:55:04 +0000  305 bytes for ./next_disabled.png
2025-03-11 12:55:04 +0000  copying file ./call_transfer_default.png ... 
2025-03-11 12:55:04 +0000  2053 bytes for ./call_transfer_default.png
2025-03-11 12:55:04 +0000  copying file ./mango_logo.png ... 
2025-03-11 12:55:04 +0000  46448 bytes for ./mango_logo.png
2025-03-11 12:55:04 +0000  copying file ./security_toogle_background_green.png ... 
2025-03-11 12:55:04 +0000  1090 bytes for ./security_toogle_background_green.png
2025-03-11 12:55:04 +0000  copying file ./InAppSettings.bundle/de.lproj/Tunnel.strings ... 
2025-03-11 12:55:04 +0000  118 bytes for ./InAppSettings.bundle/de.lproj/Tunnel.strings
2025-03-11 12:55:04 +0000  copying file ./InAppSettings.bundle/de.lproj/Audio.strings ... 
2025-03-11 12:55:04 +0000  1604 bytes for ./InAppSettings.bundle/de.lproj/Audio.strings
2025-03-11 12:55:04 +0000  copying file ./InAppSettings.bundle/de.lproj/Call.strings ... 
2025-03-11 12:55:04 +0000  678 bytes for ./InAppSettings.bundle/de.lproj/Call.strings
2025-03-11 12:55:04 +0000  copying file ./InAppSettings.bundle/de.lproj/Chat.strings ... 
2025-03-11 12:55:04 +0000  528 bytes for ./InAppSettings.bundle/de.lproj/Chat.strings
2025-03-11 12:55:04 +0000  copying file ./InAppSettings.bundle/de.lproj/Account.strings ... 
2025-03-11 12:55:04 +0000  1336 bytes for ./InAppSettings.bundle/de.lproj/Account.strings
2025-03-11 12:55:04 +0000  copying file ./InAppSettings.bundle/de.lproj/Video.strings ... 
2025-03-11 12:55:04 +0000  908 bytes for ./InAppSettings.bundle/de.lproj/Video.strings
2025-03-11 12:55:04 +0000  copying file ./InAppSettings.bundle/de.lproj/Root.strings ... 
2025-03-11 12:55:04 +0000  1406 bytes for ./InAppSettings.bundle/de.lproj/Root.strings
2025-03-11 12:55:04 +0000  copying file ./InAppSettings.bundle/de.lproj/Network.strings ... 
2025-03-11 12:55:04 +0000  1008 bytes for ./InAppSettings.bundle/de.lproj/Network.strings
2025-03-11 12:55:04 +0000  copying file ./InAppSettings.bundle/de.lproj/Advanced.strings ... 
2025-03-11 12:55:04 +0000  1254 bytes for ./InAppSettings.bundle/de.lproj/Advanced.strings
2025-03-11 12:55:04 +0000  copying file ./InAppSettings.bundle/ar.lproj/Tunnel.strings ... 
2025-03-11 12:55:04 +0000  122 bytes for ./InAppSettings.bundle/ar.lproj/Tunnel.strings
2025-03-11 12:55:04 +0000  copying file ./InAppSettings.bundle/ar.lproj/Audio.strings ... 
2025-03-11 12:55:04 +0000  1494 bytes for ./InAppSettings.bundle/ar.lproj/Audio.strings
2025-03-11 12:55:04 +0000  copying file ./InAppSettings.bundle/ar.lproj/Call.strings ... 
2025-03-11 12:55:04 +0000  584 bytes for ./InAppSettings.bundle/ar.lproj/Call.strings
2025-03-11 12:55:04 +0000  copying file ./InAppSettings.bundle/ar.lproj/Chat.strings ... 
2025-03-11 12:55:04 +0000  506 bytes for ./InAppSettings.bundle/ar.lproj/Chat.strings
2025-03-11 12:55:04 +0000  copying file ./InAppSettings.bundle/ar.lproj/Account.strings ... 
2025-03-11 12:55:04 +0000  1268 bytes for ./InAppSettings.bundle/ar.lproj/Account.strings
2025-03-11 12:55:04 +0000  copying file ./InAppSettings.bundle/ar.lproj/Video.strings ... 
2025-03-11 12:55:04 +0000  846 bytes for ./InAppSettings.bundle/ar.lproj/Video.strings
2025-03-11 12:55:04 +0000  copying file ./InAppSettings.bundle/ar.lproj/Root.strings ... 
2025-03-11 12:55:04 +0000  1358 bytes for ./InAppSettings.bundle/ar.lproj/Root.strings
2025-03-11 12:55:04 +0000  copying file ./InAppSettings.bundle/ar.lproj/Network.strings ... 
2025-03-11 12:55:04 +0000  1004 bytes for ./InAppSettings.bundle/ar.lproj/Network.strings
2025-03-11 12:55:04 +0000  copying file ./InAppSettings.bundle/ar.lproj/Advanced.strings ... 
2025-03-11 12:55:04 +0000  1102 bytes for ./InAppSettings.bundle/ar.lproj/Advanced.strings
2025-03-11 12:55:04 +0000  copying file ./InAppSettings.bundle/ja.lproj/Tunnel.strings ... 
2025-03-11 12:55:04 +0000  110 bytes for ./InAppSettings.bundle/ja.lproj/Tunnel.strings
2025-03-11 12:55:04 +0000  copying file ./InAppSettings.bundle/ja.lproj/Audio.strings ... 
2025-03-11 12:55:04 +0000  1436 bytes for ./InAppSettings.bundle/ja.lproj/Audio.strings
2025-03-11 12:55:04 +0000  copying file ./InAppSettings.bundle/ja.lproj/Call.strings ... 
2025-03-11 12:55:04 +0000  480 bytes for ./InAppSettings.bundle/ja.lproj/Call.strings
2025-03-11 12:55:04 +0000  copying file ./InAppSettings.bundle/ja.lproj/Chat.strings ... 
2025-03-11 12:55:04 +0000  518 bytes for ./InAppSettings.bundle/ja.lproj/Chat.strings
2025-03-11 12:55:04 +0000  copying file ./InAppSettings.bundle/ja.lproj/Account.strings ... 
2025-03-11 12:55:04 +0000  1172 bytes for ./InAppSettings.bundle/ja.lproj/Account.strings
2025-03-11 12:55:04 +0000  copying file ./InAppSettings.bundle/ja.lproj/Video.strings ... 
2025-03-11 12:55:04 +0000  734 bytes for ./InAppSettings.bundle/ja.lproj/Video.strings
2025-03-11 12:55:04 +0000  copying file ./InAppSettings.bundle/ja.lproj/Root.strings ... 
2025-03-11 12:55:04 +0000  1178 bytes for ./InAppSettings.bundle/ja.lproj/Root.strings
2025-03-11 12:55:04 +0000  copying file ./InAppSettings.bundle/ja.lproj/Network.strings ... 
2025-03-11 12:55:04 +0000  828 bytes for ./InAppSettings.bundle/ja.lproj/Network.strings
2025-03-11 12:55:04 +0000  copying file ./InAppSettings.bundle/ja.lproj/Advanced.strings ... 
2025-03-11 12:55:04 +0000  900 bytes for ./InAppSettings.bundle/ja.lproj/Advanced.strings
2025-03-11 12:55:04 +0000  copying file ./InAppSettings.bundle/en.lproj/Tunnel.strings ... 
2025-03-11 12:55:04 +0000  116 bytes for ./InAppSettings.bundle/en.lproj/Tunnel.strings
2025-03-11 12:55:04 +0000  copying file ./InAppSettings.bundle/en.lproj/Audio.strings ... 
2025-03-11 12:55:04 +0000  1524 bytes for ./InAppSettings.bundle/en.lproj/Audio.strings
2025-03-11 12:55:04 +0000  copying file ./InAppSettings.bundle/en.lproj/Call.strings ... 
2025-03-11 12:55:04 +0000  754 bytes for ./InAppSettings.bundle/en.lproj/Call.strings
2025-03-11 12:55:04 +0000  copying file ./InAppSettings.bundle/en.lproj/Chat.strings ... 
2025-03-11 12:55:04 +0000  600 bytes for ./InAppSettings.bundle/en.lproj/Chat.strings
2025-03-11 12:55:04 +0000  copying file ./InAppSettings.bundle/en.lproj/Account.strings ... 
2025-03-11 12:55:04 +0000  1378 bytes for ./InAppSettings.bundle/en.lproj/Account.strings
2025-03-11 12:55:04 +0000  copying file ./InAppSettings.bundle/en.lproj/Video.strings ... 
2025-03-11 12:55:04 +0000  880 bytes for ./InAppSettings.bundle/en.lproj/Video.strings
copying file ./InAppSettings.bundle/en.lproj/Root.strings ... 
2025-03-11 12:55:04 +0000  1362 bytes for ./InAppSettings.bundle/en.lproj/Root.strings
copying file ./InAppSettings.bundle/en.lproj/Network.strings ... 
2025-03-11 12:55:04 +0000  902 bytes for ./InAppSettings.bundle/en.lproj/Network.strings
2025-03-11 12:55:04 +0000  copying file ./InAppSettings.bundle/en.lproj/Advanced.strings ... 
2025-03-11 12:55:04 +0000  1100 bytes for ./InAppSettings.bundle/en.lproj/Advanced.strings
2025-03-11 12:55:04 +0000  copying file ./InAppSettings.bundle/uk.lproj/Tunnel.strings ... 
2025-03-11 12:55:04 +0000  118 bytes for ./InAppSettings.bundle/uk.lproj/Tunnel.strings
2025-03-11 12:55:04 +0000  copying file ./InAppSettings.bundle/uk.lproj/Audio.strings ... 
2025-03-11 12:55:04 +0000  1554 bytes for ./InAppSettings.bundle/uk.lproj/Audio.strings
2025-03-11 12:55:04 +0000  copying file ./InAppSettings.bundle/uk.lproj/Call.strings ... 
2025-03-11 12:55:04 +0000  614 bytes for ./InAppSettings.bundle/uk.lproj/Call.strings
2025-03-11 12:55:04 +0000  copying file ./InAppSettings.bundle/uk.lproj/Chat.strings ... 
2025-03-11 12:55:04 +0000  566 bytes for ./InAppSettings.bundle/uk.lproj/Chat.strings
2025-03-11 12:55:04 +0000  copying file ./InAppSettings.bundle/uk.lproj/Account.strings ... 
2025-03-11 12:55:04 +0000  1346 bytes for ./InAppSettings.bundle/uk.lproj/Account.strings
2025-03-11 12:55:04 +0000  copying file ./InAppSettings.bundle/uk.lproj/Video.strings ... 
2025-03-11 12:55:04 +0000  934 bytes for ./InAppSettings.bundle/uk.lproj/Video.strings
2025-03-11 12:55:04 +0000  copying file ./InAppSettings.bundle/uk.lproj/Root.strings ... 
2025-03-11 12:55:04 +0000  1474 bytes for ./InAppSettings.bundle/uk.lproj/Root.strings
2025-03-11 12:55:04 +0000  copying file ./InAppSettings.bundle/uk.lproj/Network.strings ... 
2025-03-11 12:55:04 +0000  1006 bytes for ./InAppSettings.bundle/uk.lproj/Network.strings
2025-03-11 12:55:04 +0000  copying file ./InAppSettings.bundle/uk.lproj/Advanced.strings ... 
2025-03-11 12:55:04 +0000  1204 bytes for ./InAppSettings.bundle/uk.lproj/Advanced.strings
2025-03-11 12:55:04 +0000  copying file ./InAppSettings.bundle/zh_CN.lproj/Tunnel.strings ... 
2025-03-11 12:55:04 +0000  98 bytes for ./InAppSettings.bundle/zh_CN.lproj/Tunnel.strings
2025-03-11 12:55:04 +0000  copying file ./InAppSettings.bundle/zh_CN.lproj/Audio.strings ... 
2025-03-11 12:55:04 +0000  1394 bytes for ./InAppSettings.bundle/zh_CN.lproj/Audio.strings
2025-03-11 12:55:04 +0000  copying file ./InAppSettings.bundle/zh_CN.lproj/Call.strings ... 
2025-03-11 12:55:04 +0000  432 bytes for ./InAppSettings.bundle/zh_CN.lproj/Call.strings
2025-03-11 12:55:04 +0000  copying file ./InAppSettings.bundle/zh_CN.lproj/Chat.strings ... 
2025-03-11 12:55:04 +0000  442 bytes for ./InAppSettings.bundle/zh_CN.lproj/Chat.strings
2025-03-11 12:55:04 +0000  copying file ./InAppSettings.bundle/zh_CN.lproj/Account.strings ... 
2025-03-11 12:55:04 +0000  1036 bytes for ./InAppSettings.bundle/zh_CN.lproj/Account.strings
2025-03-11 12:55:04 +0000  copying file ./InAppSettings.bundle/zh_CN.lproj/Video.strings ... 
2025-03-11 12:55:04 +0000  698 bytes for ./InAppSettings.bundle/zh_CN.lproj/Video.strings
2025-03-11 12:55:04 +0000  copying file ./InAppSettings.bundle/zh_CN.lproj/Root.strings ... 
2025-03-11 12:55:04 +0000  1044 bytes for ./InAppSettings.bundle/zh_CN.lproj/Root.strings
copying file ./InAppSettings.bundle/zh_CN.lproj/Network.strings ... 
2025-03-11 12:55:04 +0000  840 bytes for ./InAppSettings.bundle/zh_CN.lproj/Network.strings
2025-03-11 12:55:04 +0000  copying file ./InAppSettings.bundle/zh_CN.lproj/Advanced.strings ... 
2025-03-11 12:55:04 +0000  882 bytes for ./InAppSettings.bundle/zh_CN.lproj/Advanced.strings
2025-03-11 12:55:04 +0000  copying file ./InAppSettings.bundle/es.lproj/Tunnel.strings ... 
2025-03-11 12:55:04 +0000  124 bytes for ./InAppSettings.bundle/es.lproj/Tunnel.strings
2025-03-11 12:55:04 +0000  copying file ./InAppSettings.bundle/es.lproj/Audio.strings ... 
2025-03-11 12:55:04 +0000  1610 bytes for ./InAppSettings.bundle/es.lproj/Audio.strings
2025-03-11 12:55:04 +0000  copying file ./InAppSettings.bundle/es.lproj/Call.strings ... 
2025-03-11 12:55:04 +0000  656 bytes for ./InAppSettings.bundle/es.lproj/Call.strings
2025-03-11 12:55:04 +0000  copying file ./InAppSettings.bundle/es.lproj/Chat.strings ... 
2025-03-11 12:55:04 +0000  576 bytes for ./InAppSettings.bundle/es.lproj/Chat.strings
2025-03-11 12:55:04 +0000  copying file ./InAppSettings.bundle/es.lproj/Account.strings ... 
2025-03-11 12:55:04 +0000  1388 bytes for ./InAppSettings.bundle/es.lproj/Account.strings
2025-03-11 12:55:04 +0000  copying file ./InAppSettings.bundle/es.lproj/Video.strings ... 
2025-03-11 12:55:04 +0000  956 bytes for ./InAppSettings.bundle/es.lproj/Video.strings
2025-03-11 12:55:04 +0000  copying file ./InAppSettings.bundle/es.lproj/Root.strings ... 
2025-03-11 12:55:04 +0000  1484 bytes for ./InAppSettings.bundle/es.lproj/Root.strings
2025-03-11 12:55:04 +0000  copying file ./InAppSettings.bundle/es.lproj/Network.strings ... 
2025-03-11 12:55:04 +0000  1062 bytes for ./InAppSettings.bundle/es.lproj/Network.strings
2025-03-11 12:55:04 +0000  copying file ./InAppSettings.bundle/es.lproj/Advanced.strings ... 
2025-03-11 12:55:04 +0000  1288 bytes for ./InAppSettings.bundle/es.lproj/Advanced.strings
2025-03-11 12:55:04 +0000  copying file ./InAppSettings.bundle/pt_BR.lproj/Tunnel.strings ... 
2025-03-11 12:55:04 +0000  122 bytes for ./InAppSettings.bundle/pt_BR.lproj/Tunnel.strings
2025-03-11 12:55:04 +0000  copying file ./InAppSettings.bundle/pt_BR.lproj/Audio.strings ... 
2025-03-11 12:55:04 +0000  1572 bytes for ./InAppSettings.bundle/pt_BR.lproj/Audio.strings
2025-03-11 12:55:04 +0000  copying file ./InAppSettings.bundle/pt_BR.lproj/Call.strings ... 
2025-03-11 12:55:04 +0000  628 bytes for ./InAppSettings.bundle/pt_BR.lproj/Call.strings
2025-03-11 12:55:04 +0000  copying file ./InAppSettings.bundle/pt_BR.lproj/Chat.strings ... 
2025-03-11 12:55:04 +0000  536 bytes for ./InAppSettings.bundle/pt_BR.lproj/Chat.strings
2025-03-11 12:55:04 +0000  copying file ./InAppSettings.bundle/pt_BR.lproj/Account.strings ... 
2025-03-11 12:55:04 +0000  1290 bytes for ./InAppSettings.bundle/pt_BR.lproj/Account.strings
2025-03-11 12:55:04 +0000  copying file ./InAppSettings.bundle/pt_BR.lproj/Video.strings ... 
2025-03-11 12:55:04 +0000  932 bytes for ./InAppSettings.bundle/pt_BR.lproj/Video.strings
2025-03-11 12:55:04 +0000  copying file ./InAppSettings.bundle/pt_BR.lproj/Root.strings ... 
2025-03-11 12:55:04 +0000  1406 bytes for ./InAppSettings.bundle/pt_BR.lproj/Root.strings
2025-03-11 12:55:04 +0000  copying file ./InAppSettings.bundle/pt_BR.lproj/Network.strings ... 
2025-03-11 12:55:04 +0000  1012 bytes for ./InAppSettings.bundle/pt_BR.lproj/Network.strings
2025-03-11 12:55:04 +0000  copying file ./InAppSettings.bundle/pt_BR.lproj/Advanced.strings ... 
2025-03-11 12:55:04 +0000  1196 bytes for ./InAppSettings.bundle/pt_BR.lproj/Advanced.strings
2025-03-11 12:55:04 +0000  copying file ./InAppSettings.bundle/it.lproj/Tunnel.strings ... 
2025-03-11 12:55:04 +0000  130 bytes for ./InAppSettings.bundle/it.lproj/Tunnel.strings
2025-03-11 12:55:04 +0000  copying file ./InAppSettings.bundle/it.lproj/Audio.strings ... 
2025-03-11 12:55:04 +0000  1616 bytes for ./InAppSettings.bundle/it.lproj/Audio.strings
2025-03-11 12:55:04 +0000  copying file ./InAppSettings.bundle/it.lproj/Call.strings ... 
2025-03-11 12:55:04 +0000  622 bytes for ./InAppSettings.bundle/it.lproj/Call.strings
2025-03-11 12:55:04 +0000  copying file ./InAppSettings.bundle/it.lproj/Chat.strings ... 
2025-03-11 12:55:04 +0000  558 bytes for ./InAppSettings.bundle/it.lproj/Chat.strings
2025-03-11 12:55:04 +0000  copying file ./InAppSettings.bundle/it.lproj/Account.strings ... 
2025-03-11 12:55:04 +0000  1334 bytes for ./InAppSettings.bundle/it.lproj/Account.strings
2025-03-11 12:55:04 +0000  copying file ./InAppSettings.bundle/it.lproj/Video.strings ... 
2025-03-11 12:55:04 +0000  948 bytes for ./InAppSettings.bundle/it.lproj/Video.strings
2025-03-11 12:55:04 +0000  copying file ./InAppSettings.bundle/it.lproj/Root.strings ... 
2025-03-11 12:55:04 +0000  1438 bytes for ./InAppSettings.bundle/it.lproj/Root.strings
2025-03-11 12:55:04 +0000  copying file ./InAppSettings.bundle/it.lproj/Network.strings ... 
2025-03-11 12:55:04 +0000  1026 bytes for ./InAppSettings.bundle/it.lproj/Network.strings
2025-03-11 12:55:04 +0000  copying file ./InAppSettings.bundle/it.lproj/Advanced.strings ... 
2025-03-11 12:55:04 +0000  1192 bytes for ./InAppSettings.bundle/it.lproj/Advanced.strings
2025-03-11 12:55:04 +0000  copying file ./InAppSettings.bundle/Call.plist ... 
2025-03-11 12:55:04 +0000  4352 bytes for ./InAppSettings.bundle/Call.plist
2025-03-11 12:55:04 +0000  copying file ./InAppSettings.bundle/sv.lproj/Tunnel.strings ... 
2025-03-11 12:55:04 +0000  114 bytes for ./InAppSettings.bundle/sv.lproj/Tunnel.strings
2025-03-11 12:55:04 +0000  copying file ./InAppSettings.bundle/sv.lproj/Audio.strings ... 
2025-03-11 12:55:04 +0000  1596 bytes for ./InAppSettings.bundle/sv.lproj/Audio.strings
2025-03-11 12:55:04 +0000  copying file ./InAppSettings.bundle/sv.lproj/Call.strings ... 
2025-03-11 12:55:04 +0000  582 bytes for ./InAppSettings.bundle/sv.lproj/Call.strings
2025-03-11 12:55:04 +0000  copying file ./InAppSettings.bundle/sv.lproj/Chat.strings ... 
2025-03-11 12:55:04 +0000  538 bytes for ./InAppSettings.bundle/sv.lproj/Chat.strings
2025-03-11 12:55:04 +0000  copying file ./InAppSettings.bundle/sv.lproj/Account.strings ... 
2025-03-11 12:55:04 +0000  1270 bytes for ./InAppSettings.bundle/sv.lproj/Account.strings
2025-03-11 12:55:04 +0000  copying file ./InAppSettings.bundle/sv.lproj/Video.strings ... 
2025-03-11 12:55:04 +0000  910 bytes for ./InAppSettings.bundle/sv.lproj/Video.strings
2025-03-11 12:55:04 +0000  copying file ./InAppSettings.bundle/sv.lproj/Root.strings ... 
2025-03-11 12:55:04 +0000  1334 bytes for ./InAppSettings.bundle/sv.lproj/Root.strings
2025-03-11 12:55:04 +0000  copying file ./InAppSettings.bundle/sv.lproj/Network.strings ... 
2025-03-11 12:55:04 +0000  1004 bytes for ./InAppSettings.bundle/sv.lproj/Network.strings
2025-03-11 12:55:04 +0000  copying file ./InAppSettings.bundle/sv.lproj/Advanced.strings ... 
2025-03-11 12:55:04 +0000  1134 bytes for ./InAppSettings.bundle/sv.lproj/Advanced.strings
2025-03-11 12:55:04 +0000  copying file ./InAppSettings.bundle/Meetings.plist ... 
2025-03-11 12:55:04 +0000  499 bytes for ./InAppSettings.bundle/Meetings.plist
2025-03-11 12:55:04 +0000  copying file ./InAppSettings.bundle/cs.lproj/Account.strings ... 
2025-03-11 12:55:04 +0000  1418 bytes for ./InAppSettings.bundle/cs.lproj/Account.strings
2025-03-11 12:55:04 +0000  copying file ./InAppSettings.bundle/cs.lproj/Root.strings ... 
2025-03-11 12:55:04 +0000  1364 bytes for ./InAppSettings.bundle/cs.lproj/Root.strings
2025-03-11 12:55:04 +0000  copying file ./InAppSettings.bundle/cs.lproj/Advanced.strings ... 
2025-03-11 12:55:04 +0000  1184 bytes for ./InAppSettings.bundle/cs.lproj/Advanced.strings
2025-03-11 12:55:04 +0000  copying file ./InAppSettings.bundle/Tunnel.plist ... 
2025-03-11 12:55:04 +0000  1314 bytes for ./InAppSettings.bundle/Tunnel.plist
2025-03-11 12:55:04 +0000  copying file ./InAppSettings.bundle/Audio.plist ... 
2025-03-11 12:55:04 +0000  7080 bytes for ./InAppSettings.bundle/Audio.plist
2025-03-11 12:55:04 +0000  copying file ./InAppSettings.bundle/Video.plist ... 
2025-03-11 12:55:04 +0000  4376 bytes for ./InAppSettings.bundle/Video.plist
2025-03-11 12:55:04 +0000  copying file ./InAppSettings.bundle/Account.plist ... 
2025-03-11 12:55:04 +0000  8207 bytes for ./InAppSettings.bundle/Account.plist
2025-03-11 12:55:04 +0000  copying file ./InAppSettings.bundle/LDAP.plist ... 
2025-03-11 12:55:04 +0000  8068 bytes for ./InAppSettings.bundle/LDAP.plist
2025-03-11 12:55:04 +0000  copying file ./InAppSettings.bundle/hu.lproj/Tunnel.strings ... 
2025-03-11 12:55:04 +0000  110 bytes for ./InAppSettings.bundle/hu.lproj/Tunnel.strings
2025-03-11 12:55:04 +0000  copying file ./InAppSettings.bundle/hu.lproj/Audio.strings ... 
2025-03-11 12:55:04 +0000  1598 bytes for ./InAppSettings.bundle/hu.lproj/Audio.strings
2025-03-11 12:55:04 +0000  copying file ./InAppSettings.bundle/hu.lproj/Call.strings ... 
2025-03-11 12:55:04 +0000  636 bytes for ./InAppSettings.bundle/hu.lproj/Call.strings
2025-03-11 12:55:04 +0000  copying file ./InAppSettings.bundle/hu.lproj/Chat.strings ... 
2025-03-11 12:55:04 +0000  568 bytes for ./InAppSettings.bundle/hu.lproj/Chat.strings
2025-03-11 12:55:04 +0000  copying file ./InAppSettings.bundle/hu.lproj/Account.strings ... 
2025-03-11 12:55:04 +0000  1424 bytes for ./InAppSettings.bundle/hu.lproj/Account.strings
2025-03-11 12:55:04 +0000  copying file ./InAppSettings.bundle/hu.lproj/Video.strings ... 
2025-03-11 12:55:04 +0000  1036 bytes for ./InAppSettings.bundle/hu.lproj/Video.strings
2025-03-11 12:55:04 +0000  copying file ./InAppSettings.bundle/hu.lproj/Root.strings ... 
2025-03-11 12:55:04 +0000  1438 bytes for ./InAppSettings.bundle/hu.lproj/Root.strings
2025-03-11 12:55:04 +0000  copying file ./InAppSettings.bundle/hu.lproj/Network.strings ... 
2025-03-11 12:55:04 +0000  1054 bytes for ./InAppSettings.bundle/hu.lproj/Network.strings
2025-03-11 12:55:04 +0000  copying file ./InAppSettings.bundle/hu.lproj/Advanced.strings ... 
2025-03-11 12:55:04 +0000  1222 bytes for ./InAppSettings.bundle/hu.lproj/Advanced.strings
2025-03-11 12:55:04 +0000  copying file ./InAppSettings.bundle/ka.lproj/Tunnel.strings ... 
2025-03-11 12:55:04 +0000  126 bytes for ./InAppSettings.bundle/ka.lproj/Tunnel.strings
2025-03-11 12:55:04 +0000  copying file ./InAppSettings.bundle/ka.lproj/Audio.strings ... 
2025-03-11 12:55:04 +0000  1570 bytes for ./InAppSettings.bundle/ka.lproj/Audio.strings
2025-03-11 12:55:04 +0000  copying file ./InAppSettings.bundle/ka.lproj/Call.strings ... 
2025-03-11 12:55:04 +0000  596 bytes for ./InAppSettings.bundle/ka.lproj/Call.strings
2025-03-11 12:55:04 +0000  copying file ./InAppSettings.bundle/ka.lproj/Chat.strings ... 
2025-03-11 12:55:04 +0000  526 bytes for ./InAppSettings.bundle/ka.lproj/Chat.strings
2025-03-11 12:55:04 +0000  copying file ./InAppSettings.bundle/ka.lproj/Account.strings ... 
2025-03-11 12:55:04 +0000  1350 bytes for ./InAppSettings.bundle/ka.lproj/Account.strings
2025-03-11 12:55:04 +0000  copying file ./InAppSettings.bundle/ka.lproj/Video.strings ... 
2025-03-11 12:55:04 +0000  958 bytes for ./InAppSettings.bundle/ka.lproj/Video.strings
2025-03-11 12:55:04 +0000  copying file ./InAppSettings.bundle/ka.lproj/Root.strings ... 
2025-03-11 12:55:04 +0000  1462 bytes for ./InAppSettings.bundle/ka.lproj/Root.strings
2025-03-11 12:55:04 +0000  copying file ./InAppSettings.bundle/ka.lproj/Network.strings ... 
2025-03-11 12:55:04 +0000  1044 bytes for ./InAppSettings.bundle/ka.lproj/Network.strings
copying file ./InAppSettings.bundle/ka.lproj/Advanced.strings ... 
2025-03-11 12:55:04 +0000  1196 bytes for ./InAppSettings.bundle/ka.lproj/Advanced.strings
2025-03-11 12:55:04 +0000  copying file ./InAppSettings.bundle/Chat.plist ... 
2025-03-11 12:55:04 +0000  2020 bytes for ./InAppSettings.bundle/Chat.plist
2025-03-11 12:55:04 +0000  copying file ./InAppSettings.bundle/tr.lproj/Tunnel.strings ... 
2025-03-11 12:55:04 +0000  110 bytes for ./InAppSettings.bundle/tr.lproj/Tunnel.strings
2025-03-11 12:55:04 +0000  copying file ./InAppSettings.bundle/tr.lproj/Audio.strings ... 
2025-03-11 12:55:04 +0000  1578 bytes for ./InAppSettings.bundle/tr.lproj/Audio.strings
2025-03-11 12:55:04 +0000  copying file ./InAppSettings.bundle/tr.lproj/Call.strings ... 
2025-03-11 12:55:04 +0000  564 bytes for ./InAppSettings.bundle/tr.lproj/Call.strings
2025-03-11 12:55:04 +0000  copying file ./InAppSettings.bundle/tr.lproj/Chat.strings ... 
2025-03-11 12:55:04 +0000  522 bytes for ./InAppSettings.bundle/tr.lproj/Chat.strings
2025-03-11 12:55:04 +0000  copying file ./InAppSettings.bundle/tr.lproj/Account.strings ... 
2025-03-11 12:55:04 +0000  1300 bytes for ./InAppSettings.bundle/tr.lproj/Account.strings
2025-03-11 12:55:04 +0000  copying file ./InAppSettings.bundle/tr.lproj/Video.strings ... 
2025-03-11 12:55:04 +0000  924 bytes for ./InAppSettings.bundle/tr.lproj/Video.strings
2025-03-11 12:55:04 +0000  copying file ./InAppSettings.bundle/tr.lproj/Root.strings ... 
2025-03-11 12:55:04 +0000  1416 bytes for ./InAppSettings.bundle/tr.lproj/Root.strings
2025-03-11 12:55:04 +0000  copying file ./InAppSettings.bundle/tr.lproj/Network.strings ... 
2025-03-11 12:55:04 +0000  1002 bytes for ./InAppSettings.bundle/tr.lproj/Network.strings
2025-03-11 12:55:04 +0000  copying file ./InAppSettings.bundle/tr.lproj/Advanced.strings ... 
2025-03-11 12:55:04 +0000  1182 bytes for ./InAppSettings.bundle/tr.lproj/Advanced.strings
2025-03-11 12:55:04 +0000  copying file ./InAppSettings.bundle/pl.lproj/Tunnel.strings ... 
2025-03-11 12:55:04 +0000  112 bytes for ./InAppSettings.bundle/pl.lproj/Tunnel.strings
2025-03-11 12:55:04 +0000  copying file ./InAppSettings.bundle/pl.lproj/Audio.strings ... 
2025-03-11 12:55:04 +0000  1596 bytes for ./InAppSettings.bundle/pl.lproj/Audio.strings
2025-03-11 12:55:04 +0000  copying file ./InAppSettings.bundle/pl.lproj/Call.strings ... 
2025-03-11 12:55:04 +0000  636 bytes for ./InAppSettings.bundle/pl.lproj/Call.strings
2025-03-11 12:55:04 +0000  copying file ./InAppSettings.bundle/pl.lproj/Chat.strings ... 
2025-03-11 12:55:04 +0000  518 bytes for ./InAppSettings.bundle/pl.lproj/Chat.strings
2025-03-11 12:55:04 +0000  copying file ./InAppSettings.bundle/pl.lproj/Account.strings ... 
2025-03-11 12:55:04 +0000  1304 bytes for ./InAppSettings.bundle/pl.lproj/Account.strings
2025-03-11 12:55:04 +0000  copying file ./InAppSettings.bundle/pl.lproj/Video.strings ... 
2025-03-11 12:55:04 +0000  934 bytes for ./InAppSettings.bundle/pl.lproj/Video.strings
2025-03-11 12:55:04 +0000  copying file ./InAppSettings.bundle/pl.lproj/Root.strings ... 
2025-03-11 12:55:04 +0000  1406 bytes for ./InAppSettings.bundle/pl.lproj/Root.strings
2025-03-11 12:55:04 +0000  copying file ./InAppSettings.bundle/pl.lproj/Network.strings ... 
2025-03-11 12:55:04 +0000  1050 bytes for ./InAppSettings.bundle/pl.lproj/Network.strings
2025-03-11 12:55:04 +0000  copying file ./InAppSettings.bundle/pl.lproj/Advanced.strings ... 
2025-03-11 12:55:04 +0000  1178 bytes for ./InAppSettings.bundle/pl.lproj/Advanced.strings
2025-03-11 12:55:04 +0000  copying file ./InAppSettings.bundle/zh_TW.lproj/Tunnel.strings ... 
2025-03-11 12:55:04 +0000  96 bytes for ./InAppSettings.bundle/zh_TW.lproj/Tunnel.strings
2025-03-11 12:55:04 +0000  copying file ./InAppSettings.bundle/zh_TW.lproj/Audio.strings ... 
2025-03-11 12:55:04 +0000  1434 bytes for ./InAppSettings.bundle/zh_TW.lproj/Audio.strings
2025-03-11 12:55:04 +0000  copying file ./InAppSettings.bundle/zh_TW.lproj/Call.strings ... 
2025-03-11 12:55:04 +0000  436 bytes for ./InAppSettings.bundle/zh_TW.lproj/Call.strings
2025-03-11 12:55:04 +0000  copying file ./InAppSettings.bundle/zh_TW.lproj/Chat.strings ... 
2025-03-11 12:55:04 +0000  378 bytes for ./InAppSettings.bundle/zh_TW.lproj/Chat.strings
2025-03-11 12:55:04 +0000  copying file ./InAppSettings.bundle/zh_TW.lproj/Account.strings ... 
2025-03-11 12:55:04 +0000  1016 bytes for ./InAppSettings.bundle/zh_TW.lproj/Account.strings
2025-03-11 12:55:04 +0000  copying file ./InAppSettings.bundle/zh_TW.lproj/Video.strings ... 
2025-03-11 12:55:04 +0000  694 bytes for ./InAppSettings.bundle/zh_TW.lproj/Video.strings
2025-03-11 12:55:04 +0000  copying file ./InAppSettings.bundle/zh_TW.lproj/Root.strings ... 
2025-03-11 12:55:04 +0000  1090 bytes for ./InAppSettings.bundle/zh_TW.lproj/Root.strings
2025-03-11 12:55:04 +0000  copying file ./InAppSettings.bundle/zh_TW.lproj/Network.strings ... 
2025-03-11 12:55:04 +0000  840 bytes for ./InAppSettings.bundle/zh_TW.lproj/Network.strings
2025-03-11 12:55:04 +0000  copying file ./InAppSettings.bundle/zh_TW.lproj/Advanced.strings ... 
2025-03-11 12:55:04 +0000  910 bytes for ./InAppSettings.bundle/zh_TW.lproj/Advanced.strings
2025-03-11 12:55:04 +0000  copying file ./InAppSettings.bundle/ru.lproj/Tunnel.strings ... 
2025-03-11 12:55:04 +0000  116 bytes for ./InAppSettings.bundle/ru.lproj/Tunnel.strings
2025-03-11 12:55:04 +0000  copying file ./InAppSettings.bundle/ru.lproj/Audio.strings ... 
2025-03-11 12:55:04 +0000  1560 bytes for ./InAppSettings.bundle/ru.lproj/Audio.strings
2025-03-11 12:55:04 +0000  copying file ./InAppSettings.bundle/ru.lproj/Call.strings ... 
2025-03-11 12:55:04 +0000  612 bytes for ./InAppSettings.bundle/ru.lproj/Call.strings
2025-03-11 12:55:04 +0000  copying file ./InAppSettings.bundle/ru.lproj/Chat.strings ... 
2025-03-11 12:55:04 +0000  558 bytes for ./InAppSettings.bundle/ru.lproj/Chat.strings
2025-03-11 12:55:04 +0000  copying file ./InAppSettings.bundle/ru.lproj/Account.strings ... 
2025-03-11 12:55:04 +0000  1332 bytes for ./InAppSettings.bundle/ru.lproj/Account.strings
2025-03-11 12:55:04 +0000  copying file ./InAppSettings.bundle/ru.lproj/Video.strings ... 
2025-03-11 12:55:04 +0000  1016 bytes for ./InAppSettings.bundle/ru.lproj/Video.strings
2025-03-11 12:55:04 +0000  copying file ./InAppSettings.bundle/ru.lproj/Root.strings ... 
2025-03-11 12:55:04 +0000  1460 bytes for ./InAppSettings.bundle/ru.lproj/Root.strings
2025-03-11 12:55:04 +0000  copying file ./InAppSettings.bundle/ru.lproj/Network.strings ... 
2025-03-11 12:55:04 +0000  1010 bytes for ./InAppSettings.bundle/ru.lproj/Network.strings
2025-03-11 12:55:04 +0000  copying file ./InAppSettings.bundle/ru.lproj/Advanced.strings ... 
2025-03-11 12:55:04 +0000  1190 bytes for ./InAppSettings.bundle/ru.lproj/Advanced.strings
2025-03-11 12:55:04 +0000  copying file ./InAppSettings.bundle/Network.plist ... 
2025-03-11 12:55:04 +0000  5138 bytes for ./InAppSettings.bundle/Network.plist
2025-03-11 12:55:04 +0000  copying file ./InAppSettings.bundle/Root.plist ... 
2025-03-11 12:55:04 +0000  5277 bytes for ./InAppSettings.bundle/Root.plist
2025-03-11 12:55:04 +0000  copying file ./InAppSettings.bundle/fr.lproj/Tunnel.strings ... 
2025-03-11 12:55:04 +0000  116 bytes for ./InAppSettings.bundle/fr.lproj/Tunnel.strings
2025-03-11 12:55:04 +0000  copying file ./InAppSettings.bundle/fr.lproj/Audio.strings ... 
2025-03-11 12:55:04 +0000  1534 bytes for ./InAppSettings.bundle/fr.lproj/Audio.strings
2025-03-11 12:55:04 +0000  copying file ./InAppSettings.bundle/fr.lproj/Call.strings ... 
2025-03-11 12:55:04 +0000  860 bytes for ./InAppSettings.bundle/fr.lproj/Call.strings
2025-03-11 12:55:04 +0000  copying file ./InAppSettings.bundle/fr.lproj/Chat.strings ... 
2025-03-11 12:55:04 +0000  662 bytes for ./InAppSettings.bundle/fr.lproj/Chat.strings
2025-03-11 12:55:04 +0000  copying file ./InAppSettings.bundle/fr.lproj/Account.strings ... 
2025-03-11 12:55:04 +0000  1496 bytes for ./InAppSettings.bundle/fr.lproj/Account.strings
2025-03-11 12:55:04 +0000  copying file ./InAppSettings.bundle/fr.lproj/Video.strings ... 
2025-03-11 12:55:04 +0000  984 bytes for ./InAppSettings.bundle/fr.lproj/Video.strings
2025-03-11 12:55:04 +0000  copying file ./InAppSettings.bundle/fr.lproj/Root.strings ... 
2025-03-11 12:55:04 +0000  1430 bytes for ./InAppSettings.bundle/fr.lproj/Root.strings
2025-03-11 12:55:04 +0000  copying file ./InAppSettings.bundle/fr.lproj/Network.strings ... 
2025-03-11 12:55:04 +0000  1000 bytes for ./InAppSettings.bundle/fr.lproj/Network.strings
2025-03-11 12:55:04 +0000  copying file ./InAppSettings.bundle/fr.lproj/Advanced.strings ... 
2025-03-11 12:55:04 +0000  1702 bytes for ./InAppSettings.bundle/fr.lproj/Advanced.strings
2025-03-11 12:55:04 +0000  copying file ./InAppSettings.bundle/nl.lproj/Tunnel.strings ... 
2025-03-11 12:55:04 +0000  112 bytes for ./InAppSettings.bundle/nl.lproj/Tunnel.strings
2025-03-11 12:55:04 +0000  copying file ./InAppSettings.bundle/nl.lproj/Audio.strings ... 
2025-03-11 12:55:04 +0000  1560 bytes for ./InAppSettings.bundle/nl.lproj/Audio.strings
2025-03-11 12:55:04 +0000  copying file ./InAppSettings.bundle/nl.lproj/Call.strings ... 
2025-03-11 12:55:04 +0000  812 bytes for ./InAppSettings.bundle/nl.lproj/Call.strings
2025-03-11 12:55:04 +0000  copying file ./InAppSettings.bundle/nl.lproj/Chat.strings ... 
2025-03-11 12:55:04 +0000  500 bytes for ./InAppSettings.bundle/nl.lproj/Chat.strings
2025-03-11 12:55:04 +0000  copying file ./InAppSettings.bundle/nl.lproj/Account.strings ... 
2025-03-11 12:55:04 +0000  1454 bytes for ./InAppSettings.bundle/nl.lproj/Account.strings
2025-03-11 12:55:04 +0000  copying file ./InAppSettings.bundle/nl.lproj/Video.strings ... 
2025-03-11 12:55:04 +0000  880 bytes for ./InAppSettings.bundle/nl.lproj/Video.strings
2025-03-11 12:55:04 +0000  copying file ./InAppSettings.bundle/nl.lproj/Root.strings ... 
2025-03-11 12:55:04 +0000  1382 bytes for ./InAppSettings.bundle/nl.lproj/Root.strings
2025-03-11 12:55:04 +0000  copying file ./InAppSettings.bundle/nl.lproj/Network.strings ... 
2025-03-11 12:55:04 +0000  984 bytes for ./InAppSettings.bundle/nl.lproj/Network.strings
2025-03-11 12:55:04 +0000  copying file ./InAppSettings.bundle/nl.lproj/Advanced.strings ... 
2025-03-11 12:55:04 +0000  1112 bytes for ./InAppSettings.bundle/nl.lproj/Advanced.strings
2025-03-11 12:55:04 +0000  copying file ./InAppSettings.bundle/Contacts.plist ... 
2025-03-11 12:55:04 +0000  1888 bytes for ./InAppSettings.bundle/Contacts.plist
2025-03-11 12:55:04 +0000  copying file ./InAppSettings.bundle/Advanced.plist ... 
2025-03-11 12:55:04 +0000  5237 bytes for ./InAppSettings.bundle/Advanced.plist
2025-03-11 12:55:04 +0000  copying file ./InAppSettings.bundle/es_AR.lproj/Tunnel.strings ... 
2025-03-11 12:55:04 +0000  124 bytes for ./InAppSettings.bundle/es_AR.lproj/Tunnel.strings
2025-03-11 12:55:04 +0000  copying file ./InAppSettings.bundle/es_AR.lproj/Audio.strings ... 
2025-03-11 12:55:04 +0000  1610 bytes for ./InAppSettings.bundle/es_AR.lproj/Audio.strings
2025-03-11 12:55:04 +0000  copying file ./InAppSettings.bundle/es_AR.lproj/Call.strings ... 
2025-03-11 12:55:04 +0000  656 bytes for ./InAppSettings.bundle/es_AR.lproj/Call.strings
2025-03-11 12:55:04 +0000  copying file ./InAppSettings.bundle/es_AR.lproj/Chat.strings ... 
2025-03-11 12:55:04 +0000  576 bytes for ./InAppSettings.bundle/es_AR.lproj/Chat.strings
2025-03-11 12:55:04 +0000  copying file ./InAppSettings.bundle/es_AR.lproj/Account.strings ... 
2025-03-11 12:55:04 +0000  1388 bytes for ./InAppSettings.bundle/es_AR.lproj/Account.strings
2025-03-11 12:55:04 +0000  copying file ./InAppSettings.bundle/es_AR.lproj/Video.strings ... 
2025-03-11 12:55:04 +0000  956 bytes for ./InAppSettings.bundle/es_AR.lproj/Video.strings
2025-03-11 12:55:04 +0000  copying file ./InAppSettings.bundle/es_AR.lproj/Root.strings ... 
2025-03-11 12:55:04 +0000  1484 bytes for ./InAppSettings.bundle/es_AR.lproj/Root.strings
2025-03-11 12:55:04 +0000  copying file ./InAppSettings.bundle/es_AR.lproj/Network.strings ... 
2025-03-11 12:55:04 +0000  1062 bytes for ./InAppSettings.bundle/es_AR.lproj/Network.strings
2025-03-11 12:55:04 +0000  copying file ./InAppSettings.bundle/es_AR.lproj/Advanced.strings ... 
2025-03-11 12:55:04 +0000  1288 bytes for ./InAppSettings.bundle/es_AR.lproj/Advanced.strings
2025-03-11 12:55:04 +0000  copying file ./camera_switch_default@2x.png ... 
2025-03-11 12:55:04 +0000  3421 bytes for ./camera_switch_default@2x.png
2025-03-11 12:55:04 +0000  copying file ./security_1_indicator@2x.png ... 
2025-03-11 12:55:04 +0000  1836 bytes for ./security_1_indicator@2x.png
2025-03-11 12:55:04 +0000  copying file ./voip_numpad_7.png ... 
2025-03-11 12:55:04 +0000  1884 bytes for ./voip_numpad_7.png
2025-03-11 12:55:04 +0000  copying file ./linphone_user~ipad@2x.png ... 
2025-03-11 12:55:04 +0000  1416 bytes for ./linphone_user~ipad@2x.png
2025-03-11 12:55:04 +0000  copying file ./next_default@2x.png ... 
2025-03-11 12:55:04 +0000  874 bytes for ./next_default@2x.png
2025-03-11 12:55:04 +0000  copying file ./cancel_forward.png ... 
2025-03-11 12:55:04 +0000  879 bytes for ./cancel_forward.png
2025-03-11 12:55:04 +0000  copying file ./numpad_9_over.png ... 
2025-03-11 12:55:04 +0000  986 bytes for ./numpad_9_over.png
2025-03-11 12:55:04 +0000  copying file ./menu_about@2x.png ... 
2025-03-11 12:55:04 +0000  1928 bytes for ./menu_about@2x.png
2025-03-11 12:55:04 +0000  copying file ./numpad_8_over.png ... 
2025-03-11 12:55:04 +0000  1034 bytes for ./numpad_8_over.png
2025-03-11 12:55:04 +0000  copying file ./voip_conference_mosaic.png ... 
2025-03-11 12:55:04 +0000  1473 bytes for ./voip_conference_mosaic.png
2025-03-11 12:55:04 +0000  copying file ./GoogleUtilities_GoogleUtilities-UserDefaults.bundle/PrivacyInfo.xcprivacy ... 
2025-03-11 12:55:04 +0000  911 bytes for ./GoogleUtilities_GoogleUtilities-UserDefaults.bundle/PrivacyInfo.xcprivacy
2025-03-11 12:55:04 +0000  copying file ./GoogleUtilities_GoogleUtilities-UserDefaults.bundle/Info.plist ... 
2025-03-11 12:55:04 +0000  735 bytes for ./GoogleUtilities_GoogleUtilities-UserDefaults.bundle/Info.plist
2025-03-11 12:55:04 +0000  copying file ./voip_numpad_6.png ... 
2025-03-11 12:55:04 +0000  3205 bytes for ./voip_numpad_6.png
2025-03-11 12:55:05 +0000  copying file ./dialer_back_disabled@2x.png ... 
2025-03-11 12:55:05 +0000  1793 bytes for ./dialer_back_disabled@2x.png
2025-03-11 12:55:05 +0000  copying file ./check_selected@2x.png ... 
2025-03-11 12:55:05 +0000  1923 bytes for ./check_selected@2x.png
2025-03-11 12:55:05 +0000  copying file ./Promises_Promises.bundle/PrivacyInfo.xcprivacy ... 
2025-03-11 12:55:05 +0000  373 bytes for ./Promises_Promises.bundle/PrivacyInfo.xcprivacy
2025-03-11 12:55:05 +0000  copying file ./Promises_Promises.bundle/Info.plist ... 
2025-03-11 12:55:05 +0000  681 bytes for ./Promises_Promises.bundle/Info.plist
2025-03-11 12:55:05 +0000  copying file ./chat_attachment_disabled.png ... 
2025-03-11 12:55:05 +0000  811 bytes for ./chat_attachment_disabled.png
2025-03-11 12:55:05 +0000  copying file ./contacts_all_default.png ... 
2025-03-11 12:55:05 +0000  1268 bytes for ./contacts_all_default.png
2025-03-11 12:55:05 +0000  copying file ./numpad_4_default@2x.png ... 
2025-03-11 12:55:05 +0000  1104 bytes for ./numpad_4_default@2x.png
2025-03-11 12:55:05 +0000  copying file ./speaker_default.png ... 
2025-03-11 12:55:05 +0000  681 bytes for ./speaker_default.png
2025-03-11 12:55:05 +0000  copying file ./avatar~ipad.png ... 
2025-03-11 12:55:05 +0000  11772 bytes for ./avatar~ipad.png
2025-03-11 12:55:05 +0000  copying file ./led_disconnected@2x.png ... 
2025-03-11 12:55:05 +0000  777 bytes for ./led_disconnected@2x.png
2025-03-11 12:55:05 +0000  copying file ./conference_schedule_time_default.png ... 
2025-03-11 12:55:05 +0000  442 bytes for ./conference_schedule_time_default.png
2025-03-11 12:55:05 +0000  copying file ./presence_online@2x.png ... 
2025-03-11 12:55:05 +0000  1109 bytes for ./presence_online@2x.png
2025-03-11 12:55:05 +0000  copying file ./delete_field_default@2x.png ... 
2025-03-11 12:55:05 +0000  1214 bytes for ./delete_field_default@2x.png
2025-03-11 12:55:05 +0000  copying file ./numpad_hash_default@2x.png ... 
2025-03-11 12:55:05 +0000  676 bytes for ./numpad_hash_default@2x.png
2025-03-11 12:55:05 +0000  copying file ./DropDownCell.nib ... 
2025-03-11 12:55:05 +0000  8085 bytes for ./DropDownCell.nib
2025-03-11 12:55:05 +0000  copying file ./numpad_7_over@2x.png ... 
2025-03-11 12:55:05 +0000  1113 bytes for ./numpad_7_over@2x.png
2025-03-11 12:55:05 +0000  copying file ./route_bluetooth_selected@2x.png ... 
2025-03-11 12:55:05 +0000  1248 bytes for ./route_bluetooth_selected@2x.png
2025-03-11 12:55:05 +0000  copying file ./call_quality_indicator_0.png ... 
2025-03-11 12:55:05 +0000  298 bytes for ./call_quality_indicator_0.png
2025-03-11 12:55:05 +0000  copying file ./UIDeviceCell.nib ... 
2025-03-11 12:55:05 +0000  3920 bytes for ./UIDeviceCell.nib
2025-03-11 12:55:05 +0000  copying file ./options_start_conference_disabled.png ... 
2025-03-11 12:55:05 +0000  869 bytes for ./options_start_conference_disabled.png
2025-03-11 12:55:05 +0000  copying file ./led_disconnected.png ... 
2025-03-11 12:55:05 +0000  402 bytes for ./led_disconnected.png
2025-03-11 12:55:05 +0000  copying file ./call_start_body_over~ipad.png ... 
2025-03-11 12:55:05 +0000  1400 bytes for ./call_start_body_over~ipad.png
2025-03-11 12:55:05 +0000  copying file ./numpad_4_over@2x.png ... 
2025-03-11 12:55:05 +0000  1059 bytes for ./numpad_4_over@2x.png
2025-03-11 12:55:05 +0000  copying file ./security_ok.png ... 
2025-03-11 12:55:05 +0000  483 bytes for ./security_ok.png
2025-03-11 12:55:05 +0000  copying file ./speaker_disabled.png ... 
2025-03-11 12:55:05 +0000  460 bytes for ./speaker_disabled.png
2025-03-11 12:55:05 +0000  copying file ./notes_of_the_optimistic.caf ... 
2025-03-11 12:55:05 +0000  182919 bytes for ./notes_of_the_optimistic.caf
2025-03-11 12:55:05 +0000  copying file ./menu_about.png ... 
2025-03-11 12:55:05 +0000  1088 bytes for ./menu_about.png
2025-03-11 12:55:05 +0000  copying file ./color_M.png ... 
2025-03-11 12:55:05 +0000  277 bytes for ./color_M.png
2025-03-11 12:55:05 +0000  copying file ./numpad_star_default.png ... 
2025-03-11 12:55:05 +0000  571 bytes for ./numpad_star_default.png
2025-03-11 12:55:05 +0000  copying file ./numpad_star~ipad@2x.png ... 
2025-03-11 12:55:05 +0000  610 bytes for ./numpad_star~ipad@2x.png
2025-03-11 12:55:05 +0000  copying file ./route_earpiece_disabled.png ... 
2025-03-11 12:55:05 +0000  555 bytes for ./route_earpiece_disabled.png
2025-03-11 12:55:05 +0000  copying file ./voip_call_participants.png ... 
2025-03-11 12:55:05 +0000  4358 bytes for ./voip_call_participants.png
2025-03-11 12:55:05 +0000  copying file ./call_status_missed~ipad@2x.png ... 
2025-03-11 12:55:05 +0000  1782 bytes for ./call_status_missed~ipad@2x.png
2025-03-11 12:55:05 +0000  copying file ./chat_read.png ... 
2025-03-11 12:55:05 +0000  859 bytes for ./chat_read.png
2025-03-11 12:55:05 +0000  copying file ./chat_group_avatar@2x.png ... 
2025-03-11 12:55:05 +0000  9330 bytes for ./chat_group_avatar@2x.png
2025-03-11 12:55:05 +0000  copying file ./voip_call_header_incoming.png ... 
2025-03-11 12:55:05 +0000  1309 bytes for ./voip_call_header_incoming.png
2025-03-11 12:55:05 +0000  copying file ./GoogleUtilities_GoogleUtilities-Environment.bundle/PrivacyInfo.xcprivacy ... 
2025-03-11 12:55:05 +0000  855 bytes for ./GoogleUtilities_GoogleUtilities-Environment.bundle/PrivacyInfo.xcprivacy
2025-03-11 12:55:05 +0000  copying file ./GoogleUtilities_GoogleUtilities-Environment.bundle/Info.plist ... 
2025-03-11 12:55:05 +0000  733 bytes for ./GoogleUtilities_GoogleUtilities-Environment.bundle/Info.plist
2025-03-11 12:55:05 +0000  copying file ./vr_stop.png ... 
2025-03-11 12:55:05 +0000  4072 bytes for ./vr_stop.png
2025-03-11 12:55:05 +0000  copying file ./chat_add_disabled.png ... 
2025-03-11 12:55:05 +0000  757 bytes for ./chat_add_disabled.png
2025-03-11 12:55:05 +0000  copying file ./select_all_disabled.png ... 
2025-03-11 12:55:05 +0000  430 bytes for ./select_all_disabled.png
2025-03-11 12:55:05 +0000  copying file ./micro_default@2x.png ... 
2025-03-11 12:55:05 +0000  2571 bytes for ./micro_default@2x.png
2025-03-11 12:55:05 +0000  copying file ./security_toogle_button.png ... 
2025-03-11 12:55:05 +0000  469 bytes for ./security_toogle_button.png
2025-03-11 12:55:05 +0000  copying file ./select_all_default@2x.png ... 
2025-03-11 12:55:05 +0000  1015 bytes for ./select_all_default@2x.png
2025-03-11 12:55:05 +0000  copying file ./ringback.wav ... 
2025-03-11 12:55:05 +0000  24620 bytes for ./ringback.wav
2025-03-11 12:55:05 +0000  copying file ./delete_default@2x.png ... 
2025-03-11 12:55:05 +0000  1363 bytes for ./delete_default@2x.png
2025-03-11 12:55:05 +0000  copying file ./fr.lproj/HistoryListView.strings ... 
2025-03-11 12:55:05 +0000  1856 bytes for ./fr.lproj/HistoryListView.strings
2025-03-11 12:55:05 +0000  copying file ./fr.lproj/RecordingsListView.strings ... 
2025-03-11 12:55:05 +0000  804 bytes for ./fr.lproj/RecordingsListView.strings
2025-03-11 12:55:05 +0000  copying file ./fr.lproj/ChatConversationCreateView.strings ... 
2025-03-11 12:55:05 +0000  1444 bytes for ./fr.lproj/ChatConversationCreateView.strings
2025-03-11 12:55:05 +0000  copying file ./fr.lproj/ChatConversationInfoView.strings ... 
2025-03-11 12:55:05 +0000  2860 bytes for ./fr.lproj/ChatConversationInfoView.strings
2025-03-11 12:55:05 +0000  copying file ./fr.lproj/AssistantLinkView.strings ... 
2025-03-11 12:55:05 +0000  7328 bytes for ./fr.lproj/AssistantLinkView.strings
2025-03-11 12:55:05 +0000  copying file ./fr.lproj/UIConfirmationDialog.strings ... 
2025-03-11 12:55:05 +0000  1070 bytes for ./fr.lproj/UIConfirmationDialog.strings
2025-03-11 12:55:05 +0000  copying file ./fr.lproj/SideMenuView~ipad.strings ... 
2025-03-11 12:55:05 +0000  478 bytes for ./fr.lproj/SideMenuView~ipad.strings
2025-03-11 12:55:05 +0000  copying file ./fr.lproj/AssistantViewScreens.strings ... 
2025-03-11 12:55:05 +0000  36298 bytes for ./fr.lproj/AssistantViewScreens.strings
2025-03-11 12:55:05 +0000  copying file ./fr.lproj/TabBarView.strings ... 
2025-03-11 12:55:05 +0000  3702 bytes for ./fr.lproj/TabBarView.strings
2025-03-11 12:55:05 +0000  copying file ./fr.lproj/UIChatConversationInfoTableViewCell.strings ... 
2025-03-11 12:55:05 +0000  648 bytes for ./fr.lproj/UIChatConversationInfoTableViewCell.strings
2025-03-11 12:55:05 +0000  copying file ./fr.lproj/AssistantView.strings ... 
2025-03-11 12:55:05 +0000  716 bytes for ./fr.lproj/AssistantView.strings
2025-03-11 12:55:05 +0000  copying file ./fr.lproj/UIChatBubbleTextCell.strings ... 
2025-03-11 12:55:05 +0000  740 bytes for ./fr.lproj/UIChatBubbleTextCell.strings
2025-03-11 12:55:05 +0000  copying file ./fr.lproj/ShopView.strings ... 
2025-03-11 12:55:05 +0000  482 bytes for ./fr.lproj/ShopView.strings
2025-03-11 12:55:05 +0000  copying file ./fr.lproj/ChatsListView.strings ... 
2025-03-11 12:55:05 +0000  1922 bytes for ./fr.lproj/ChatsListView.strings
2025-03-11 12:55:05 +0000  copying file ./fr.lproj/ImageView.strings ... 
2025-03-11 12:55:05 +0000  298 bytes for ./fr.lproj/ImageView.strings
2025-03-11 12:55:05 +0000  copying file ./fr.lproj/UIChatReplyBubbleView.strings ... 
2025-03-11 12:55:05 +0000  336 bytes for ./fr.lproj/UIChatReplyBubbleView.strings
2025-03-11 12:55:05 +0000  copying file ./fr.lproj/ChatConversationView.strings ... 
2025-03-11 12:55:05 +0000  7594 bytes for ./fr.lproj/ChatConversationView.strings
2025-03-11 12:55:05 +0000  copying file ./fr.lproj/UIChatCreateCell.strings ... 
2025-03-11 12:55:05 +0000  730 bytes for ./fr.lproj/UIChatCreateCell.strings
2025-03-11 12:55:05 +0000  copying file ./fr.lproj/UIChatConversationImdnTableViewCell.strings ... 
2025-03-11 12:55:05 +0000  722 bytes for ./fr.lproj/UIChatConversationImdnTableViewCell.strings
2025-03-11 12:55:05 +0000  copying file ./fr.lproj/CountryListView.strings ... 
2025-03-11 12:55:05 +0000  486 bytes for ./fr.lproj/CountryListView.strings
2025-03-11 12:55:05 +0000  copying file ./fr.lproj/FirstLoginView.strings ... 
2025-03-11 12:55:05 +0000  7398 bytes for ./fr.lproj/FirstLoginView.strings
2025-03-11 12:55:05 +0000  copying file ./fr.lproj/ChatConversationImdnView.strings ... 
2025-03-11 12:55:05 +0000  1800 bytes for ./fr.lproj/ChatConversationImdnView.strings
2025-03-11 12:55:05 +0000  copying file ./fr.lproj/ContactDetailsView.strings ... 
2025-03-11 12:55:05 +0000  2934 bytes for ./fr.lproj/ContactDetailsView.strings
2025-03-11 12:55:05 +0000  copying file ./fr.lproj/StatusBarView.strings ... 
2025-03-11 12:55:05 +0000  1076 bytes for ./fr.lproj/StatusBarView.strings
2025-03-11 12:55:05 +0000  copying file ./fr.lproj/PhoneMainView.strings ... 
2025-03-11 12:55:05 +0000  1 bytes for ./fr.lproj/PhoneMainView.strings
2025-03-11 12:55:05 +0000  copying file ./fr.lproj/Localizable.strings ... 
2025-03-11 12:55:05 +0000  52372 bytes for ./fr.lproj/Localizable.strings
2025-03-11 12:55:05 +0000  copying file ./fr.lproj/UIHistoryCell.strings ... 
2025-03-11 12:55:05 +0000  462 bytes for ./fr.lproj/UIHistoryCell.strings
2025-03-11 12:55:05 +0000  copying file ./fr.lproj/UICompositeView.strings ... 
2025-03-11 12:55:05 +0000  1 bytes for ./fr.lproj/UICompositeView.strings
2025-03-11 12:55:05 +0000  copying file ./fr.lproj/AboutView.strings ... 
2025-03-11 12:55:05 +0000  3994 bytes for ./fr.lproj/AboutView.strings
2025-03-11 12:55:05 +0000  copying file ./fr.lproj/ContactsListView.strings ... 
2025-03-11 12:55:05 +0000  2276 bytes for ./fr.lproj/ContactsListView.strings
2025-03-11 12:55:05 +0000  copying file ./fr.lproj/SettingsView.strings ... 
2025-03-11 12:55:05 +0000  748 bytes for ./fr.lproj/SettingsView.strings
2025-03-11 12:55:05 +0000  copying file ./fr.lproj/UIChatBubblePhotoCell.strings ... 
2025-03-11 12:55:05 +0000  3220 bytes for ./fr.lproj/UIChatBubblePhotoCell.strings
2025-03-11 12:55:05 +0000  copying file ./fr.lproj/SideMenuView.strings ... 
2025-03-11 12:55:05 +0000  478 bytes for ./fr.lproj/SideMenuView.strings
2025-03-11 12:55:05 +0000  copying file ./fr.lproj/UIContactDetailsCell.strings ... 
2025-03-11 12:55:05 +0000  1502 bytes for ./fr.lproj/UIContactDetailsCell.strings
2025-03-11 12:55:05 +0000  copying file ./fr.lproj/UICompositeView~ipad.strings ... 
2025-03-11 12:55:05 +0000  1 bytes for ./fr.lproj/UICompositeView~ipad.strings
2025-03-11 12:55:05 +0000  copying file ./fr.lproj/DialerView.strings ... 
2025-03-11 12:55:05 +0000  3764 bytes for ./fr.lproj/DialerView.strings
2025-03-11 12:55:05 +0000  copying file ./fr.lproj/DialerView~ipad.strings ... 
2025-03-11 12:55:05 +0000  8646 bytes for ./fr.lproj/DialerView~ipad.strings
2025-03-11 12:55:05 +0000  copying file ./fr.lproj/UIChatCell.strings ... 
2025-03-11 12:55:05 +0000  1552 bytes for ./fr.lproj/UIChatCell.strings
2025-03-11 12:55:05 +0000  copying file ./fr.lproj/UIContactCell.strings ... 
2025-03-11 12:55:05 +0000  390 bytes for ./fr.lproj/UIContactCell.strings
2025-03-11 12:55:05 +0000  copying file ./fr.lproj/HistoryDetailsView.strings ... 
2025-03-11 12:55:05 +0000  5220 bytes for ./fr.lproj/HistoryDetailsView.strings
2025-03-11 12:55:05 +0000  copying file ./voip_meeting_schedule.png ... 
2025-03-11 12:55:05 +0000  3759 bytes for ./voip_meeting_schedule.png
2025-03-11 12:55:05 +0000  copying file ./voip_micro_on.png ... 
2025-03-11 12:55:05 +0000  3030 bytes for ./voip_micro_on.png
2025-03-11 12:55:05 +0000  copying file ./cancel_edit_disabled@2x.png ... 
2025-03-11 12:55:05 +0000  1051 bytes for ./cancel_edit_disabled@2x.png
2025-03-11 12:55:05 +0000  copying file ./history_all_disabled.png ... 
2025-03-11 12:55:05 +0000  859 bytes for ./history_all_disabled.png
2025-03-11 12:55:05 +0000  copying file ./color_L.png ... 
2025-03-11 12:55:05 +0000  277 bytes for ./color_L.png
2025-03-11 12:55:05 +0000  copying file ./call_quality_indicator_1@2x.png ... 
2025-03-11 12:55:05 +0000  729 bytes for ./call_quality_indicator_1@2x.png
2025-03-11 12:55:05 +0000  copying file ./chat_start_body_default.png ... 
2025-03-11 12:55:05 +0000  1684 bytes for ./chat_start_body_default.png
2025-03-11 12:55:05 +0000  copying file ./numpad_6_default@2x.png ... 
2025-03-11 12:55:05 +0000  2091 bytes for ./numpad_6_default@2x.png
2025-03-11 12:55:05 +0000  copying file ./nl.lproj/Localizable.strings ... 
2025-03-11 12:55:05 +0000  18681 bytes for ./nl.lproj/Localizable.strings
2025-03-11 12:55:05 +0000  copying file ./menu_security_default.png ... 
2025-03-11 12:55:05 +0000  3035 bytes for ./menu_security_default.png
2025-03-11 12:55:05 +0000  copying file ./contacts_sip_selected.png ... 
2025-03-11 12:55:05 +0000  1472 bytes for ./contacts_sip_selected.png
2025-03-11 12:55:05 +0000  copying file ./numpad_4_over.png ... 
2025-03-11 12:55:05 +0000  560 bytes for ./numpad_4_over.png
2025-03-11 12:55:05 +0000  copying file ./presence_away@2x.png ... 
2025-03-11 12:55:05 +0000  1126 bytes for ./presence_away@2x.png
2025-03-11 12:55:05 +0000  copying file ./route_bluetooth_selected.png ... 
2025-03-11 12:55:05 +0000  704 bytes for ./route_bluetooth_selected.png
2025-03-11 12:55:05 +0000  copying file ./numpad_5_over.png ... 
2025-03-11 12:55:05 +0000  773 bytes for ./numpad_5_over.png
2025-03-11 12:55:05 +0000  copying file ./numpad_2~ipad@2x.png ... 
2025-03-11 12:55:05 +0000  718 bytes for ./numpad_2~ipad@2x.png
2025-03-11 12:55:05 +0000  copying file ./numpad_2_default.png ... 
2025-03-11 12:55:05 +0000  683 bytes for ./numpad_2_default.png
2025-03-11 12:55:05 +0000  copying file ./chat_send_disabled@2x.png ... 
2025-03-11 12:55:05 +0000  1764 bytes for ./chat_send_disabled@2x.png
2025-03-11 12:55:05 +0000  copying file ./call_back_default.png ... 
2025-03-11 12:55:05 +0000  1489 bytes for ./call_back_default.png
2025-03-11 12:55:05 +0000  copying file ./presence_offline.png ... 
2025-03-11 12:55:05 +0000  252 bytes for ./presence_offline.png
2025-03-11 12:55:05 +0000  copying file ./more_menu_default.png ... 
2025-03-11 12:55:05 +0000  1877 bytes for ./more_menu_default.png
2025-03-11 12:55:05 +0000  copying file ./history_missed_disabled.png ... 
2025-03-11 12:55:05 +0000  746 bytes for ./history_missed_disabled.png
2025-03-11 12:55:05 +0000  copying file ./edit_default@2x.png ... 
2025-03-11 12:55:05 +0000  1458 bytes for ./edit_default@2x.png
2025-03-11 12:55:05 +0000  copying file ./pause_small_default@2x.png ... 
2025-03-11 12:55:05 +0000  1891 bytes for ./pause_small_default@2x.png
copying file ./led_inprogress@2x.png ... 
2025-03-11 12:55:05 +0000  797 bytes for ./led_inprogress@2x.png
2025-03-11 12:55:05 +0000  copying file ./UILinphoneAudioPlayer.nib ... 
2025-03-11 12:55:05 +0000  4446 bytes for ./UILinphoneAudioPlayer.nib
2025-03-11 12:55:05 +0000  copying file ./chat_attachment_over.png ... 
2025-03-11 12:55:05 +0000  1187 bytes for ./chat_attachment_over.png
2025-03-11 12:55:05 +0000  copying file ./numpad_1_over~ipad@2x.png ... 
2025-03-11 12:55:05 +0000  998 bytes for ./numpad_1_over~ipad@2x.png
2025-03-11 12:55:05 +0000  copying file ./Roboto-Italic.ttf ... 
2025-03-11 12:55:05 +0000  329008 bytes for ./Roboto-Italic.ttf
2025-03-11 12:55:05 +0000  copying file ./contact_add_default@2x.png ... 
2025-03-11 12:55:05 +0000  2515 bytes for ./contact_add_default@2x.png
2025-03-11 12:55:05 +0000  copying file ./contacts_all_disabled.png ... 
2025-03-11 12:55:05 +0000  698 bytes for ./contacts_all_disabled.png
2025-03-11 12:55:05 +0000  copying file ./edit_disabled@2x.png ... 
2025-03-11 12:55:05 +0000  879 bytes for ./edit_disabled@2x.png
2025-03-11 12:55:05 +0000  copying file ./options_start_conference_disabled@2x.png ... 
2025-03-11 12:55:05 +0000  1829 bytes for ./options_start_conference_disabled@2x.png
2025-03-11 12:55:05 +0000  copying file ./chat_add_group.png ... 
2025-03-11 12:55:05 +0000  1710 bytes for ./chat_add_group.png
2025-03-11 12:55:05 +0000  copying file ./call_hangup_disabled.png ... 
2025-03-11 12:55:05 +0000  637 bytes for ./call_hangup_disabled.png
2025-03-11 12:55:05 +0000  copying file ./LICENSE.txt ... 
2025-03-11 12:55:05 +0000  856 bytes for ./LICENSE.txt
2025-03-11 12:55:05 +0000  copying file ./numpad_6_over~ipad.png ... 
2025-03-11 12:55:05 +0000  550 bytes for ./numpad_6_over~ipad.png
2025-03-11 12:55:05 +0000  copying file ./chat_list_indicator.png ... 
2025-03-11 12:55:05 +0000  519 bytes for ./chat_list_indicator.png
2025-03-11 12:55:05 +0000  copying file ./Frameworks/grpcpp.framework/_CodeSignature/CodeResources ... 
2025-03-11 12:55:05 +0000  2296 bytes for ./Frameworks/grpcpp.framework/_CodeSignature/CodeResources
2025-03-11 12:55:05 +0000  copying file ./Frameworks/grpcpp.framework/grpcpp ... 
2025-03-11 12:55:05 +0000  51456 bytes for ./Frameworks/grpcpp.framework/grpcpp
2025-03-11 12:55:05 +0000  copying file ./Frameworks/grpcpp.framework/grpcpp.bundle/PrivacyInfo.xcprivacy ... 
2025-03-11 12:55:05 +0000  599 bytes for ./Frameworks/grpcpp.framework/grpcpp.bundle/PrivacyInfo.xcprivacy
2025-03-11 12:55:05 +0000  copying file ./Frameworks/grpcpp.framework/grpcpp.bundle/Info.plist ... 
2025-03-11 12:55:05 +0000  759 bytes for ./Frameworks/grpcpp.framework/grpcpp.bundle/Info.plist
2025-03-11 12:55:05 +0000  copying file ./Frameworks/grpcpp.framework/Info.plist ... 
2025-03-11 12:55:05 +0000  1509 bytes for ./Frameworks/grpcpp.framework/Info.plist
2025-03-11 12:55:05 +0000  copying file ./Frameworks/belr.framework/_CodeSignature/CodeResources ... 
2025-03-11 12:55:05 +0000  1798 bytes for ./Frameworks/belr.framework/_CodeSignature/CodeResources
2025-03-11 12:55:05 +0000  copying file ./Frameworks/belr.framework/belr ... 
2025-03-11 12:55:05 +0000  557328 bytes for ./Frameworks/belr.framework/belr
2025-03-11 12:55:05 +0000  copying file ./Frameworks/belr.framework/Info.plist ... 
2025-03-11 12:55:05 +0000  1193 bytes for ./Frameworks/belr.framework/Info.plist
2025-03-11 12:55:05 +0000  copying file ./Frameworks/linphonesw.framework/_CodeSignature/CodeResources ... 
2025-03-11 12:55:05 +0000  1798 bytes for ./Frameworks/linphonesw.framework/_CodeSignature/CodeResources
2025-03-11 12:55:05 +0000  copying file ./Frameworks/linphonesw.framework/linphonesw ... 
2025-03-11 12:55:05 +0000  2731616 bytes for ./Frameworks/linphonesw.framework/linphonesw
2025-03-11 12:55:05 +0000  copying file ./Frameworks/linphonesw.framework/Info.plist ... 
2025-03-11 12:55:05 +0000  793 bytes for ./Frameworks/linphonesw.framework/Info.plist
2025-03-11 12:55:05 +0000  copying file ./Frameworks/mediastreamer2.framework/_CodeSignature/CodeResources ... 
2025-03-11 12:55:05 +0000  1798 bytes for ./Frameworks/mediastreamer2.framework/_CodeSignature/CodeResources
2025-03-11 12:55:05 +0000  copying file ./Frameworks/mediastreamer2.framework/mediastreamer2 ... 
2025-03-11 12:55:05 +0000  10285296 bytes for ./Frameworks/mediastreamer2.framework/mediastreamer2
2025-03-11 12:55:05 +0000  copying file ./Frameworks/mediastreamer2.framework/Info.plist ... 
2025-03-11 12:55:05 +0000  1307 bytes for ./Frameworks/mediastreamer2.framework/Info.plist
2025-03-11 12:55:05 +0000  copying file ./Frameworks/msopenh264.framework/_CodeSignature/CodeResources ... 
2025-03-11 12:55:05 +0000  1798 bytes for ./Frameworks/msopenh264.framework/_CodeSignature/CodeResources
2025-03-11 12:55:05 +0000  copying file ./Frameworks/msopenh264.framework/msopenh264 ... 
2025-03-11 12:55:05 +0000  51952 bytes for ./Frameworks/msopenh264.framework/msopenh264
2025-03-11 12:55:05 +0000  copying file ./Frameworks/msopenh264.framework/Info.plist ... 
2025-03-11 12:55:05 +0000  1213 bytes for ./Frameworks/msopenh264.framework/Info.plist
2025-03-11 12:55:05 +0000  copying file ./Frameworks/bctoolbox.framework/_CodeSignature/CodeResources ... 
2025-03-11 12:55:05 +0000  1798 bytes for ./Frameworks/bctoolbox.framework/_CodeSignature/CodeResources
2025-03-11 12:55:05 +0000  copying file ./Frameworks/bctoolbox.framework/bctoolbox ... 
2025-03-11 12:55:05 +0000  1542336 bytes for ./Frameworks/bctoolbox.framework/bctoolbox
2025-03-11 12:55:05 +0000  copying file ./Frameworks/bctoolbox.framework/Info.plist ... 
2025-03-11 12:55:05 +0000  1211 bytes for ./Frameworks/bctoolbox.framework/Info.plist
2025-03-11 12:55:05 +0000  copying file ./Frameworks/mswebrtc.framework/_CodeSignature/CodeResources ... 
2025-03-11 12:55:05 +0000  1798 bytes for ./Frameworks/mswebrtc.framework/_CodeSignature/CodeResources
2025-03-11 12:55:05 +0000  copying file ./Frameworks/mswebrtc.framework/mswebrtc ... 
2025-03-11 12:55:05 +0000  534576 bytes for ./Frameworks/mswebrtc.framework/mswebrtc
2025-03-11 12:55:05 +0000  copying file ./Frameworks/mswebrtc.framework/Info.plist ... 
2025-03-11 12:55:05 +0000  1209 bytes for ./Frameworks/mswebrtc.framework/Info.plist
2025-03-11 12:55:05 +0000  copying file ./Frameworks/libswift_Concurrency.dylib ... 
2025-03-11 12:55:05 +0000  557584 bytes for ./Frameworks/libswift_Concurrency.dylib
2025-03-11 12:55:05 +0000  copying file ./Frameworks/SVProgressHUD.framework/_CodeSignature/CodeResources ... 
2025-03-11 12:55:05 +0000  5070 bytes for ./Frameworks/SVProgressHUD.framework/_CodeSignature/CodeResources
2025-03-11 12:55:05 +0000  copying file ./Frameworks/SVProgressHUD.framework/SVProgressHUD ... 
2025-03-11 12:55:05 +0000  195648 bytes for ./Frameworks/SVProgressHUD.framework/SVProgressHUD
2025-03-11 12:55:05 +0000  copying file ./Frameworks/SVProgressHUD.framework/PrivacyInfo.xcprivacy ... 
2025-03-11 12:55:05 +0000  373 bytes for ./Frameworks/SVProgressHUD.framework/PrivacyInfo.xcprivacy
2025-03-11 12:55:05 +0000  copying file ./Frameworks/SVProgressHUD.framework/SVProgressHUD.bundle/info.png ... 
2025-03-11 12:55:05 +0000  365 bytes for ./Frameworks/SVProgressHUD.framework/SVProgressHUD.bundle/info.png
2025-03-11 12:55:05 +0000  copying file ./Frameworks/SVProgressHUD.framework/SVProgressHUD.bundle/error@3x.png ... 
2025-03-11 12:55:05 +0000  398 bytes for ./Frameworks/SVProgressHUD.framework/SVProgressHUD.bundle/error@3x.png
2025-03-11 12:55:05 +0000  copying file ./Frameworks/SVProgressHUD.framework/SVProgressHUD.bundle/angle-mask@3x.png ... 
2025-03-11 12:55:05 +0000  8319 bytes for ./Frameworks/SVProgressHUD.framework/SVProgressHUD.bundle/angle-mask@3x.png
2025-03-11 12:55:05 +0000  copying file ./Frameworks/SVProgressHUD.framework/SVProgressHUD.bundle/angle-mask@2x.png ... 
2025-03-11 12:55:05 +0000  4893 bytes for ./Frameworks/SVProgressHUD.framework/SVProgressHUD.bundle/angle-mask@2x.png
2025-03-11 12:55:05 +0000  copying file ./Frameworks/SVProgressHUD.framework/SVProgressHUD.bundle/error@2x.png ... 
2025-03-11 12:55:05 +0000  306 bytes for ./Frameworks/SVProgressHUD.framework/SVProgressHUD.bundle/error@2x.png
2025-03-11 12:55:05 +0000  copying file ./Frameworks/SVProgressHUD.framework/SVProgressHUD.bundle/info@3x.png ... 
2025-03-11 12:55:05 +0000  1200 bytes for ./Frameworks/SVProgressHUD.framework/SVProgressHUD.bundle/info@3x.png
2025-03-11 12:55:05 +0000  copying file ./Frameworks/SVProgressHUD.framework/SVProgressHUD.bundle/success@2x.png ... 
2025-03-11 12:55:05 +0000  462 bytes for ./Frameworks/SVProgressHUD.framework/SVProgressHUD.bundle/success@2x.png
2025-03-11 12:55:05 +0000  copying file ./Frameworks/SVProgressHUD.framework/SVProgressHUD.bundle/success@3x.png ... 
2025-03-11 12:55:05 +0000  714 bytes for ./Frameworks/SVProgressHUD.framework/SVProgressHUD.bundle/success@3x.png
2025-03-11 12:55:05 +0000  copying file ./Frameworks/SVProgressHUD.framework/SVProgressHUD.bundle/info@2x.png ... 
2025-03-11 12:55:05 +0000  816 bytes for ./Frameworks/SVProgressHUD.framework/SVProgressHUD.bundle/info@2x.png
2025-03-11 12:55:05 +0000  copying file ./Frameworks/SVProgressHUD.framework/SVProgressHUD.bundle/error.png ... 
2025-03-11 12:55:05 +0000  184 bytes for ./Frameworks/SVProgressHUD.framework/SVProgressHUD.bundle/error.png
2025-03-11 12:55:05 +0000  copying file ./Frameworks/SVProgressHUD.framework/SVProgressHUD.bundle/success.png ... 
2025-03-11 12:55:05 +0000  262 bytes for ./Frameworks/SVProgressHUD.framework/SVProgressHUD.bundle/success.png
2025-03-11 12:55:05 +0000  copying file ./Frameworks/SVProgressHUD.framework/SVProgressHUD.bundle/angle-mask.png ... 
2025-03-11 12:55:05 +0000  1845 bytes for ./Frameworks/SVProgressHUD.framework/SVProgressHUD.bundle/angle-mask.png
2025-03-11 12:55:05 +0000  copying file ./Frameworks/SVProgressHUD.framework/Info.plist ... 
2025-03-11 12:55:05 +0000  798 bytes for ./Frameworks/SVProgressHUD.framework/Info.plist
2025-03-11 12:55:05 +0000  copying file ./Frameworks/msamr.framework/_CodeSignature/CodeResources ... 
2025-03-11 12:55:05 +0000  1798 bytes for ./Frameworks/msamr.framework/_CodeSignature/CodeResources
2025-03-11 12:55:05 +0000  copying file ./Frameworks/msamr.framework/msamr ... 
2025-03-11 12:55:05 +0000  51936 bytes for ./Frameworks/msamr.framework/msamr
2025-03-11 12:55:05 +0000  copying file ./Frameworks/msamr.framework/Info.plist ... 
2025-03-11 12:55:05 +0000  1203 bytes for ./Frameworks/msamr.framework/Info.plist
2025-03-11 12:55:05 +0000  copying file ./Frameworks/belle-sip.framework/_CodeSignature/CodeResources ... 
2025-03-11 12:55:05 +0000  2014 bytes for ./Frameworks/belle-sip.framework/_CodeSignature/CodeResources
2025-03-11 12:55:05 +0000  copying file ./Frameworks/belle-sip.framework/sdp_grammar ... 
2025-03-11 12:55:05 +0000  11694 bytes for ./Frameworks/belle-sip.framework/sdp_grammar
2025-03-11 12:55:05 +0000  copying file ./Frameworks/belle-sip.framework/belle-sip ... 
2025-03-11 12:55:05 +0000  3606528 bytes for ./Frameworks/belle-sip.framework/belle-sip
2025-03-11 12:55:05 +0000  copying file ./Frameworks/belle-sip.framework/Info.plist ... 
2025-03-11 12:55:05 +0000  1211 bytes for ./Frameworks/belle-sip.framework/Info.plist
2025-03-11 12:55:05 +0000  copying file ./Frameworks/linphonetester.framework/_CodeSignature/CodeResources ... 
2025-03-11 12:55:05 +0000  2238 bytes for ./Frameworks/linphonetester.framework/_CodeSignature/CodeResources
2025-03-11 12:55:05 +0000  copying file ./Frameworks/linphonetester.framework/linphonetester ... 
2025-03-11 12:55:05 +0000  6333296 bytes for ./Frameworks/linphonetester.framework/linphonetester
2025-03-11 12:55:05 +0000  copying file ./Frameworks/linphonetester.framework/local_tester_hosts ... 
2025-03-11 12:55:05 +0000  796 bytes for ./Frameworks/linphonetester.framework/local_tester_hosts
2025-03-11 12:55:05 +0000  copying file ./Frameworks/linphonetester.framework/tester_hosts ... 
2025-03-11 12:55:05 +0000  820 bytes for ./Frameworks/linphonetester.framework/tester_hosts
2025-03-11 12:55:05 +0000  copying file ./Frameworks/linphonetester.framework/Info.plist ... 
2025-03-11 12:55:05 +0000  1325 bytes for ./Frameworks/linphonetester.framework/Info.plist
2025-03-11 12:55:05 +0000  copying file ./Frameworks/SwipeCellKit.framework/_CodeSignature/CodeResources ... 
2025-03-11 12:55:05 +0000  1798 bytes for ./Frameworks/SwipeCellKit.framework/_CodeSignature/CodeResources
2025-03-11 12:55:05 +0000  copying file ./Frameworks/SwipeCellKit.framework/SwipeCellKit ... 
2025-03-11 12:55:05 +0000  520016 bytes for ./Frameworks/SwipeCellKit.framework/SwipeCellKit
2025-03-11 12:55:05 +0000  copying file ./Frameworks/SwipeCellKit.framework/Info.plist ... 
2025-03-11 12:55:05 +0000  796 bytes for ./Frameworks/SwipeCellKit.framework/Info.plist
2025-03-11 12:55:05 +0000  copying file ./Frameworks/DropDown.framework/_CodeSignature/CodeResources ... 
2025-03-11 12:55:05 +0000  2024 bytes for ./Frameworks/DropDown.framework/_CodeSignature/CodeResources
2025-03-11 12:55:05 +0000  copying file ./Frameworks/DropDown.framework/DropDown ... 
2025-03-11 12:55:05 +0000  326784 bytes for ./Frameworks/DropDown.framework/DropDown
2025-03-11 12:55:05 +0000  copying file ./Frameworks/DropDown.framework/DropDownCell.nib ... 
2025-03-11 12:55:05 +0000  2547 bytes for ./Frameworks/DropDown.framework/DropDownCell.nib
2025-03-11 12:55:05 +0000  copying file ./Frameworks/DropDown.framework/Info.plist ... 
2025-03-11 12:55:05 +0000  789 bytes for ./Frameworks/DropDown.framework/Info.plist
2025-03-11 12:55:05 +0000  copying file ./Frameworks/FirebaseFirestoreInternal.framework/_CodeSignature/CodeResources ... 
2025-03-11 12:55:05 +0000  2404 bytes for ./Frameworks/FirebaseFirestoreInternal.framework/_CodeSignature/CodeResources
2025-03-11 12:55:05 +0000  copying file ./Frameworks/FirebaseFirestoreInternal.framework/FirebaseFirestoreInternal ... 
2025-03-11 12:55:05 +0000  51488 bytes for ./Frameworks/FirebaseFirestoreInternal.framework/FirebaseFirestoreInternal
2025-03-11 12:55:05 +0000  copying file ./Frameworks/FirebaseFirestoreInternal.framework/FirebaseFirestoreInternal_Privacy.bundle/PrivacyInfo.xcprivacy ... 
2025-03-11 12:55:05 +0000  1105 bytes for ./Frameworks/FirebaseFirestoreInternal.framework/FirebaseFirestoreInternal_Privacy.bundle/PrivacyInfo.xcprivacy
2025-03-11 12:55:05 +0000  copying file ./Frameworks/FirebaseFirestoreInternal.framework/FirebaseFirestoreInternal_Privacy.bundle/Info.plist ... 
2025-03-11 12:55:05 +0000  815 bytes for ./Frameworks/FirebaseFirestoreInternal.framework/FirebaseFirestoreInternal_Privacy.bundle/Info.plist
2025-03-11 12:55:05 +0000  copying file ./Frameworks/FirebaseFirestoreInternal.framework/Info.plist ... 
2025-03-11 12:55:05 +0000  1566 bytes for ./Frameworks/FirebaseFirestoreInternal.framework/Info.plist
2025-03-11 12:55:05 +0000  copying file ./Frameworks/bctoolbox-tester.framework/_CodeSignature/CodeResources ... 
2025-03-11 12:55:05 +0000  1798 bytes for ./Frameworks/bctoolbox-tester.framework/_CodeSignature/CodeResources
2025-03-11 12:55:05 +0000  copying file ./Frameworks/bctoolbox-tester.framework/bctoolbox-tester ... 
2025-03-11 12:55:05 +0000  132816 bytes for ./Frameworks/bctoolbox-tester.framework/bctoolbox-tester
2025-03-11 12:55:05 +0000  copying file ./Frameworks/bctoolbox-tester.framework/Info.plist ... 
2025-03-11 12:55:05 +0000  1242 bytes for ./Frameworks/bctoolbox-tester.framework/Info.plist
2025-03-11 12:55:05 +0000  copying file ./Frameworks/ortp.framework/_CodeSignature/CodeResources ... 
2025-03-11 12:55:05 +0000  1798 bytes for ./Frameworks/ortp.framework/_CodeSignature/CodeResources
2025-03-11 12:55:05 +0000  copying file ./Frameworks/ortp.framework/ortp ... 
2025-03-11 12:55:05 +0000  334160 bytes for ./Frameworks/ortp.framework/ortp
2025-03-11 12:55:05 +0000  copying file ./Frameworks/ortp.framework/Info.plist ... 
2025-03-11 12:55:05 +0000  1201 bytes for ./Frameworks/ortp.framework/Info.plist
2025-03-11 12:55:05 +0000  copying file ./Frameworks/IQKeyboardManager.framework/_CodeSignature/CodeResources ... 
2025-03-11 12:55:05 +0000  2340 bytes for ./Frameworks/IQKeyboardManager.framework/_CodeSignature/CodeResources
2025-03-11 12:55:05 +0000  copying file ./Frameworks/IQKeyboardManager.framework/IQKeyboardManager.bundle/PrivacyInfo.xcprivacy ... 
2025-03-11 12:55:05 +0000  373 bytes for ./Frameworks/IQKeyboardManager.framework/IQKeyboardManager.bundle/PrivacyInfo.xcprivacy
2025-03-11 12:55:05 +0000  copying file ./Frameworks/IQKeyboardManager.framework/IQKeyboardManager.bundle/Info.plist ... 
2025-03-11 12:55:05 +0000  784 bytes for ./Frameworks/IQKeyboardManager.framework/IQKeyboardManager.bundle/Info.plist
2025-03-11 12:55:05 +0000  copying file ./Frameworks/IQKeyboardManager.framework/IQKeyboardManager ... 
2025-03-11 12:55:05 +0000  327056 bytes for ./Frameworks/IQKeyboardManager.framework/IQKeyboardManager
2025-03-11 12:55:05 +0000  copying file ./Frameworks/IQKeyboardManager.framework/Info.plist ... 
2025-03-11 12:55:05 +0000  809 bytes for ./Frameworks/IQKeyboardManager.framework/Info.plist
2025-03-11 12:55:05 +0000  copying file ./Frameworks/limetester.framework/_CodeSignature/CodeResources ... 
2025-03-11 12:55:05 +0000  1798 bytes for ./Frameworks/limetester.framework/_CodeSignature/CodeResources
2025-03-11 12:55:05 +0000  copying file ./Frameworks/limetester.framework/limetester ... 
2025-03-11 12:55:05 +0000  1162080 bytes for ./Frameworks/limetester.framework/limetester
2025-03-11 12:55:05 +0000  copying file ./Frameworks/limetester.framework/Info.plist ... 
2025-03-11 12:55:05 +0000  1230 bytes for ./Frameworks/limetester.framework/Info.plist
2025-03-11 12:55:05 +0000  copying file ./Frameworks/mscodec2.framework/_CodeSignature/CodeResources ... 
2025-03-11 12:55:05 +0000  1798 bytes for ./Frameworks/mscodec2.framework/_CodeSignature/CodeResources
2025-03-11 12:55:05 +0000  copying file ./Frameworks/mscodec2.framework/mscodec2 ... 
2025-03-11 12:55:05 +0000  51936 bytes for ./Frameworks/mscodec2.framework/mscodec2
2025-03-11 12:55:05 +0000  copying file ./Frameworks/mscodec2.framework/Info.plist ... 
2025-03-11 12:55:05 +0000  1209 bytes for ./Frameworks/mscodec2.framework/Info.plist
2025-03-11 12:55:05 +0000  copying file ./Frameworks/grpc.framework/_CodeSignature/CodeResources ... 
2025-03-11 12:55:05 +0000  2288 bytes for ./Frameworks/grpc.framework/_CodeSignature/CodeResources
2025-03-11 12:55:05 +0000  copying file ./Frameworks/grpc.framework/grpc ... 
2025-03-11 12:55:05 +0000  51456 bytes for ./Frameworks/grpc.framework/grpc
2025-03-11 12:55:05 +0000  copying file ./Frameworks/grpc.framework/grpc.bundle/PrivacyInfo.xcprivacy ... 
2025-03-11 12:55:05 +0000  599 bytes for ./Frameworks/grpc.framework/grpc.bundle/PrivacyInfo.xcprivacy
2025-03-11 12:55:05 +0000  copying file ./Frameworks/grpc.framework/grpc.bundle/Info.plist ... 
2025-03-11 12:55:05 +0000  755 bytes for ./Frameworks/grpc.framework/grpc.bundle/Info.plist
2025-03-11 12:55:05 +0000  copying file ./Frameworks/grpc.framework/Info.plist ... 
2025-03-11 12:55:05 +0000  1503 bytes for ./Frameworks/grpc.framework/Info.plist
2025-03-11 12:55:05 +0000  copying file ./Frameworks/mssilk.framework/_CodeSignature/CodeResources ... 
2025-03-11 12:55:05 +0000  1798 bytes for ./Frameworks/mssilk.framework/_CodeSignature/CodeResources
2025-03-11 12:55:05 +0000  copying file ./Frameworks/mssilk.framework/mssilk ... 
2025-03-11 12:55:05 +0000  51936 bytes for ./Frameworks/mssilk.framework/mssilk
2025-03-11 12:55:05 +0000  copying file ./Frameworks/mssilk.framework/Info.plist ... 
2025-03-11 12:55:05 +0000  1205 bytes for ./Frameworks/mssilk.framework/Info.plist
2025-03-11 12:55:05 +0000  copying file ./Frameworks/openssl_grpc.framework/_CodeSignature/CodeResources ... 
2025-03-11 12:55:05 +0000  2320 bytes for ./Frameworks/openssl_grpc.framework/_CodeSignature/CodeResources
2025-03-11 12:55:05 +0000  copying file ./Frameworks/openssl_grpc.framework/openssl_grpc ... 
2025-03-11 12:55:05 +0000  51472 bytes for ./Frameworks/openssl_grpc.framework/openssl_grpc
2025-03-11 12:55:05 +0000  copying file ./Frameworks/openssl_grpc.framework/openssl_grpc.bundle/PrivacyInfo.xcprivacy ... 
2025-03-11 12:55:05 +0000  599 bytes for ./Frameworks/openssl_grpc.framework/openssl_grpc.bundle/PrivacyInfo.xcprivacy
2025-03-11 12:55:05 +0000  copying file ./Frameworks/openssl_grpc.framework/openssl_grpc.bundle/Info.plist ... 
2025-03-11 12:55:05 +0000  771 bytes for ./Frameworks/openssl_grpc.framework/openssl_grpc.bundle/Info.plist
2025-03-11 12:55:05 +0000  copying file ./Frameworks/openssl_grpc.framework/Info.plist ... 
2025-03-11 12:55:05 +0000  1527 bytes for ./Frameworks/openssl_grpc.framework/Info.plist
2025-03-11 12:55:05 +0000  copying file ./Frameworks/absl.framework/_CodeSignature/CodeResources ... 
2025-03-11 12:55:05 +0000  2308 bytes for ./Frameworks/absl.framework/_CodeSignature/CodeResources
2025-03-11 12:55:05 +0000  copying file ./Frameworks/absl.framework/absl ... 
2025-03-11 12:55:05 +0000  51456 bytes for ./Frameworks/absl.framework/absl
2025-03-11 12:55:05 +0000  copying file ./Frameworks/absl.framework/xcprivacy.bundle/PrivacyInfo.xcprivacy ... 
2025-03-11 12:55:05 +0000  381 bytes for ./Frameworks/absl.framework/xcprivacy.bundle/PrivacyInfo.xcprivacy
2025-03-11 12:55:05 +0000  copying file ./Frameworks/absl.framework/xcprivacy.bundle/Info.plist ... 
2025-03-11 12:55:05 +0000  770 bytes for ./Frameworks/absl.framework/xcprivacy.bundle/Info.plist
2025-03-11 12:55:05 +0000  copying file ./Frameworks/absl.framework/Info.plist ... 
2025-03-11 12:55:05 +0000  1509 bytes for ./Frameworks/absl.framework/Info.plist
2025-03-11 12:55:05 +0000  copying file ./Frameworks/SnapKit.framework/_CodeSignature/CodeResources ... 
2025-03-11 12:55:05 +0000  1798 bytes for ./Frameworks/SnapKit.framework/_CodeSignature/CodeResources
2025-03-11 12:55:05 +0000  copying file ./Frameworks/SnapKit.framework/SnapKit ... 
2025-03-11 12:55:05 +0000  351920 bytes for ./Frameworks/SnapKit.framework/SnapKit
2025-03-11 12:55:05 +0000  copying file ./Frameworks/SnapKit.framework/Info.plist ... 
2025-03-11 12:55:05 +0000  786 bytes for ./Frameworks/SnapKit.framework/Info.plist
2025-03-11 12:55:05 +0000  copying file ./Frameworks/lime.framework/_CodeSignature/CodeResources ... 
2025-03-11 12:55:05 +0000  1798 bytes for ./Frameworks/lime.framework/_CodeSignature/CodeResources
2025-03-11 12:55:05 +0000  copying file ./Frameworks/lime.framework/lime ... 
2025-03-11 12:55:05 +0000  873088 bytes for ./Frameworks/lime.framework/lime
2025-03-11 12:55:05 +0000  copying file ./Frameworks/lime.framework/Info.plist ... 
2025-03-11 12:55:05 +0000  1218 bytes for ./Frameworks/lime.framework/Info.plist
2025-03-11 12:55:05 +0000  copying file ./Frameworks/belcard.framework/_CodeSignature/CodeResources ... 
2025-03-11 12:55:05 +0000  2018 bytes for ./Frameworks/belcard.framework/_CodeSignature/CodeResources
2025-03-11 12:55:05 +0000  copying file ./Frameworks/belcard.framework/vcard_grammar ... 
2025-03-11 12:55:05 +0000  18469 bytes for ./Frameworks/belcard.framework/vcard_grammar
2025-03-11 12:55:05 +0000  copying file ./Frameworks/belcard.framework/belcard ... 
2025-03-11 12:55:05 +0000  1863776 bytes for ./Frameworks/belcard.framework/belcard
2025-03-11 12:55:05 +0000  copying file ./Frameworks/belcard.framework/Info.plist ... 
2025-03-11 12:55:05 +0000  1199 bytes for ./Frameworks/belcard.framework/Info.plist
2025-03-11 12:55:05 +0000  copying file ./Frameworks/bctoolbox-ios.framework/_CodeSignature/CodeResources ... 
2025-03-11 12:55:05 +0000  1798 bytes for ./Frameworks/bctoolbox-ios.framework/_CodeSignature/CodeResources
2025-03-11 12:55:05 +0000  copying file ./Frameworks/bctoolbox-ios.framework/bctoolbox-ios ... 
2025-03-11 12:55:05 +0000  75120 bytes for ./Frameworks/bctoolbox-ios.framework/bctoolbox-ios
2025-03-11 12:55:05 +0000  copying file ./Frameworks/bctoolbox-ios.framework/Info.plist ... 
2025-03-11 12:55:05 +0000  1219 bytes for ./Frameworks/bctoolbox-ios.framework/Info.plist
2025-03-11 12:55:05 +0000  copying file ./Frameworks/linphone.framework/_CodeSignature/CodeResources ... 
2025-03-11 12:55:05 +0000  5718 bytes for ./Frameworks/linphone.framework/_CodeSignature/CodeResources
2025-03-11 12:55:05 +0000  copying file ./Frameworks/linphone.framework/identity_grammar ... 
2025-03-11 12:55:05 +0000  843 bytes for ./Frameworks/linphone.framework/identity_grammar
2025-03-11 12:55:05 +0000  copying file ./Frameworks/linphone.framework/silence.mkv ... 
2025-03-11 12:55:05 +0000  43316 bytes for ./Frameworks/linphone.framework/silence.mkv
2025-03-11 12:55:05 +0000  copying file ./Frameworks/linphone.framework/dont_wait_too_long.mkv ... 
2025-03-11 12:55:05 +0000  3650842 bytes for ./Frameworks/linphone.framework/dont_wait_too_long.mkv
2025-03-11 12:55:05 +0000  copying file ./Frameworks/linphone.framework/four_hands_together.mkv ... 
2025-03-11 12:55:05 +0000  670788 bytes for ./Frameworks/linphone.framework/four_hands_together.mkv
2025-03-11 12:55:05 +0000  copying file ./Frameworks/linphone.framework/notes_of_the_optimistic.mkv ... 
2025-03-11 12:55:05 +0000  594025 bytes for ./Frameworks/linphone.framework/notes_of_the_optimistic.mkv
2025-03-11 12:55:05 +0000  copying file ./Frameworks/linphone.framework/oldphone-mono.wav ... 
2025-03-11 12:55:05 +0000  156120 bytes for ./Frameworks/linphone.framework/oldphone-mono.wav
2025-03-11 12:55:05 +0000  copying file ./Frameworks/linphone.framework/toy-mono.wav ... 
2025-03-11 12:55:05 +0000  477458 bytes for ./Frameworks/linphone.framework/toy-mono.wav
2025-03-11 12:55:05 +0000  copying file ./Frameworks/linphone.framework/house_keeping.mkv ... 
2025-03-11 12:55:05 +0000  760823 bytes for ./Frameworks/linphone.framework/house_keeping.mkv
2025-03-11 12:55:05 +0000  copying file ./Frameworks/linphone.framework/leaving_dreams.mkv ... 
2025-03-11 12:55:05 +0000  249152 bytes for ./Frameworks/linphone.framework/leaving_dreams.mkv
2025-03-11 12:55:05 +0000  copying file ./Frameworks/linphone.framework/soft_as_snow.mkv ... 
2025-03-11 12:55:05 +0000  929065 bytes for ./Frameworks/linphone.framework/soft_as_snow.mkv
2025-03-11 12:55:05 +0000  copying file ./Frameworks/linphone.framework/linphone ... 
2025-03-11 12:55:05 +0000  15475088 bytes for ./Frameworks/linphone.framework/linphone
2025-03-11 12:55:05 +0000  copying file ./Frameworks/linphone.framework/hello8000.wav ... 
2025-03-11 12:55:05 +0000  180268 bytes for ./Frameworks/linphone.framework/hello8000.wav
2025-03-11 12:55:05 +0000  copying file ./Frameworks/linphone.framework/rootca.pem ... 
2025-03-11 12:55:05 +0000  221877 bytes for ./Frameworks/linphone.framework/rootca.pem
2025-03-11 12:55:05 +0000  copying file ./Frameworks/linphone.framework/cpim_grammar ... 
2025-03-11 12:55:05 +0000  5437 bytes for ./Frameworks/linphone.framework/cpim_grammar
2025-03-11 12:55:05 +0000  copying file ./Frameworks/linphone.framework/ics_grammar ... 
2025-03-11 12:55:05 +0000  20296 bytes for ./Frameworks/linphone.framework/ics_grammar
2025-03-11 12:55:05 +0000  copying file ./Frameworks/linphone.framework/its_a_game.mkv ... 
2025-03-11 12:55:05 +0000  1180713 bytes for ./Frameworks/linphone.framework/its_a_game.mkv
2025-03-11 12:55:05 +0000  copying file ./Frameworks/linphone.framework/ringback.wav ... 
2025-03-11 12:55:05 +0000  24620 bytes for ./Frameworks/linphone.framework/ringback.wav
2025-03-11 12:55:05 +0000  copying file ./Frameworks/linphone.framework/hello16000.wav ... 
2025-03-11 12:55:05 +0000  340012 bytes for ./Frameworks/linphone.framework/hello16000.wav
2025-03-11 12:55:05 +0000  copying file ./Frameworks/linphone.framework/incoming_chat.wav ... 
2025-03-11 12:55:05 +0000  51244 bytes for ./Frameworks/linphone.framework/incoming_chat.wav
2025-03-11 12:55:05 +0000  copying file ./Frameworks/linphone.framework/Info.plist ... 
2025-03-11 12:55:05 +0000  1296 bytes for ./Frameworks/linphone.framework/Info.plist
2025-03-11 12:55:05 +0000  copying file ./Frameworks/EmojiPicker.framework/_CodeSignature/CodeResources ... 
2025-03-11 12:55:05 +0000  6536 bytes for ./Frameworks/EmojiPicker.framework/_CodeSignature/CodeResources
2025-03-11 12:55:05 +0000  copying file ./Frameworks/EmojiPicker.framework/EmojiPicker ... 
2025-03-11 12:55:05 +0000  350688 bytes for ./Frameworks/EmojiPicker.framework/EmojiPicker
2025-03-11 12:55:05 +0000  copying file ./Frameworks/EmojiPicker.framework/Resources.bundle/de.lproj/Localizable.strings ... 
2025-03-11 12:55:05 +0000  244 bytes for ./Frameworks/EmojiPicker.framework/Resources.bundle/de.lproj/Localizable.strings
2025-03-11 12:55:05 +0000  copying file ./Frameworks/EmojiPicker.framework/Resources.bundle/en.lproj/Localizable.strings ... 
2025-03-11 12:55:05 +0000  232 bytes for ./Frameworks/EmojiPicker.framework/Resources.bundle/en.lproj/Localizable.strings
2025-03-11 12:55:05 +0000  copying file ./Frameworks/EmojiPicker.framework/Resources.bundle/uk.lproj/Localizable.strings ... 
2025-03-11 12:55:05 +0000  333 bytes for ./Frameworks/EmojiPicker.framework/Resources.bundle/uk.lproj/Localizable.strings
2025-03-11 12:55:05 +0000  copying file ./Frameworks/EmojiPicker.framework/Resources.bundle/13.1.json ... 
2025-03-11 12:55:05 +0000  462927 bytes for ./Frameworks/EmojiPicker.framework/Resources.bundle/13.1.json
2025-03-11 12:55:05 +0000  copying file ./Frameworks/EmojiPicker.framework/Resources.bundle/11.json ... 
2025-03-11 12:55:05 +0000  411275 bytes for ./Frameworks/EmojiPicker.framework/Resources.bundle/11.json
2025-03-11 12:55:05 +0000  copying file ./Frameworks/EmojiPicker.framework/Resources.bundle/tr.lproj/Localizable.strings ... 
2025-03-11 12:55:05 +0000  335 bytes for ./Frameworks/EmojiPicker.framework/Resources.bundle/tr.lproj/Localizable.strings
2025-03-11 12:55:05 +0000  copying file ./Frameworks/EmojiPicker.framework/Resources.bundle/ru.lproj/Localizable.strings ... 
2025-03-11 12:55:05 +0000  361 bytes for ./Frameworks/EmojiPicker.framework/Resources.bundle/ru.lproj/Localizable.strings
2025-03-11 12:55:05 +0000  copying file ./Frameworks/EmojiPicker.framework/Resources.bundle/13.json ... 
2025-03-11 12:55:05 +0000  460506 bytes for ./Frameworks/EmojiPicker.framework/Resources.bundle/13.json
2025-03-11 12:55:05 +0000  copying file ./Frameworks/EmojiPicker.framework/Resources.bundle/fr.lproj/Localizable.strings ... 
2025-03-11 12:55:05 +0000  261 bytes for ./Frameworks/EmojiPicker.framework/Resources.bundle/fr.lproj/Localizable.strings
2025-03-11 12:55:05 +0000  copying file ./Frameworks/EmojiPicker.framework/Resources.bundle/14.json ... 
2025-03-11 12:55:05 +0000  472905 bytes for ./Frameworks/EmojiPicker.framework/Resources.bundle/14.json
2025-03-11 12:55:05 +0000  copying file ./Frameworks/EmojiPicker.framework/Resources.bundle/12.1.json ... 
2025-03-11 12:55:05 +0000  445331 bytes for ./Frameworks/EmojiPicker.framework/Resources.bundle/12.1.json
2025-03-11 12:55:05 +0000  copying file ./Frameworks/EmojiPicker.framework/Resources.bundle/5.json ... 
2025-03-11 12:55:05 +0000  391359 bytes for ./Frameworks/EmojiPicker.framework/Resources.bundle/5.json
2025-03-11 12:55:05 +0000  copying file ./Frameworks/EmojiPicker.framework/Resources.bundle/Info.plist ... 
2025-03-11 12:55:05 +0000  765 bytes for ./Frameworks/EmojiPicker.framework/Resources.bundle/Info.plist
2025-03-11 12:55:05 +0000  copying file ./Frameworks/EmojiPicker.framework/Resources.bundle/hi.lproj/Localizable.strings ... 
2025-03-11 12:55:05 +0000  323 bytes for ./Frameworks/EmojiPicker.framework/Resources.bundle/hi.lproj/Localizable.strings
2025-03-11 12:55:05 +0000  copying file ./Frameworks/EmojiPicker.framework/Resources.bundle/zh.lproj/Localizable.strings ... 
2025-03-11 12:55:05 +0000  194 bytes for ./Frameworks/EmojiPicker.framework/Resources.bundle/zh.lproj/Localizable.strings
2025-03-11 12:55:05 +0000  copying file ./Frameworks/EmojiPicker.framework/Info.plist ... 
2025-03-11 12:55:05 +0000  794 bytes for ./Frameworks/EmojiPicker.framework/Info.plist
2025-03-11 12:55:05 +0000  copying file ./menu@2x.png ... 
2025-03-11 12:55:05 +0000  366 bytes for ./menu@2x.png
2025-03-11 12:55:05 +0000  copying file ./numpad_9_default@2x.png ... 
2025-03-11 12:55:05 +0000  2104 bytes for ./numpad_9_default@2x.png
2025-03-11 12:55:05 +0000  copying file ./numpad_1_default@2x.png ... 
2025-03-11 12:55:05 +0000  1966 bytes for ./numpad_1_default@2x.png
2025-03-11 12:55:05 +0000  copying file ./pause_small_over_selected@2x.png ... 
2025-03-11 12:55:05 +0000  1866 bytes for ./pause_small_over_selected@2x.png
2025-03-11 12:55:05 +0000  copying file ./options_transfer_call_default.png ... 
2025-03-11 12:55:05 +0000  1445 bytes for ./options_transfer_call_default.png
2025-03-11 12:55:05 +0000  copying file ./voip_conference_audio_only.png ... 
2025-03-11 12:55:05 +0000  1369 bytes for ./voip_conference_audio_only.png
2025-03-11 12:55:05 +0000  copying file ./file_video_default.png ... 
2025-03-11 12:55:05 +0000  1512 bytes for ./file_video_default.png
2025-03-11 12:55:05 +0000  copying file ./menu_notifications_off.png ... 
2025-03-11 12:55:05 +0000  5738 bytes for ./menu_notifications_off.png
2025-03-11 12:55:05 +0000  copying file ./chat_attachment_default.png ... 
2025-03-11 12:55:05 +0000  1364 bytes for ./chat_attachment_default.png
2025-03-11 12:55:05 +0000  copying file ./call_status_outgoing@2x.png ... 
2025-03-11 12:55:05 +0000  2322 bytes for ./call_status_outgoing@2x.png
2025-03-11 12:55:05 +0000  copying file ./pause_big_disabled@2x.png ... 
2025-03-11 12:55:05 +0000  2497 bytes for ./pause_big_disabled@2x.png
2025-03-11 12:55:05 +0000  copying file ./security_toogle_button@2x.png ... 
2025-03-11 12:55:05 +0000  469 bytes for ./security_toogle_button@2x.png
2025-03-11 12:55:05 +0000  copying file ./security_pending@2x.png ... 
2025-03-11 12:55:05 +0000  847 bytes for ./security_pending@2x.png
2025-03-11 12:55:05 +0000  copying file ./footer_dialer_default@2x.png ... 
2025-03-11 12:55:05 +0000  3694 bytes for ./footer_dialer_default@2x.png
2025-03-11 12:55:05 +0000  copying file ./shortring.caf ... 
2025-03-11 12:55:05 +0000  689770 bytes for ./shortring.caf
2025-03-11 12:55:05 +0000  copying file ./numpad_2_over~ipad.png ... 
2025-03-11 12:55:05 +0000  421 bytes for ./numpad_2_over~ipad.png
2025-03-11 12:55:05 +0000  copying file ./voicemail@2x.png ... 
2025-03-11 12:55:05 +0000  1236 bytes for ./voicemail@2x.png
2025-03-11 12:55:05 +0000  copying file ./call_start_body_disabled@2x.png ... 
2025-03-11 12:55:05 +0000  3524 bytes for ./call_start_body_disabled@2x.png
2025-03-11 12:55:05 +0000  copying file ./embedded.mobileprovision ... 
2025-03-11 12:55:05 +0000  14052 bytes for ./embedded.mobileprovision
2025-03-11 12:55:05 +0000  copying file ./Roboto-Bold.ttf ... 
2025-03-11 12:55:05 +0000  307304 bytes for ./Roboto-Bold.ttf
2025-03-11 12:55:05 +0000  copying file ./voip_call.png ... 
2025-03-11 12:55:05 +0000  3475 bytes for ./voip_call.png
2025-03-11 12:55:05 +0000  copying file ./cancel_edit_default.png ... 
2025-03-11 12:55:05 +0000  895 bytes for ./cancel_edit_default.png
2025-03-11 12:55:05 +0000  copying file ./call_status_incoming@2x.png ... 
2025-03-11 12:55:05 +0000  2123 bytes for ./call_status_incoming@2x.png
2025-03-11 12:55:05 +0000  copying file ./select_all_disabled@2x.png ... 
2025-03-11 12:55:05 +0000  670 bytes for ./select_all_disabled@2x.png
2025-03-11 12:55:05 +0000  copying file ./chat_group_add@2x.png ... 
2025-03-11 12:55:05 +0000  7486 bytes for ./chat_group_add@2x.png
2025-03-11 12:55:05 +0000  copying file ./back_disabled@2x.png ... 
2025-03-11 12:55:05 +0000  539 bytes for ./back_disabled@2x.png
2025-03-11 12:55:05 +0000  copying file ./valid_default@2x.png ... 
2025-03-11 12:55:05 +0000  1088 bytes for ./valid_default@2x.png
2025-03-11 12:55:05 +0000  copying file ./numpad_0_default@2x.png ... 
2025-03-11 12:55:05 +0000  2156 bytes for ./numpad_0_default@2x.png
2025-03-11 12:55:05 +0000  copying file ./UIImageViewDeletable.nib ... 
2025-03-11 12:55:05 +0000  2688 bytes for ./UIImageViewDeletable.nib
2025-03-11 12:55:05 +0000  copying file ./route_speaker_selected@2x.png ... 
2025-03-11 12:55:05 +0000  1152 bytes for ./route_speaker_selected@2x.png
2025-03-11 12:55:05 +0000  copying file ./call_start_body_over@2x.png ... 
2025-03-11 12:55:05 +0000  4430 bytes for ./call_start_body_over@2x.png
2025-03-11 12:55:05 +0000  copying file ./select_all_default.png ... 
2025-03-11 12:55:05 +0000  594 bytes for ./select_all_default.png
2025-03-11 12:55:05 +0000  copying file ./routes_default.png ... 
2025-03-11 12:55:05 +0000  1112 bytes for ./routes_default.png
2025-03-11 12:55:05 +0000  copying file ./numpad_5_over~ipad.png ... 
2025-03-11 12:55:05 +0000  483 bytes for ./numpad_5_over~ipad.png
2025-03-11 12:55:05 +0000  copying file ./camera_selected@2x.png ... 
2025-03-11 12:55:05 +0000  819 bytes for ./camera_selected@2x.png
2025-03-11 12:55:05 +0000  copying file ./numpad_8_over@2x.png ... 
2025-03-11 12:55:05 +0000  2180 bytes for ./numpad_8_over@2x.png
2025-03-11 12:55:05 +0000  copying file ./speaker_disabled@2x.png ... 
2025-03-11 12:55:05 +0000  764 bytes for ./speaker_disabled@2x.png
2025-03-11 12:55:05 +0000  copying file ./dialer_back_default.png ... 
2025-03-11 12:55:05 +0000  1790 bytes for ./dialer_back_default.png
2025-03-11 12:55:05 +0000  copying file ./chat_start_body_over~ipad@2x.png ... 
2025-03-11 12:55:05 +0000  2803 bytes for ./chat_start_body_over~ipad@2x.png
2025-03-11 12:55:05 +0000  copying file ./numpad_5_over~ipad@2x.png ... 
2025-03-11 12:55:05 +0000  811 bytes for ./numpad_5_over~ipad@2x.png
2025-03-11 12:55:05 +0000  copying file ./rec_on_default@2x.png ... 
2025-03-11 12:55:05 +0000  2041 bytes for ./rec_on_default@2x.png
2025-03-11 12:55:05 +0000  copying file ./menu_resend_default.png ... 
2025-03-11 12:55:05 +0000  1233 bytes for ./menu_resend_default.png
2025-03-11 12:55:05 +0000  copying file ./contacts_all_default@2x.png ... 
2025-03-11 12:55:05 +0000  2328 bytes for ./contacts_all_default@2x.png
2025-03-11 12:55:05 +0000  copying file ./pause_big_over_selected@2x.png ... 
2025-03-11 12:55:05 +0000  2513 bytes for ./pause_big_over_selected@2x.png
2025-03-11 12:55:05 +0000  copying file ./linphone_user.png ... 
2025-03-11 12:55:05 +0000  929 bytes for ./linphone_user.png
2025-03-11 12:55:05 +0000  copying file ./route_bluetooth_default.png ... 
2025-03-11 12:55:05 +0000  732 bytes for ./route_bluetooth_default.png
2025-03-11 12:55:05 +0000  copying file ./numpad_4~ipad.png ... 
2025-03-11 12:55:05 +0000  426 bytes for ./numpad_4~ipad.png
2025-03-11 12:55:05 +0000  copying file ./numpad_5~ipad.png ... 
2025-03-11 12:55:05 +0000  516 bytes for ./numpad_5~ipad.png
2025-03-11 12:55:05 +0000  copying file ./contact_add_disabled@2x.png ... 
2025-03-11 12:55:05 +0000  1385 bytes for ./contact_add_disabled@2x.png
2025-03-11 12:55:05 +0000  copying file ./splashscreen@2x.png ... 
2025-03-11 12:55:05 +0000  40762 bytes for ./splashscreen@2x.png
2025-03-11 12:55:05 +0000  copying file ./call_start_body_disabled~ipad.png ... 
2025-03-11 12:55:05 +0000  1154 bytes for ./call_start_body_disabled~ipad.png
2025-03-11 12:55:05 +0000  copying file ./numpad_8_default@2x.png ... 
2025-03-11 12:55:05 +0000  2295 bytes for ./numpad_8_default@2x.png
2025-03-11 12:55:05 +0000  copying file ./numpad_1_over~ipad.png ... 
2025-03-11 12:55:05 +0000  551 bytes for ./numpad_1_over~ipad.png
2025-03-11 12:55:05 +0000  copying file ./Info.plist ... 
2025-03-11 12:55:05 +0000  3931 bytes for ./Info.plist
2025-03-11 12:55:05 +0000  copying file ./numpad_7_default@2x.png ... 
2025-03-11 12:55:05 +0000  1171 bytes for ./numpad_7_default@2x.png
2025-03-11 12:55:05 +0000  copying file ./lime_ko@2x.png ... 
2025-03-11 12:55:05 +0000  1636 bytes for ./lime_ko@2x.png
2025-03-11 12:55:05 +0000  copying file ./chevron_list_close.png ... 
2025-03-11 12:55:05 +0000  412 bytes for ./chevron_list_close.png
copying file ./route_speaker_disabled@2x.png ... 
2025-03-11 12:55:05 +0000  764 bytes for ./route_speaker_disabled@2x.png
2025-03-11 12:55:05 +0000  copying file ./next_disabled@2x.png ... 
2025-03-11 12:55:05 +0000  479 bytes for ./next_disabled@2x.png
2025-03-11 12:55:05 +0000  copying file ./ephemeral_messages_color_A.png ... 
2025-03-11 12:55:05 +0000  1959 bytes for ./ephemeral_messages_color_A.png
2025-03-11 12:55:05 +0000  copying file ./menu_notifications_on.png ... 
2025-03-11 12:55:05 +0000  3361 bytes for ./menu_notifications_on.png
2025-03-11 12:55:05 +0000  copying file ./file_voice_default.png ... 
2025-03-11 12:55:05 +0000  891 bytes for ./file_voice_default.png
2025-03-11 12:55:05 +0000  copying file ./color_H.png ... 
2025-03-11 12:55:05 +0000  260 bytes for ./color_H.png
2025-03-11 12:55:05 +0000  copying file ./chat_send_default.png ... 
2025-03-11 12:55:05 +0000  1469 bytes for ./chat_send_default.png
2025-03-11 12:55:05 +0000  copying file ./camera_disabled@2x.png ... 
2025-03-11 12:55:05 +0000  519 bytes for ./camera_disabled@2x.png
2025-03-11 12:55:05 +0000  copying file ./side_menu_voip_meeting_schedule.png ... 
2025-03-11 12:55:05 +0000  1071 bytes for ./side_menu_voip_meeting_schedule.png
2025-03-11 12:55:05 +0000  copying file ./led_inprogress.png ... 
2025-03-11 12:55:05 +0000  427 bytes for ./led_inprogress.png
2025-03-11 12:55:05 +0000  copying file ./routes_selected.png ... 
2025-03-11 12:55:05 +0000  1065 bytes for ./routes_selected.png
2025-03-11 12:55:05 +0000  copying file ./numpad_1_over@2x.png ... 
2025-03-11 12:55:05 +0000  1874 bytes for ./numpad_1_over@2x.png
2025-03-11 12:55:05 +0000  copying file ./call_add_default.png ... 
2025-03-11 12:55:05 +0000  1874 bytes for ./call_add_default.png
2025-03-11 12:55:05 +0000  copying file ./LoginStoryboard.storyboardc/UIViewController-j33-5Z-h1s.nib ... 
2025-03-11 12:55:05 +0000  1086 bytes for ./LoginStoryboard.storyboardc/UIViewController-j33-5Z-h1s.nib
2025-03-11 12:55:05 +0000  copying file ./LoginStoryboard.storyboardc/Y6W-OH-hqX-view-5EZ-qb-Rvc.nib ... 
2025-03-11 12:55:05 +0000  9715 bytes for ./LoginStoryboard.storyboardc/Y6W-OH-hqX-view-5EZ-qb-Rvc.nib
2025-03-11 12:55:05 +0000  copying file ./LoginStoryboard.storyboardc/LoginViewController.nib ... 
2025-03-11 12:55:05 +0000  1341 bytes for ./LoginStoryboard.storyboardc/LoginViewController.nib
2025-03-11 12:55:05 +0000  copying file ./LoginStoryboard.storyboardc/Info.plist ... 
2025-03-11 12:55:05 +0000  227 bytes for ./LoginStoryboard.storyboardc/Info.plist
2025-03-11 12:55:05 +0000  copying file ./LoginStoryboard.storyboardc/j33-5Z-h1s-view-FdZ-YP-ifT.nib ... 
2025-03-11 12:55:05 +0000  12328 bytes for ./LoginStoryboard.storyboardc/j33-5Z-h1s-view-FdZ-YP-ifT.nib
2025-03-11 12:55:05 +0000  copying file ./voip_spinner.png ... 
2025-03-11 12:55:05 +0000  2354 bytes for ./voip_spinner.png
2025-03-11 12:55:05 +0000  copying file ./security_alert_indicator@2x.png ... 
2025-03-11 12:55:05 +0000  1167 bytes for ./security_alert_indicator@2x.png
2025-03-11 12:55:05 +0000  copying file ./speaker_selected@2x.png ... 
2025-03-11 12:55:05 +0000  1229 bytes for ./speaker_selected@2x.png
2025-03-11 12:55:05 +0000  copying file ./abseil_abslWrapper.bundle/PrivacyInfo.xcprivacy ... 
2025-03-11 12:55:05 +0000  380 bytes for ./abseil_abslWrapper.bundle/PrivacyInfo.xcprivacy
2025-03-11 12:55:05 +0000  copying file ./abseil_abslWrapper.bundle/Info.plist ... 
2025-03-11 12:55:05 +0000  694 bytes for ./abseil_abslWrapper.bundle/Info.plist
2025-03-11 12:55:05 +0000  copying file ./file_pdf_default.png ... 
2025-03-11 12:55:05 +0000  1751 bytes for ./file_pdf_default.png
2025-03-11 12:55:05 +0000  copying file ./numpad_7_default.png ... 
2025-03-11 12:55:05 +0000  606 bytes for ./numpad_7_default.png
2025-03-11 12:55:05 +0000  copying file ./voip_checkbox_unchecked.png ... 
2025-03-11 12:55:05 +0000  208 bytes for ./voip_checkbox_unchecked.png
2025-03-11 12:55:05 +0000  copying file ./PkgInfo ... 
2025-03-11 12:55:05 +0000  8 bytes for ./PkgInfo
2025-03-11 12:55:05 +0000  copying file ./numpad_7~ipad@2x.png ... 
2025-03-11 12:55:05 +0000  578 bytes for ./numpad_7~ipad@2x.png
2025-03-11 12:55:05 +0000  copying file ./chat_attachment_disabled@2x.png ... 
2025-03-11 12:55:05 +0000  1687 bytes for ./chat_attachment_disabled@2x.png
2025-03-11 12:55:05 +0000  copying file ./call_alt_back_disabled.png ... 
2025-03-11 12:55:05 +0000  1027 bytes for ./call_alt_back_disabled.png
2025-03-11 12:55:05 +0000  copying file ./color_I.png ... 
2025-03-11 12:55:05 +0000  277 bytes for ./color_I.png
2025-03-11 12:55:05 +0000  copying file ./call_missed.png ... 
2025-03-11 12:55:05 +0000  287 bytes for ./call_missed.png
2025-03-11 12:55:05 +0000  copying file ./camera_selected.png ... 
2025-03-11 12:55:05 +0000  486 bytes for ./camera_selected.png
2025-03-11 12:55:05 +0000  copying file ./footer_dialer_disabled.png ... 
2025-03-11 12:55:05 +0000  752 bytes for ./footer_dialer_disabled.png
2025-03-11 12:55:05 +0000  copying file ./delete_img.png ... 
2025-03-11 12:55:05 +0000  1121 bytes for ./delete_img.png
2025-03-11 12:55:05 +0000  copying file ./voip_radio_off.png ... 
2025-03-11 12:55:05 +0000  590 bytes for ./voip_radio_off.png
2025-03-11 12:55:05 +0000  copying file ./call_quality_indicator_3@2x.png ... 
2025-03-11 12:55:05 +0000  866 bytes for ./call_quality_indicator_3@2x.png
2025-03-11 12:55:05 +0000  copying file ./options_selected.png ... 
2025-03-11 12:55:05 +0000  1164 bytes for ./options_selected.png
2025-03-11 12:55:05 +0000  copying file ./es_AR.lproj/Localizable.strings ... 
2025-03-11 12:55:05 +0000  37003 bytes for ./es_AR.lproj/Localizable.strings
2025-03-11 12:55:05 +0000  copying file ./call_outgoing.png ... 
2025-03-11 12:55:05 +0000  290 bytes for ./call_outgoing.png
2025-03-11 12:55:05 +0000  copying file ./voip_dropdown.png ... 
2025-03-11 12:55:05 +0000  1014 bytes for ./voip_dropdown.png
2025-03-11 12:55:05 +0000  /usr/bin/ditto exited with 0
2025-03-11 12:55:05 +0000  Processing step: IDEDistributionEmbedProfileStep
2025-03-11 12:55:05 +0000  Skipping profile for item: <IDEDistributionItem: 0x6000385845a0; bundleID='org.cocoapods.DropDown', path='<DVTFilePath:0x60004c40e450:'/Users/ankitkhanna/Library/Developer/Xcode/Archives/2025-03-11/linphone 11-03-25, 6.04 PM.xcarchive/Products/Applications/linphone.app/Frameworks/DropDown.framework'>', codeSigningInfo='<_DVTCodeSigningInformation_Path: 0x60004896d1d0; isSigned='1', isAdHocSigned='0', signingCertificate='<DVTSigningCertificate: 0x600041ac58c0; name='Apple Development: Vaibhav Joon (R9939LLQHL)', hash='0D7F38274E3A9933A6AC531D4F9A199594391C24', serialNumber='4117F25914D6F4FD51FCEA063A3FDDB7', certificateKinds='(
    "1.2.840.113635.100.6.1.12",
    "1.2.840.113635.100.6.1.2"
), issueDate='2025-01-09 04:16:03 +0000''>', entitlements='(null)', teamID='X9NQ6V288C', identifier='org.cocoapods.DropDown', executablePath='<DVTFilePath:0x60005c553a20:'/Users/ankitkhanna/Library/Developer/Xcode/Archives/2025-03-11/linphone 11-03-25, 6.04 PM.xcarchive/Products/Applications/linphone.app/Frameworks/DropDown.framework/DropDown'>', hardenedRuntime='0'>'>
2025-03-11 12:55:05 +0000  Skipping profile for item: <IDEDistributionItem: 0x600038598240; bundleID='org.cocoapods.EmojiPicker', path='<DVTFilePath:0x60004c40e6f0:'/Users/ankitkhanna/Library/Developer/Xcode/Archives/2025-03-11/linphone 11-03-25, 6.04 PM.xcarchive/Products/Applications/linphone.app/Frameworks/EmojiPicker.framework'>', codeSigningInfo='<_DVTCodeSigningInformation_Path: 0x6000489954f0; isSigned='1', isAdHocSigned='0', signingCertificate='<DVTSigningCertificate: 0x600041ac58c0; name='Apple Development: Vaibhav Joon (R9939LLQHL)', hash='0D7F38274E3A9933A6AC531D4F9A199594391C24', serialNumber='4117F25914D6F4FD51FCEA063A3FDDB7', certificateKinds='(
    "1.2.840.113635.100.6.1.12",
    "1.2.840.113635.100.6.1.2"
), issueDate='2025-01-09 04:16:03 +0000''>', entitlements='(null)', teamID='X9NQ6V288C', identifier='org.cocoapods.EmojiPicker', executablePath='<DVTFilePath:0x60005c5535a0:'/Users/ankitkhanna/Library/Developer/Xcode/Archives/2025-03-11/linphone 11-03-25, 6.04 PM.xcarchive/Products/Applications/linphone.app/Frameworks/EmojiPicker.framework/EmojiPicker'>', hardenedRuntime='0'>'>
2025-03-11 12:55:05 +0000  Skipping profile for item: <IDEDistributionItem: 0x600038585c80; bundleID='org.cocoapods.FirebaseFirestoreInternal', path='<DVTFilePath:0x60004c134100:'/Users/ankitkhanna/Library/Developer/Xcode/Archives/2025-03-11/linphone 11-03-25, 6.04 PM.xcarchive/Products/Applications/linphone.app/Frameworks/FirebaseFirestoreInternal.framework'>', codeSigningInfo='<_DVTCodeSigningInformation_Path: 0x600048950d20; isSigned='1', isAdHocSigned='0', signingCertificate='<DVTSigningCertificate: 0x600041ac58c0; name='Apple Development: Vaibhav Joon (R9939LLQHL)', hash='0D7F38274E3A9933A6AC531D4F9A199594391C24', serialNumber='4117F25914D6F4FD51FCEA063A3FDDB7', certificateKinds='(
    "1.2.840.113635.100.6.1.12",
    "1.2.840.113635.100.6.1.2"
), issueDate='2025-01-09 04:16:03 +0000''>', entitlements='(null)', teamID='X9NQ6V288C', identifier='org.cocoapods.FirebaseFirestoreInternal', executablePath='<DVTFilePath:0x60004c40ebc0:'/Users/ankitkhanna/Library/Developer/Xcode/Archives/2025-03-11/linphone 11-03-25, 6.04 PM.xcarchive/Products/Applications/linphone.app/Frameworks/FirebaseFirestoreInternal.framework/FirebaseFirestoreInternal'>', hardenedRuntime='0'>'>
2025-03-11 12:55:05 +0000  Skipping profile for item: <IDEDistributionItem: 0x600038584360; bundleID='org.cocoapods.IQKeyboardManager', path='<DVTFilePath:0x60004c409810:'/Users/ankitkhanna/Library/Developer/Xcode/Archives/2025-03-11/linphone 11-03-25, 6.04 PM.xcarchive/Products/Applications/linphone.app/Frameworks/IQKeyboardManager.framework'>', codeSigningInfo='<_DVTCodeSigningInformation_Path: 0x60004896d180; isSigned='1', isAdHocSigned='0', signingCertificate='<DVTSigningCertificate: 0x600041ac58c0; name='Apple Development: Vaibhav Joon (R9939LLQHL)', hash='0D7F38274E3A9933A6AC531D4F9A199594391C24', serialNumber='4117F25914D6F4FD51FCEA063A3FDDB7', certificateKinds='(
    "1.2.840.113635.100.6.1.12",
    "1.2.840.113635.100.6.1.2"
), issueDate='2025-01-09 04:16:03 +0000''>', entitlements='(null)', teamID='X9NQ6V288C', identifier='org.cocoapods.IQKeyboardManager', executablePath='<DVTFilePath:0x60004c409960:'/Users/ankitkhanna/Library/Developer/Xcode/Archives/2025-03-11/linphone 11-03-25, 6.04 PM.xcarchive/Products/Applications/linphone.app/Frameworks/IQKeyboardManager.framework/IQKeyboardManager'>', hardenedRuntime='0'>'>
2025-03-11 12:55:05 +0000  Skipping profile for item: <IDEDistributionItem: 0x600038586340; bundleID='org.cocoapods.SVProgressHUD', path='<DVTFilePath:0x60004c40a8b0:'/Users/ankitkhanna/Library/Developer/Xcode/Archives/2025-03-11/linphone 11-03-25, 6.04 PM.xcarchive/Products/Applications/linphone.app/Frameworks/SVProgressHUD.framework'>', codeSigningInfo='<_DVTCodeSigningInformation_Path: 0x600048951f40; isSigned='1', isAdHocSigned='0', signingCertificate='<DVTSigningCertificate: 0x600041ac58c0; name='Apple Development: Vaibhav Joon (R9939LLQHL)', hash='0D7F38274E3A9933A6AC531D4F9A199594391C24', serialNumber='4117F25914D6F4FD51FCEA063A3FDDB7', certificateKinds='(
    "1.2.840.113635.100.6.1.12",
    "1.2.840.113635.100.6.1.2"
), issueDate='2025-01-09 04:16:03 +0000''>', entitlements='(null)', teamID='X9NQ6V288C', identifier='org.cocoapods.SVProgressHUD', executablePath='<DVTFilePath:0x60005c55e760:'/Users/ankitkhanna/Library/Developer/Xcode/Archives/2025-03-11/linphone 11-03-25, 6.04 PM.xcarchive/Products/Applications/linphone.app/Frameworks/SVProgressHUD.framework/SVProgressHUD'>', hardenedRuntime='0'>'>
2025-03-11 12:55:05 +0000  Skipping profile for item: <IDEDistributionItem: 0x600038584f00; bundleID='org.cocoapods.SnapKit', path='<DVTFilePath:0x60004c40a6f0:'/Users/ankitkhanna/Library/Developer/Xcode/Archives/2025-03-11/linphone 11-03-25, 6.04 PM.xcarchive/Products/Applications/linphone.app/Frameworks/SnapKit.framework'>', codeSigningInfo='<_DVTCodeSigningInformation_Path: 0x600048952850; isSigned='1', isAdHocSigned='0', signingCertificate='<DVTSigningCertificate: 0x600041ac58c0; name='Apple Development: Vaibhav Joon (R9939LLQHL)', hash='0D7F38274E3A9933A6AC531D4F9A199594391C24', serialNumber='4117F25914D6F4FD51FCEA063A3FDDB7', certificateKinds='(
    "1.2.840.113635.100.6.1.12",
    "1.2.840.113635.100.6.1.2"
), issueDate='2025-01-09 04:16:03 +0000''>', entitlements='(null)', teamID='X9NQ6V288C', identifier='org.cocoapods.SnapKit', executablePath='<DVTFilePath:0x60005c55ec40:'/Users/ankitkhanna/Library/Developer/Xcode/Archives/2025-03-11/linphone 11-03-25, 6.04 PM.xcarchive/Products/Applications/linphone.app/Frameworks/SnapKit.framework/SnapKit'>', hardenedRuntime='0'>'>
2025-03-11 12:55:05 +0000  Skipping profile for item: <IDEDistributionItem: 0x6000385855c0; bundleID='org.cocoapods.SwipeCellKit', path='<DVTFilePath:0x60004c421420:'/Users/ankitkhanna/Library/Developer/Xcode/Archives/2025-03-11/linphone 11-03-25, 6.04 PM.xcarchive/Products/Applications/linphone.app/Frameworks/SwipeCellKit.framework'>', codeSigningInfo='<_DVTCodeSigningInformation_Path: 0x6000489523f0; isSigned='1', isAdHocSigned='0', signingCertificate='<DVTSigningCertificate: 0x600041ac58c0; name='Apple Development: Vaibhav Joon (R9939LLQHL)', hash='0D7F38274E3A9933A6AC531D4F9A199594391C24', serialNumber='4117F25914D6F4FD51FCEA063A3FDDB7', certificateKinds='(
    "1.2.840.113635.100.6.1.12",
    "1.2.840.113635.100.6.1.2"
), issueDate='2025-01-09 04:16:03 +0000''>', entitlements='(null)', teamID='X9NQ6V288C', identifier='org.cocoapods.SwipeCellKit', executablePath='<DVTFilePath:0x60005c55e400:'/Users/ankitkhanna/Library/Developer/Xcode/Archives/2025-03-11/linphone 11-03-25, 6.04 PM.xcarchive/Products/Applications/linphone.app/Frameworks/SwipeCellKit.framework/SwipeCellKit'>', hardenedRuntime='0'>'>
2025-03-11 12:55:05 +0000  Skipping profile for item: <IDEDistributionItem: 0x600038598420; bundleID='org.cocoapods.absl', path='<DVTFilePath:0x600038b63b40:'/Users/ankitkhanna/Library/Developer/Xcode/Archives/2025-03-11/linphone 11-03-25, 6.04 PM.xcarchive/Products/Applications/linphone.app/Frameworks/absl.framework'>', codeSigningInfo='<_DVTCodeSigningInformation_Path: 0x600048997610; isSigned='1', isAdHocSigned='0', signingCertificate='<DVTSigningCertificate: 0x600041ac58c0; name='Apple Development: Vaibhav Joon (R9939LLQHL)', hash='0D7F38274E3A9933A6AC531D4F9A199594391C24', serialNumber='4117F25914D6F4FD51FCEA063A3FDDB7', certificateKinds='(
    "1.2.840.113635.100.6.1.12",
    "1.2.840.113635.100.6.1.2"
), issueDate='2025-01-09 04:16:03 +0000''>', entitlements='(null)', teamID='X9NQ6V288C', identifier='org.cocoapods.absl', executablePath='<DVTFilePath:0x60005c5ac900:'/Users/ankitkhanna/Library/Developer/Xcode/Archives/2025-03-11/linphone 11-03-25, 6.04 PM.xcarchive/Products/Applications/linphone.app/Frameworks/absl.framework/absl'>', hardenedRuntime='0'>'>
2025-03-11 12:55:05 +0000  Skipping profile for item: <IDEDistributionItem: 0x600038586be0; bundleID='org.linphone.bctoolbox-ios', path='<DVTFilePath:0x60004c41df10:'/Users/ankitkhanna/Library/Developer/Xcode/Archives/2025-03-11/linphone 11-03-25, 6.04 PM.xcarchive/Products/Applications/linphone.app/Frameworks/bctoolbox-ios.framework'>', codeSigningInfo='<_DVTCodeSigningInformation_Path: 0x6000489bd220; isSigned='1', isAdHocSigned='0', signingCertificate='<DVTSigningCertificate: 0x600041ac58c0; name='Apple Development: Vaibhav Joon (R9939LLQHL)', hash='0D7F38274E3A9933A6AC531D4F9A199594391C24', serialNumber='4117F25914D6F4FD51FCEA063A3FDDB7', certificateKinds='(
    "1.2.840.113635.100.6.1.12",
    "1.2.840.113635.100.6.1.2"
), issueDate='2025-01-09 04:16:03 +0000''>', entitlements='(null)', teamID='X9NQ6V288C', identifier='org.linphone.bctoolbox-ios', executablePath='<DVTFilePath:0x60005ca04d80:'/Users/ankitkhanna/Library/Developer/Xcode/Archives/2025-03-11/linphone 11-03-25, 6.04 PM.xcarchive/Products/Applications/linphone.app/Frameworks/bctoolbox-ios.framework/bctoolbox-ios'>', hardenedRuntime='0'>'>
2025-03-11 12:55:05 +0000  Skipping profile for item: <IDEDistributionItem: 0x6000385867c0; bundleID='com.belledonne-communications.bctoolbox-tester', path='<DVTFilePath:0x60004c40dea0:'/Users/ankitkhanna/Library/Developer/Xcode/Archives/2025-03-11/linphone 11-03-25, 6.04 PM.xcarchive/Products/Applications/linphone.app/Frameworks/bctoolbox-tester.framework'>', codeSigningInfo='<_DVTCodeSigningInformation_Path: 0x6000489bf0c0; isSigned='1', isAdHocSigned='0', signingCertificate='<DVTSigningCertificate: 0x600041ac58c0; name='Apple Development: Vaibhav Joon (R9939LLQHL)', hash='0D7F38274E3A9933A6AC531D4F9A199594391C24', serialNumber='4117F25914D6F4FD51FCEA063A3FDDB7', certificateKinds='(
    "1.2.840.113635.100.6.1.12",
    "1.2.840.113635.100.6.1.2"
), issueDate='2025-01-09 04:16:03 +0000''>', entitlements='(null)', teamID='X9NQ6V288C', identifier='com.belledonne-communications.bctoolbox-tester', executablePath='<DVTFilePath:0x60004c40df80:'/Users/ankitkhanna/Library/Developer/Xcode/Archives/2025-03-11/linphone 11-03-25, 6.04 PM.xcarchive/Products/Applications/linphone.app/Frameworks/bctoolbox-tester.framework/bctoolbox-tester'>', hardenedRuntime='0'>'>
2025-03-11 12:55:05 +0000  Skipping profile for item: <IDEDistributionItem: 0x600038585a40; bundleID='org.linphone.bctoolbox', path='<DVTFilePath:0x60004c40e0d0:'/Users/ankitkhanna/Library/Developer/Xcode/Archives/2025-03-11/linphone 11-03-25, 6.04 PM.xcarchive/Products/Applications/linphone.app/Frameworks/bctoolbox.framework'>', codeSigningInfo='<_DVTCodeSigningInformation_Path: 0x600048951040; isSigned='1', isAdHocSigned='0', signingCertificate='<DVTSigningCertificate: 0x600041ac58c0; name='Apple Development: Vaibhav Joon (R9939LLQHL)', hash='0D7F38274E3A9933A6AC531D4F9A199594391C24', serialNumber='4117F25914D6F4FD51FCEA063A3FDDB7', certificateKinds='(
    "1.2.840.113635.100.6.1.12",
    "1.2.840.113635.100.6.1.2"
), issueDate='2025-01-09 04:16:03 +0000''>', entitlements='(null)', teamID='X9NQ6V288C', identifier='org.linphone.bctoolbox', executablePath='<DVTFilePath:0x60005cb890e0:'/Users/ankitkhanna/Library/Developer/Xcode/Archives/2025-03-11/linphone 11-03-25, 6.04 PM.xcarchive/Products/Applications/linphone.app/Frameworks/bctoolbox.framework/bctoolbox'>', hardenedRuntime='0'>'>
2025-03-11 12:55:05 +0000  Skipping profile for item: <IDEDistributionItem: 0x600038584cc0; bundleID='org.linphone.belcard', path='<DVTFilePath:0x60004c40e290:'/Users/ankitkhanna/Library/Developer/Xcode/Archives/2025-03-11/linphone 11-03-25, 6.04 PM.xcarchive/Products/Applications/linphone.app/Frameworks/belcard.framework'>', codeSigningInfo='<_DVTCodeSigningInformation_Path: 0x6000489529e0; isSigned='1', isAdHocSigned='0', signingCertificate='<DVTSigningCertificate: 0x600041ac58c0; name='Apple Development: Vaibhav Joon (R9939LLQHL)', hash='0D7F38274E3A9933A6AC531D4F9A199594391C24', serialNumber='4117F25914D6F4FD51FCEA063A3FDDB7', certificateKinds='(
    "1.2.840.113635.100.6.1.12",
    "1.2.840.113635.100.6.1.2"
), issueDate='2025-01-09 04:16:03 +0000''>', entitlements='(null)', teamID='X9NQ6V288C', identifier='org.linphone.belcard', executablePath='<DVTFilePath:0x60005ca7bc60:'/Users/ankitkhanna/Library/Developer/Xcode/Archives/2025-03-11/linphone 11-03-25, 6.04 PM.xcarchive/Products/Applications/linphone.app/Frameworks/belcard.framework/belcard'>', hardenedRuntime='0'>'>
2025-03-11 12:55:05 +0000  Skipping profile for item: <IDEDistributionItem: 0x600038584840; bundleID='org.linphone.belle-sip', path='<DVTFilePath:0x60004c408b60:'/Users/ankitkhanna/Library/Developer/Xcode/Archives/2025-03-11/linphone 11-03-25, 6.04 PM.xcarchive/Products/Applications/linphone.app/Frameworks/belle-sip.framework'>', codeSigningInfo='<_DVTCodeSigningInformation_Path: 0x60004896f890; isSigned='1', isAdHocSigned='0', signingCertificate='<DVTSigningCertificate: 0x600041ac58c0; name='Apple Development: Vaibhav Joon (R9939LLQHL)', hash='0D7F38274E3A9933A6AC531D4F9A199594391C24', serialNumber='4117F25914D6F4FD51FCEA063A3FDDB7', certificateKinds='(
    "1.2.840.113635.100.6.1.12",
    "1.2.840.113635.100.6.1.2"
), issueDate='2025-01-09 04:16:03 +0000''>', entitlements='(null)', teamID='X9NQ6V288C', identifier='org.linphone.belle-sip', executablePath='<DVTFilePath:0x60005c555020:'/Users/ankitkhanna/Library/Developer/Xcode/Archives/2025-03-11/linphone 11-03-25, 6.04 PM.xcarchive/Products/Applications/linphone.app/Frameworks/belle-sip.framework/belle-sip'>', hardenedRuntime='0'>'>
2025-03-11 12:55:05 +0000  Skipping profile for item: <IDEDistributionItem: 0x6000385980c0; bundleID='org.linphone.belr', path='<DVTFilePath:0x60005c5549c0:'/Users/ankitkhanna/Library/Developer/Xcode/Archives/2025-03-11/linphone 11-03-25, 6.04 PM.xcarchive/Products/Applications/linphone.app/Frameworks/belr.framework'>', codeSigningInfo='<_DVTCodeSigningInformation_Path: 0x600048994370; isSigned='1', isAdHocSigned='0', signingCertificate='<DVTSigningCertificate: 0x600041ac58c0; name='Apple Development: Vaibhav Joon (R9939LLQHL)', hash='0D7F38274E3A9933A6AC531D4F9A199594391C24', serialNumber='4117F25914D6F4FD51FCEA063A3FDDB7', certificateKinds='(
    "1.2.840.113635.100.6.1.12",
    "1.2.840.113635.100.6.1.2"
), issueDate='2025-01-09 04:16:03 +0000''>', entitlements='(null)', teamID='X9NQ6V288C', identifier='org.linphone.belr', executablePath='<DVTFilePath:0x60005c553de0:'/Users/ankitkhanna/Library/Developer/Xcode/Archives/2025-03-11/linphone 11-03-25, 6.04 PM.xcarchive/Products/Applications/linphone.app/Frameworks/belr.framework/belr'>', hardenedRuntime='0'>'>
2025-03-11 12:55:05 +0000  Skipping profile for item: <IDEDistributionItem: 0x6000385872a0; bundleID='org.cocoapods.grpc', path='<DVTFilePath:0x600030b1c9c0:'/Users/ankitkhanna/Library/Developer/Xcode/Archives/2025-03-11/linphone 11-03-25, 6.04 PM.xcarchive/Products/Applications/linphone.app/Frameworks/grpc.framework'>', codeSigningInfo='<_DVTCodeSigningInformation_Path: 0x6000489aa5d0; isSigned='1', isAdHocSigned='0', signingCertificate='<DVTSigningCertificate: 0x600041ac58c0; name='Apple Development: Vaibhav Joon (R9939LLQHL)', hash='0D7F38274E3A9933A6AC531D4F9A199594391C24', serialNumber='4117F25914D6F4FD51FCEA063A3FDDB7', certificateKinds='(
    "1.2.840.113635.100.6.1.12",
    "1.2.840.113635.100.6.1.2"
), issueDate='2025-01-09 04:16:03 +0000''>', entitlements='(null)', teamID='X9NQ6V288C', identifier='org.cocoapods.grpc', executablePath='<DVTFilePath:0x60005c555b60:'/Users/ankitkhanna/Library/Developer/Xcode/Archives/2025-03-11/linphone 11-03-25, 6.04 PM.xcarchive/Products/Applications/linphone.app/Frameworks/grpc.framework/grpc'>', hardenedRuntime='0'>'>
2025-03-11 12:55:05 +0000  Skipping profile for item: <IDEDistributionItem: 0x600038585140; bundleID='org.cocoapods.grpcpp', path='<DVTFilePath:0x60004c4095e0:'/Users/ankitkhanna/Library/Developer/Xcode/Archives/2025-03-11/linphone 11-03-25, 6.04 PM.xcarchive/Products/Applications/linphone.app/Frameworks/grpcpp.framework'>', codeSigningInfo='<_DVTCodeSigningInformation_Path: 0x6000489528f0; isSigned='1', isAdHocSigned='0', signingCertificate='<DVTSigningCertificate: 0x600041ac58c0; name='Apple Development: Vaibhav Joon (R9939LLQHL)', hash='0D7F38274E3A9933A6AC531D4F9A199594391C24', serialNumber='4117F25914D6F4FD51FCEA063A3FDDB7', certificateKinds='(
    "1.2.840.113635.100.6.1.12",
    "1.2.840.113635.100.6.1.2"
), issueDate='2025-01-09 04:16:03 +0000''>', entitlements='(null)', teamID='X9NQ6V288C', identifier='org.cocoapods.grpcpp', executablePath='<DVTFilePath:0x600030b1ec40:'/Users/ankitkhanna/Library/Developer/Xcode/Archives/2025-03-11/linphone 11-03-25, 6.04 PM.xcarchive/Products/Applications/linphone.app/Frameworks/grpcpp.framework/grpcpp'>', hardenedRuntime='0'>'>
2025-03-11 12:55:05 +0000  Skipping profile for item: <IDEDistributionItem: 0x600060bc2820; bundleID='com.apple.dt.runtime.swiftConcurrency', path='<DVTFilePath:0x60004c40edf0:'/Users/ankitkhanna/Library/Developer/Xcode/Archives/2025-03-11/linphone 11-03-25, 6.04 PM.xcarchive/Products/Applications/linphone.app/Frameworks/libswift_Concurrency.dylib'>', codeSigningInfo='<_DVTCodeSigningInformation_Path: 0x6000489be3f0; isSigned='1', isAdHocSigned='0', signingCertificate='<DVTSigningCertificate: 0x600041ac58c0; name='Apple Development: Vaibhav Joon (R9939LLQHL)', hash='0D7F38274E3A9933A6AC531D4F9A199594391C24', serialNumber='4117F25914D6F4FD51FCEA063A3FDDB7', certificateKinds='(
    "1.2.840.113635.100.6.1.12",
    "1.2.840.113635.100.6.1.2"
), issueDate='2025-01-09 04:16:03 +0000''>', entitlements='(null)', teamID='X9NQ6V288C', identifier='com.apple.dt.runtime.swiftConcurrency', executablePath='<DVTFilePath:0x60004c40edf0:'/Users/ankitkhanna/Library/Developer/Xcode/Archives/2025-03-11/linphone 11-03-25, 6.04 PM.xcarchive/Products/Applications/linphone.app/Frameworks/libswift_Concurrency.dylib'>', hardenedRuntime='0'>'>
2025-03-11 12:55:05 +0000  Skipping profile for item: <IDEDistributionItem: 0x600038584000; bundleID='com.belledonne-communications.lime', path='<DVTFilePath:0x60005c552880:'/Users/ankitkhanna/Library/Developer/Xcode/Archives/2025-03-11/linphone 11-03-25, 6.04 PM.xcarchive/Products/Applications/linphone.app/Frameworks/lime.framework'>', codeSigningInfo='<_DVTCodeSigningInformation_Path: 0x60004896d400; isSigned='1', isAdHocSigned='0', signingCertificate='<DVTSigningCertificate: 0x600041ac58c0; name='Apple Development: Vaibhav Joon (R9939LLQHL)', hash='0D7F38274E3A9933A6AC531D4F9A199594391C24', serialNumber='4117F25914D6F4FD51FCEA063A3FDDB7', certificateKinds='(
    "1.2.840.113635.100.6.1.12",
    "1.2.840.113635.100.6.1.2"
), issueDate='2025-01-09 04:16:03 +0000''>', entitlements='(null)', teamID='X9NQ6V288C', identifier='com.belledonne-communications.lime', executablePath='<DVTFilePath:0x60005c556b80:'/Users/ankitkhanna/Library/Developer/Xcode/Archives/2025-03-11/linphone 11-03-25, 6.04 PM.xcarchive/Products/Applications/linphone.app/Frameworks/lime.framework/lime'>', hardenedRuntime='0'>'>
2025-03-11 12:55:05 +0000  Skipping profile for item: <IDEDistributionItem: 0x600038586580; bundleID='com.belledonne-communications.limetester', path='<DVTFilePath:0x60004c409c00:'/Users/ankitkhanna/Library/Developer/Xcode/Archives/2025-03-11/linphone 11-03-25, 6.04 PM.xcarchive/Products/Applications/linphone.app/Frameworks/limetester.framework'>', codeSigningInfo='<_DVTCodeSigningInformation_Path: 0x600048953890; isSigned='1', isAdHocSigned='0', signingCertificate='<DVTSigningCertificate: 0x600041ac58c0; name='Apple Development: Vaibhav Joon (R9939LLQHL)', hash='0D7F38274E3A9933A6AC531D4F9A199594391C24', serialNumber='4117F25914D6F4FD51FCEA063A3FDDB7', certificateKinds='(
    "1.2.840.113635.100.6.1.12",
    "1.2.840.113635.100.6.1.2"
), issueDate='2025-01-09 04:16:03 +0000''>', entitlements='(null)', teamID='X9NQ6V288C', identifier='com.belledonne-communications.limetester', executablePath='<DVTFilePath:0x600030b065e0:'/Users/ankitkhanna/Library/Developer/Xcode/Archives/2025-03-11/linphone 11-03-25, 6.04 PM.xcarchive/Products/Applications/linphone.app/Frameworks/limetester.framework/limetester'>', hardenedRuntime='0'>'>
2025-03-11 12:55:05 +0000  Skipping profile for item: <IDEDistributionItem: 0x600038585380; bundleID='org.linphone.linphone', path='<DVTFilePath:0x60004c423020:'/Users/ankitkhanna/Library/Developer/Xcode/Archives/2025-03-11/linphone 11-03-25, 6.04 PM.xcarchive/Products/Applications/linphone.app/Frameworks/linphone.framework'>', codeSigningInfo='<_DVTCodeSigningInformation_Path: 0x600048952300; isSigned='1', isAdHocSigned='0', signingCertificate='<DVTSigningCertificate: 0x600041ac58c0; name='Apple Development: Vaibhav Joon (R9939LLQHL)', hash='0D7F38274E3A9933A6AC531D4F9A199594391C24', serialNumber='4117F25914D6F4FD51FCEA063A3FDDB7', certificateKinds='(
    "1.2.840.113635.100.6.1.12",
    "1.2.840.113635.100.6.1.2"
), issueDate='2025-01-09 04:16:03 +0000''>', entitlements='(null)', teamID='X9NQ6V288C', identifier='org.linphone.linphone', executablePath='<DVTFilePath:0x60005c551aa0:'/Users/ankitkhanna/Library/Developer/Xcode/Archives/2025-03-11/linphone 11-03-25, 6.04 PM.xcarchive/Products/Applications/linphone.app/Frameworks/linphone.framework/linphone'>', hardenedRuntime='0'>'>
2025-03-11 12:55:05 +0000  Skipping profile for item: <IDEDistributionItem: 0x600038584120; bundleID='org.cocoapods.linphonesw', path='<DVTFilePath:0x60004c40fbf0:'/Users/ankitkhanna/Library/Developer/Xcode/Archives/2025-03-11/linphone 11-03-25, 6.04 PM.xcarchive/Products/Applications/linphone.app/Frameworks/linphonesw.framework'>', codeSigningInfo='<_DVTCodeSigningInformation_Path: 0x60004896d360; isSigned='1', isAdHocSigned='0', signingCertificate='<DVTSigningCertificate: 0x600041ac58c0; name='Apple Development: Vaibhav Joon (R9939LLQHL)', hash='0D7F38274E3A9933A6AC531D4F9A199594391C24', serialNumber='4117F25914D6F4FD51FCEA063A3FDDB7', certificateKinds='(
    "1.2.840.113635.100.6.1.12",
    "1.2.840.113635.100.6.1.2"
), issueDate='2025-01-09 04:16:03 +0000''>', entitlements='(null)', teamID='X9NQ6V288C', identifier='org.cocoapods.linphonesw', executablePath='<DVTFilePath:0x60005c550f00:'/Users/ankitkhanna/Library/Developer/Xcode/Archives/2025-03-11/linphone 11-03-25, 6.04 PM.xcarchive/Products/Applications/linphone.app/Frameworks/linphonesw.framework/linphonesw'>', hardenedRuntime='0'>'>
2025-03-11 12:55:05 +0000  Skipping profile for item: <IDEDistributionItem: 0x600038587060; bundleID='com.belledonne-communications.linphonetester', path='<DVTFilePath:0x60004c40fdb0:'/Users/ankitkhanna/Library/Developer/Xcode/Archives/2025-03-11/linphone 11-03-25, 6.04 PM.xcarchive/Products/Applications/linphone.app/Frameworks/linphonetester.framework'>', codeSigningInfo='<_DVTCodeSigningInformation_Path: 0x6000489a8140; isSigned='1', isAdHocSigned='0', signingCertificate='<DVTSigningCertificate: 0x600041ac58c0; name='Apple Development: Vaibhav Joon (R9939LLQHL)', hash='0D7F38274E3A9933A6AC531D4F9A199594391C24', serialNumber='4117F25914D6F4FD51FCEA063A3FDDB7', certificateKinds='(
    "1.2.840.113635.100.6.1.12",
    "1.2.840.113635.100.6.1.2"
), issueDate='2025-01-09 04:16:03 +0000''>', entitlements='(null)', teamID='X9NQ6V288C', identifier='com.belledonne-communications.linphonetester', executablePath='<DVTFilePath:0x60005c5508a0:'/Users/ankitkhanna/Library/Developer/Xcode/Archives/2025-03-11/linphone 11-03-25, 6.04 PM.xcarchive/Products/Applications/linphone.app/Frameworks/linphonetester.framework/linphonetester'>', hardenedRuntime='0'>'>
2025-03-11 12:55:05 +0000  Skipping profile for item: <IDEDistributionItem: 0x6000385836c0; bundleID='org.linphone.mediastreamer2', path='<DVTFilePath:0x60004c409ce0:'/Users/ankitkhanna/Library/Developer/Xcode/Archives/2025-03-11/linphone 11-03-25, 6.04 PM.xcarchive/Products/Applications/linphone.app/Frameworks/mediastreamer2.framework'>', codeSigningInfo='<_DVTCodeSigningInformation_Path: 0x60004896cc30; isSigned='1', isAdHocSigned='0', signingCertificate='<DVTSigningCertificate: 0x600041ac58c0; name='Apple Development: Vaibhav Joon (R9939LLQHL)', hash='0D7F38274E3A9933A6AC531D4F9A199594391C24', serialNumber='4117F25914D6F4FD51FCEA063A3FDDB7', certificateKinds='(
    "1.2.840.113635.100.6.1.12",
    "1.2.840.113635.100.6.1.2"
), issueDate='2025-01-09 04:16:03 +0000''>', entitlements='(null)', teamID='X9NQ6V288C', identifier='org.linphone.mediastreamer2', executablePath='<DVTFilePath:0x60005c556e80:'/Users/ankitkhanna/Library/Developer/Xcode/Archives/2025-03-11/linphone 11-03-25, 6.04 PM.xcarchive/Products/Applications/linphone.app/Frameworks/mediastreamer2.framework/mediastreamer2'>', hardenedRuntime='0'>'>
2025-03-11 12:55:05 +0000  Skipping profile for item: <IDEDistributionItem: 0x600038598660; bundleID='org.linphone.msamr', path='<DVTFilePath:0x60005c5577e0:'/Users/ankitkhanna/Library/Developer/Xcode/Archives/2025-03-11/linphone 11-03-25, 6.04 PM.xcarchive/Products/Applications/linphone.app/Frameworks/msamr.framework'>', codeSigningInfo='<_DVTCodeSigningInformation_Path: 0x600048991d60; isSigned='1', isAdHocSigned='0', signingCertificate='<DVTSigningCertificate: 0x600041ac58c0; name='Apple Development: Vaibhav Joon (R9939LLQHL)', hash='0D7F38274E3A9933A6AC531D4F9A199594391C24', serialNumber='4117F25914D6F4FD51FCEA063A3FDDB7', certificateKinds='(
    "1.2.840.113635.100.6.1.12",
    "1.2.840.113635.100.6.1.2"
), issueDate='2025-01-09 04:16:03 +0000''>', entitlements='(null)', teamID='X9NQ6V288C', identifier='org.linphone.msamr', executablePath='<DVTFilePath:0x60005c55c120:'/Users/ankitkhanna/Library/Developer/Xcode/Archives/2025-03-11/linphone 11-03-25, 6.04 PM.xcarchive/Products/Applications/linphone.app/Frameworks/msamr.framework/msamr'>', hardenedRuntime='0'>'>
2025-03-11 12:55:05 +0000  Skipping profile for item: <IDEDistributionItem: 0x600038584a80; bundleID='org.linphone.mscodec2', path='<DVTFilePath:0x60004c409ff0:'/Users/ankitkhanna/Library/Developer/Xcode/Archives/2025-03-11/linphone 11-03-25, 6.04 PM.xcarchive/Products/Applications/linphone.app/Frameworks/mscodec2.framework'>', codeSigningInfo='<_DVTCodeSigningInformation_Path: 0x60004896ff20; isSigned='1', isAdHocSigned='0', signingCertificate='<DVTSigningCertificate: 0x600041ac58c0; name='Apple Development: Vaibhav Joon (R9939LLQHL)', hash='0D7F38274E3A9933A6AC531D4F9A199594391C24', serialNumber='4117F25914D6F4FD51FCEA063A3FDDB7', certificateKinds='(
    "1.2.840.113635.100.6.1.12",
    "1.2.840.113635.100.6.1.2"
), issueDate='2025-01-09 04:16:03 +0000''>', entitlements='(null)', teamID='X9NQ6V288C', identifier='org.linphone.mscodec2', executablePath='<DVTFilePath:0x60005c55fd20:'/Users/ankitkhanna/Library/Developer/Xcode/Archives/2025-03-11/linphone 11-03-25, 6.04 PM.xcarchive/Products/Applications/linphone.app/Frameworks/mscodec2.framework/mscodec2'>', hardenedRuntime='0'>'>
2025-03-11 12:55:05 +0000  Skipping profile for item: <IDEDistributionItem: 0x6000385879c0; bundleID='org.linphone.msopenh264', path='<DVTFilePath:0x60004c40a1b0:'/Users/ankitkhanna/Library/Developer/Xcode/Archives/2025-03-11/linphone 11-03-25, 6.04 PM.xcarchive/Products/Applications/linphone.app/Frameworks/msopenh264.framework'>', codeSigningInfo='<_DVTCodeSigningInformation_Path: 0x6000489a8050; isSigned='1', isAdHocSigned='0', signingCertificate='<DVTSigningCertificate: 0x600041ac58c0; name='Apple Development: Vaibhav Joon (R9939LLQHL)', hash='0D7F38274E3A9933A6AC531D4F9A199594391C24', serialNumber='4117F25914D6F4FD51FCEA063A3FDDB7', certificateKinds='(
    "1.2.840.113635.100.6.1.12",
    "1.2.840.113635.100.6.1.2"
), issueDate='2025-01-09 04:16:03 +0000''>', entitlements='(null)', teamID='X9NQ6V288C', identifier='org.linphone.msopenh264', executablePath='<DVTFilePath:0x60005c550300:'/Users/ankitkhanna/Library/Developer/Xcode/Archives/2025-03-11/linphone 11-03-25, 6.04 PM.xcarchive/Products/Applications/linphone.app/Frameworks/msopenh264.framework/msopenh264'>', hardenedRuntime='0'>'>
2025-03-11 12:55:05 +0000  Skipping profile for item: <IDEDistributionItem: 0x6000385869a0; bundleID='org.linphone.mssilk', path='<DVTFilePath:0x60004c424a80:'/Users/ankitkhanna/Library/Developer/Xcode/Archives/2025-03-11/linphone 11-03-25, 6.04 PM.xcarchive/Products/Applications/linphone.app/Frameworks/mssilk.framework'>', codeSigningInfo='<_DVTCodeSigningInformation_Path: 0x6000489bfc00; isSigned='1', isAdHocSigned='0', signingCertificate='<DVTSigningCertificate: 0x600041ac58c0; name='Apple Development: Vaibhav Joon (R9939LLQHL)', hash='0D7F38274E3A9933A6AC531D4F9A199594391C24', serialNumber='4117F25914D6F4FD51FCEA063A3FDDB7', certificateKinds='(
    "1.2.840.113635.100.6.1.12",
    "1.2.840.113635.100.6.1.2"
), issueDate='2025-01-09 04:16:03 +0000''>', entitlements='(null)', teamID='X9NQ6V288C', identifier='org.linphone.mssilk', executablePath='<DVTFilePath:0x60005c55b5a0:'/Users/ankitkhanna/Library/Developer/Xcode/Archives/2025-03-11/linphone 11-03-25, 6.04 PM.xcarchive/Products/Applications/linphone.app/Frameworks/mssilk.framework/mssilk'>', hardenedRuntime='0'>'>
2025-03-11 12:55:05 +0000  Skipping profile for item: <IDEDistributionItem: 0x600038586100; bundleID='org.linphone.mswebrtc', path='<DVTFilePath:0x60004c424540:'/Users/ankitkhanna/Library/Developer/Xcode/Archives/2025-03-11/linphone 11-03-25, 6.04 PM.xcarchive/Products/Applications/linphone.app/Frameworks/mswebrtc.framework'>', codeSigningInfo='<_DVTCodeSigningInformation_Path: 0x600048951ef0; isSigned='1', isAdHocSigned='0', signingCertificate='<DVTSigningCertificate: 0x600041ac58c0; name='Apple Development: Vaibhav Joon (R9939LLQHL)', hash='0D7F38274E3A9933A6AC531D4F9A199594391C24', serialNumber='4117F25914D6F4FD51FCEA063A3FDDB7', certificateKinds='(
    "1.2.840.113635.100.6.1.12",
    "1.2.840.113635.100.6.1.2"
), issueDate='2025-01-09 04:16:03 +0000''>', entitlements='(null)', teamID='X9NQ6V288C', identifier='org.linphone.mswebrtc', executablePath='<DVTFilePath:0x60005c55f5a0:'/Users/ankitkhanna/Library/Developer/Xcode/Archives/2025-03-11/linphone 11-03-25, 6.04 PM.xcarchive/Products/Applications/linphone.app/Frameworks/mswebrtc.framework/mswebrtc'>', hardenedRuntime='0'>'>
2025-03-11 12:55:05 +0000  Skipping profile for item: <IDEDistributionItem: 0x600038585ec0; bundleID='org.cocoapods.openssl-grpc', path='<DVTFilePath:0x60004c40a370:'/Users/ankitkhanna/Library/Developer/Xcode/Archives/2025-03-11/linphone 11-03-25, 6.04 PM.xcarchive/Products/Applications/linphone.app/Frameworks/openssl_grpc.framework'>', codeSigningInfo='<_DVTCodeSigningInformation_Path: 0x600048950ff0; isSigned='1', isAdHocSigned='0', signingCertificate='<DVTSigningCertificate: 0x600041ac58c0; name='Apple Development: Vaibhav Joon (R9939LLQHL)', hash='0D7F38274E3A9933A6AC531D4F9A199594391C24', serialNumber='4117F25914D6F4FD51FCEA063A3FDDB7', certificateKinds='(
    "1.2.840.113635.100.6.1.12",
    "1.2.840.113635.100.6.1.2"
), issueDate='2025-01-09 04:16:03 +0000''>', entitlements='(null)', teamID='X9NQ6V288C', identifier='org.cocoapods.openssl-grpc', executablePath='<DVTFilePath:0x60005c55f480:'/Users/ankitkhanna/Library/Developer/Xcode/Archives/2025-03-11/linphone 11-03-25, 6.04 PM.xcarchive/Products/Applications/linphone.app/Frameworks/openssl_grpc.framework/openssl_grpc'>', hardenedRuntime='0'>'>
2025-03-11 12:55:05 +0000  Skipping profile for item: <IDEDistributionItem: 0x600038585800; bundleID='org.linphone.ortp', path='<DVTFilePath:0x600030b06220:'/Users/ankitkhanna/Library/Developer/Xcode/Archives/2025-03-11/linphone 11-03-25, 6.04 PM.xcarchive/Products/Applications/linphone.app/Frameworks/ortp.framework'>', codeSigningInfo='<_DVTCodeSigningInformation_Path: 0x600048951900; isSigned='1', isAdHocSigned='0', signingCertificate='<DVTSigningCertificate: 0x600041ac58c0; name='Apple Development: Vaibhav Joon (R9939LLQHL)', hash='0D7F38274E3A9933A6AC531D4F9A199594391C24', serialNumber='4117F25914D6F4FD51FCEA063A3FDDB7', certificateKinds='(
    "1.2.840.113635.100.6.1.12",
    "1.2.840.113635.100.6.1.2"
), issueDate='2025-01-09 04:16:03 +0000''>', entitlements='(null)', teamID='X9NQ6V288C', identifier='org.linphone.ortp', executablePath='<DVTFilePath:0x60005c55f000:'/Users/ankitkhanna/Library/Developer/Xcode/Archives/2025-03-11/linphone 11-03-25, 6.04 PM.xcarchive/Products/Applications/linphone.app/Frameworks/ortp.framework/ortp'>', hardenedRuntime='0'>'>
2025-03-11 12:55:05 +0000  Processing step: IDEDistributionInfoPlistStep
2025-03-11 12:55:05 +0000  Skipping step: IDEDistributionInfoPlistStep because it said so
2025-03-11 12:55:05 +0000  Skipping step: IDEDistributionInfoPlistStep because it said so
2025-03-11 12:55:05 +0000  Skipping step: IDEDistributionInfoPlistStep because it said so
2025-03-11 12:55:05 +0000  Skipping step: IDEDistributionInfoPlistStep because it said so
2025-03-11 12:55:05 +0000  Skipping step: IDEDistributionInfoPlistStep because it said so
2025-03-11 12:55:05 +0000  Skipping step: IDEDistributionInfoPlistStep because it said so
2025-03-11 12:55:05 +0000  Skipping step: IDEDistributionInfoPlistStep because it said so
2025-03-11 12:55:05 +0000  Skipping step: IDEDistributionInfoPlistStep because it said so
2025-03-11 12:55:05 +0000  Skipping step: IDEDistributionInfoPlistStep because it said so
2025-03-11 12:55:05 +0000  Skipping step: IDEDistributionInfoPlistStep because it said so
2025-03-11 12:55:05 +0000  Skipping step: IDEDistributionInfoPlistStep because it said so
2025-03-11 12:55:05 +0000  Skipping step: IDEDistributionInfoPlistStep because it said so
2025-03-11 12:55:05 +0000  Skipping step: IDEDistributionInfoPlistStep because it said so
2025-03-11 12:55:05 +0000  Skipping step: IDEDistributionInfoPlistStep because it said so
2025-03-11 12:55:05 +0000  Skipping step: IDEDistributionInfoPlistStep because it said so
2025-03-11 12:55:05 +0000  Skipping step: IDEDistributionInfoPlistStep because it said so
2025-03-11 12:55:05 +0000  Skipping step: IDEDistributionInfoPlistStep because it said so
2025-03-11 12:55:05 +0000  Skipping step: IDEDistributionInfoPlistStep because it said so
2025-03-11 12:55:05 +0000  Skipping step: IDEDistributionInfoPlistStep because it said so
2025-03-11 12:55:05 +0000  Skipping step: IDEDistributionInfoPlistStep because it said so
2025-03-11 12:55:05 +0000  Skipping step: IDEDistributionInfoPlistStep because it said so
2025-03-11 12:55:05 +0000  Skipping step: IDEDistributionInfoPlistStep because it said so
2025-03-11 12:55:05 +0000  Skipping step: IDEDistributionInfoPlistStep because it said so
2025-03-11 12:55:05 +0000  Skipping step: IDEDistributionInfoPlistStep because it said so
2025-03-11 12:55:05 +0000  Skipping step: IDEDistributionInfoPlistStep because it said so
2025-03-11 12:55:05 +0000  Skipping step: IDEDistributionInfoPlistStep because it said so
2025-03-11 12:55:05 +0000  Skipping step: IDEDistributionInfoPlistStep because it said so
2025-03-11 12:55:05 +0000  Skipping step: IDEDistributionInfoPlistStep because it said so
2025-03-11 12:55:05 +0000  Skipping step: IDEDistributionInfoPlistStep because it said so
2025-03-11 12:55:05 +0000  Skipping step: IDEDistributionInfoPlistStep because it said so
2025-03-11 12:55:05 +0000  Skipping step: IDEDistributionInfoPlistStep because it said so
2025-03-11 12:55:05 +0000  Skipping step: IDEDistributionInfoPlistStep because it said so
2025-03-11 12:55:05 +0000  Skipping step: IDEDistributionInfoPlistStep because it said so
2025-03-11 12:55:05 +0000  Skipping step: IDEDistributionInfoPlistStep because it said so
2025-03-11 12:55:05 +0000  Processing step: IDEDistributionAppThinningPlistStep
2025-03-11 12:55:05 +0000  Skipping step: IDEDistributionAppThinningPlistStep because it said so
2025-03-11 12:55:05 +0000  Processing step: IDEDistributionSymbolsStep
2025-03-11 12:55:05 +0000  Skipping step: IDEDistributionSymbolsStep because it said so
2025-03-11 12:55:05 +0000  Processing step: IDEDistributionAppThinningStep
2025-03-11 12:55:05 +0000  Skipping step: IDEDistributionAppThinningStep because it said so
2025-03-11 12:55:05 +0000  Processing step: IDEDistributionArchThinningStep
2025-03-11 12:55:05 +0000  Item /Users/ankitkhanna/Library/Developer/Xcode/Archives/2025-03-11/linphone 11-03-25, 6.04 PM.xcarchive/Products/Applications/linphone.app/Frameworks/DropDown.framework doesn't have the entitlement com.apple.developer.web-browser-engine.host enabled, returning ["arm64e"]
2025-03-11 12:55:05 +0000  Archs to thin for item /Users/ankitkhanna/Library/Developer/Xcode/Archives/2025-03-11/linphone 11-03-25, 6.04 PM.xcarchive/Products/Applications/linphone.app/Frameworks/DropDown.framework are ["arm64e"]
2025-03-11 12:55:05 +0000  Running /Applications/Xcode.app/Contents/Developer/Toolchains/XcodeDefault.xctoolchain/usr/bin/lipo '/var/folders/xb/n6m0jmkx2yg22l7w31b445x40000gn/T/XcodeDistPipeline.~~~Joah3C/Root/Payload/linphone.app/Frameworks/DropDown.framework/DropDown' '-verify_arch' 'arm64e'
2025-03-11 12:55:05 +0000  /Applications/Xcode.app/Contents/Developer/Toolchains/XcodeDefault.xctoolchain/usr/bin/lipo exited with 1
2025-03-11 12:55:05 +0000  Skipping architecture thinning for item "DropDown" because arch "arm64e" wasn't found
2025-03-11 12:55:05 +0000  Item /Users/ankitkhanna/Library/Developer/Xcode/Archives/2025-03-11/linphone 11-03-25, 6.04 PM.xcarchive/Products/Applications/linphone.app/Frameworks/EmojiPicker.framework doesn't have the entitlement com.apple.developer.web-browser-engine.host enabled, returning ["arm64e"]
2025-03-11 12:55:05 +0000  Archs to thin for item /Users/ankitkhanna/Library/Developer/Xcode/Archives/2025-03-11/linphone 11-03-25, 6.04 PM.xcarchive/Products/Applications/linphone.app/Frameworks/EmojiPicker.framework are ["arm64e"]
2025-03-11 12:55:05 +0000  Running /Applications/Xcode.app/Contents/Developer/Toolchains/XcodeDefault.xctoolchain/usr/bin/lipo '/var/folders/xb/n6m0jmkx2yg22l7w31b445x40000gn/T/XcodeDistPipeline.~~~Joah3C/Root/Payload/linphone.app/Frameworks/EmojiPicker.framework/EmojiPicker' '-verify_arch' 'arm64e'
2025-03-11 12:55:05 +0000  /Applications/Xcode.app/Contents/Developer/Toolchains/XcodeDefault.xctoolchain/usr/bin/lipo exited with 1
2025-03-11 12:55:05 +0000  Skipping architecture thinning for item "EmojiPicker" because arch "arm64e" wasn't found
2025-03-11 12:55:05 +0000  Item /Users/ankitkhanna/Library/Developer/Xcode/Archives/2025-03-11/linphone 11-03-25, 6.04 PM.xcarchive/Products/Applications/linphone.app/Frameworks/FirebaseFirestoreInternal.framework doesn't have the entitlement com.apple.developer.web-browser-engine.host enabled, returning ["arm64e"]
2025-03-11 12:55:05 +0000  Archs to thin for item /Users/ankitkhanna/Library/Developer/Xcode/Archives/2025-03-11/linphone 11-03-25, 6.04 PM.xcarchive/Products/Applications/linphone.app/Frameworks/FirebaseFirestoreInternal.framework are ["arm64e"]
2025-03-11 12:55:05 +0000  Running /Applications/Xcode.app/Contents/Developer/Toolchains/XcodeDefault.xctoolchain/usr/bin/lipo '/var/folders/xb/n6m0jmkx2yg22l7w31b445x40000gn/T/XcodeDistPipeline.~~~Joah3C/Root/Payload/linphone.app/Frameworks/FirebaseFirestoreInternal.framework/FirebaseFirestoreInternal' '-verify_arch' 'arm64e'
2025-03-11 12:55:05 +0000  /Applications/Xcode.app/Contents/Developer/Toolchains/XcodeDefault.xctoolchain/usr/bin/lipo exited with 1
2025-03-11 12:55:05 +0000  Skipping architecture thinning for item "FirebaseFirestoreInternal" because arch "arm64e" wasn't found
2025-03-11 12:55:05 +0000  Item /Users/ankitkhanna/Library/Developer/Xcode/Archives/2025-03-11/linphone 11-03-25, 6.04 PM.xcarchive/Products/Applications/linphone.app/Frameworks/IQKeyboardManager.framework doesn't have the entitlement com.apple.developer.web-browser-engine.host enabled, returning ["arm64e"]
2025-03-11 12:55:05 +0000  Archs to thin for item /Users/ankitkhanna/Library/Developer/Xcode/Archives/2025-03-11/linphone 11-03-25, 6.04 PM.xcarchive/Products/Applications/linphone.app/Frameworks/IQKeyboardManager.framework are ["arm64e"]
2025-03-11 12:55:05 +0000  Running /Applications/Xcode.app/Contents/Developer/Toolchains/XcodeDefault.xctoolchain/usr/bin/lipo '/var/folders/xb/n6m0jmkx2yg22l7w31b445x40000gn/T/XcodeDistPipeline.~~~Joah3C/Root/Payload/linphone.app/Frameworks/IQKeyboardManager.framework/IQKeyboardManager' '-verify_arch' 'arm64e'
2025-03-11 12:55:05 +0000  /Applications/Xcode.app/Contents/Developer/Toolchains/XcodeDefault.xctoolchain/usr/bin/lipo exited with 1
2025-03-11 12:55:05 +0000  Skipping architecture thinning for item "IQKeyboardManager" because arch "arm64e" wasn't found
2025-03-11 12:55:05 +0000  Item /Users/ankitkhanna/Library/Developer/Xcode/Archives/2025-03-11/linphone 11-03-25, 6.04 PM.xcarchive/Products/Applications/linphone.app/Frameworks/SVProgressHUD.framework doesn't have the entitlement com.apple.developer.web-browser-engine.host enabled, returning ["arm64e"]
2025-03-11 12:55:05 +0000  Archs to thin for item /Users/ankitkhanna/Library/Developer/Xcode/Archives/2025-03-11/linphone 11-03-25, 6.04 PM.xcarchive/Products/Applications/linphone.app/Frameworks/SVProgressHUD.framework are ["arm64e"]
2025-03-11 12:55:05 +0000  Running /Applications/Xcode.app/Contents/Developer/Toolchains/XcodeDefault.xctoolchain/usr/bin/lipo '/var/folders/xb/n6m0jmkx2yg22l7w31b445x40000gn/T/XcodeDistPipeline.~~~Joah3C/Root/Payload/linphone.app/Frameworks/SVProgressHUD.framework/SVProgressHUD' '-verify_arch' 'arm64e'
2025-03-11 12:55:05 +0000  /Applications/Xcode.app/Contents/Developer/Toolchains/XcodeDefault.xctoolchain/usr/bin/lipo exited with 1
2025-03-11 12:55:05 +0000  Skipping architecture thinning for item "SVProgressHUD" because arch "arm64e" wasn't found
2025-03-11 12:55:05 +0000  Item /Users/ankitkhanna/Library/Developer/Xcode/Archives/2025-03-11/linphone 11-03-25, 6.04 PM.xcarchive/Products/Applications/linphone.app/Frameworks/SnapKit.framework doesn't have the entitlement com.apple.developer.web-browser-engine.host enabled, returning ["arm64e"]
2025-03-11 12:55:05 +0000  Archs to thin for item /Users/ankitkhanna/Library/Developer/Xcode/Archives/2025-03-11/linphone 11-03-25, 6.04 PM.xcarchive/Products/Applications/linphone.app/Frameworks/SnapKit.framework are ["arm64e"]
2025-03-11 12:55:05 +0000  Running /Applications/Xcode.app/Contents/Developer/Toolchains/XcodeDefault.xctoolchain/usr/bin/lipo '/var/folders/xb/n6m0jmkx2yg22l7w31b445x40000gn/T/XcodeDistPipeline.~~~Joah3C/Root/Payload/linphone.app/Frameworks/SnapKit.framework/SnapKit' '-verify_arch' 'arm64e'
2025-03-11 12:55:05 +0000  /Applications/Xcode.app/Contents/Developer/Toolchains/XcodeDefault.xctoolchain/usr/bin/lipo exited with 1
2025-03-11 12:55:05 +0000  Skipping architecture thinning for item "SnapKit" because arch "arm64e" wasn't found
2025-03-11 12:55:05 +0000  Item /Users/ankitkhanna/Library/Developer/Xcode/Archives/2025-03-11/linphone 11-03-25, 6.04 PM.xcarchive/Products/Applications/linphone.app/Frameworks/SwipeCellKit.framework doesn't have the entitlement com.apple.developer.web-browser-engine.host enabled, returning ["arm64e"]
2025-03-11 12:55:05 +0000  Archs to thin for item /Users/ankitkhanna/Library/Developer/Xcode/Archives/2025-03-11/linphone 11-03-25, 6.04 PM.xcarchive/Products/Applications/linphone.app/Frameworks/SwipeCellKit.framework are ["arm64e"]
2025-03-11 12:55:05 +0000  Running /Applications/Xcode.app/Contents/Developer/Toolchains/XcodeDefault.xctoolchain/usr/bin/lipo '/var/folders/xb/n6m0jmkx2yg22l7w31b445x40000gn/T/XcodeDistPipeline.~~~Joah3C/Root/Payload/linphone.app/Frameworks/SwipeCellKit.framework/SwipeCellKit' '-verify_arch' 'arm64e'
2025-03-11 12:55:05 +0000  /Applications/Xcode.app/Contents/Developer/Toolchains/XcodeDefault.xctoolchain/usr/bin/lipo exited with 1
2025-03-11 12:55:05 +0000  Skipping architecture thinning for item "SwipeCellKit" because arch "arm64e" wasn't found
2025-03-11 12:55:05 +0000  Item /Users/ankitkhanna/Library/Developer/Xcode/Archives/2025-03-11/linphone 11-03-25, 6.04 PM.xcarchive/Products/Applications/linphone.app/Frameworks/absl.framework doesn't have the entitlement com.apple.developer.web-browser-engine.host enabled, returning ["arm64e"]
2025-03-11 12:55:05 +0000  Archs to thin for item /Users/ankitkhanna/Library/Developer/Xcode/Archives/2025-03-11/linphone 11-03-25, 6.04 PM.xcarchive/Products/Applications/linphone.app/Frameworks/absl.framework are ["arm64e"]
2025-03-11 12:55:05 +0000  Running /Applications/Xcode.app/Contents/Developer/Toolchains/XcodeDefault.xctoolchain/usr/bin/lipo '/var/folders/xb/n6m0jmkx2yg22l7w31b445x40000gn/T/XcodeDistPipeline.~~~Joah3C/Root/Payload/linphone.app/Frameworks/absl.framework/absl' '-verify_arch' 'arm64e'
2025-03-11 12:55:05 +0000  /Applications/Xcode.app/Contents/Developer/Toolchains/XcodeDefault.xctoolchain/usr/bin/lipo exited with 1
2025-03-11 12:55:05 +0000  Skipping architecture thinning for item "absl" because arch "arm64e" wasn't found
2025-03-11 12:55:05 +0000  Item /Users/ankitkhanna/Library/Developer/Xcode/Archives/2025-03-11/linphone 11-03-25, 6.04 PM.xcarchive/Products/Applications/linphone.app/Frameworks/bctoolbox-ios.framework doesn't have the entitlement com.apple.developer.web-browser-engine.host enabled, returning ["arm64e"]
2025-03-11 12:55:05 +0000  Archs to thin for item /Users/ankitkhanna/Library/Developer/Xcode/Archives/2025-03-11/linphone 11-03-25, 6.04 PM.xcarchive/Products/Applications/linphone.app/Frameworks/bctoolbox-ios.framework are ["arm64e"]
2025-03-11 12:55:05 +0000  Running /Applications/Xcode.app/Contents/Developer/Toolchains/XcodeDefault.xctoolchain/usr/bin/lipo '/var/folders/xb/n6m0jmkx2yg22l7w31b445x40000gn/T/XcodeDistPipeline.~~~Joah3C/Root/Payload/linphone.app/Frameworks/bctoolbox-ios.framework/bctoolbox-ios' '-verify_arch' 'arm64e'
2025-03-11 12:55:05 +0000  /Applications/Xcode.app/Contents/Developer/Toolchains/XcodeDefault.xctoolchain/usr/bin/lipo exited with 1
2025-03-11 12:55:05 +0000  Skipping architecture thinning for item "bctoolbox-ios" because arch "arm64e" wasn't found
2025-03-11 12:55:05 +0000  Item /Users/ankitkhanna/Library/Developer/Xcode/Archives/2025-03-11/linphone 11-03-25, 6.04 PM.xcarchive/Products/Applications/linphone.app/Frameworks/bctoolbox-tester.framework doesn't have the entitlement com.apple.developer.web-browser-engine.host enabled, returning ["arm64e"]
2025-03-11 12:55:05 +0000  Archs to thin for item /Users/ankitkhanna/Library/Developer/Xcode/Archives/2025-03-11/linphone 11-03-25, 6.04 PM.xcarchive/Products/Applications/linphone.app/Frameworks/bctoolbox-tester.framework are ["arm64e"]
2025-03-11 12:55:05 +0000  Running /Applications/Xcode.app/Contents/Developer/Toolchains/XcodeDefault.xctoolchain/usr/bin/lipo '/var/folders/xb/n6m0jmkx2yg22l7w31b445x40000gn/T/XcodeDistPipeline.~~~Joah3C/Root/Payload/linphone.app/Frameworks/bctoolbox-tester.framework/bctoolbox-tester' '-verify_arch' 'arm64e'
2025-03-11 12:55:05 +0000  /Applications/Xcode.app/Contents/Developer/Toolchains/XcodeDefault.xctoolchain/usr/bin/lipo exited with 1
2025-03-11 12:55:05 +0000  Skipping architecture thinning for item "bctoolbox-tester" because arch "arm64e" wasn't found
2025-03-11 12:55:05 +0000  Item /Users/ankitkhanna/Library/Developer/Xcode/Archives/2025-03-11/linphone 11-03-25, 6.04 PM.xcarchive/Products/Applications/linphone.app/Frameworks/bctoolbox.framework doesn't have the entitlement com.apple.developer.web-browser-engine.host enabled, returning ["arm64e"]
2025-03-11 12:55:05 +0000  Archs to thin for item /Users/ankitkhanna/Library/Developer/Xcode/Archives/2025-03-11/linphone 11-03-25, 6.04 PM.xcarchive/Products/Applications/linphone.app/Frameworks/bctoolbox.framework are ["arm64e"]
2025-03-11 12:55:05 +0000  Running /Applications/Xcode.app/Contents/Developer/Toolchains/XcodeDefault.xctoolchain/usr/bin/lipo '/var/folders/xb/n6m0jmkx2yg22l7w31b445x40000gn/T/XcodeDistPipeline.~~~Joah3C/Root/Payload/linphone.app/Frameworks/bctoolbox.framework/bctoolbox' '-verify_arch' 'arm64e'
2025-03-11 12:55:05 +0000  /Applications/Xcode.app/Contents/Developer/Toolchains/XcodeDefault.xctoolchain/usr/bin/lipo exited with 1
2025-03-11 12:55:05 +0000  Skipping architecture thinning for item "bctoolbox" because arch "arm64e" wasn't found
2025-03-11 12:55:05 +0000  Item /Users/ankitkhanna/Library/Developer/Xcode/Archives/2025-03-11/linphone 11-03-25, 6.04 PM.xcarchive/Products/Applications/linphone.app/Frameworks/belcard.framework doesn't have the entitlement com.apple.developer.web-browser-engine.host enabled, returning ["arm64e"]
2025-03-11 12:55:05 +0000  Archs to thin for item /Users/ankitkhanna/Library/Developer/Xcode/Archives/2025-03-11/linphone 11-03-25, 6.04 PM.xcarchive/Products/Applications/linphone.app/Frameworks/belcard.framework are ["arm64e"]
2025-03-11 12:55:05 +0000  Running /Applications/Xcode.app/Contents/Developer/Toolchains/XcodeDefault.xctoolchain/usr/bin/lipo '/var/folders/xb/n6m0jmkx2yg22l7w31b445x40000gn/T/XcodeDistPipeline.~~~Joah3C/Root/Payload/linphone.app/Frameworks/belcard.framework/belcard' '-verify_arch' 'arm64e'
2025-03-11 12:55:05 +0000  /Applications/Xcode.app/Contents/Developer/Toolchains/XcodeDefault.xctoolchain/usr/bin/lipo exited with 1
2025-03-11 12:55:05 +0000  Skipping architecture thinning for item "belcard" because arch "arm64e" wasn't found
2025-03-11 12:55:05 +0000  Item /Users/ankitkhanna/Library/Developer/Xcode/Archives/2025-03-11/linphone 11-03-25, 6.04 PM.xcarchive/Products/Applications/linphone.app/Frameworks/belle-sip.framework doesn't have the entitlement com.apple.developer.web-browser-engine.host enabled, returning ["arm64e"]
2025-03-11 12:55:05 +0000  Archs to thin for item /Users/ankitkhanna/Library/Developer/Xcode/Archives/2025-03-11/linphone 11-03-25, 6.04 PM.xcarchive/Products/Applications/linphone.app/Frameworks/belle-sip.framework are ["arm64e"]
2025-03-11 12:55:05 +0000  Running /Applications/Xcode.app/Contents/Developer/Toolchains/XcodeDefault.xctoolchain/usr/bin/lipo '/var/folders/xb/n6m0jmkx2yg22l7w31b445x40000gn/T/XcodeDistPipeline.~~~Joah3C/Root/Payload/linphone.app/Frameworks/belle-sip.framework/belle-sip' '-verify_arch' 'arm64e'
2025-03-11 12:55:05 +0000  /Applications/Xcode.app/Contents/Developer/Toolchains/XcodeDefault.xctoolchain/usr/bin/lipo exited with 1
2025-03-11 12:55:05 +0000  Skipping architecture thinning for item "belle-sip" because arch "arm64e" wasn't found
2025-03-11 12:55:05 +0000  Item /Users/ankitkhanna/Library/Developer/Xcode/Archives/2025-03-11/linphone 11-03-25, 6.04 PM.xcarchive/Products/Applications/linphone.app/Frameworks/belr.framework doesn't have the entitlement com.apple.developer.web-browser-engine.host enabled, returning ["arm64e"]
2025-03-11 12:55:05 +0000  Archs to thin for item /Users/ankitkhanna/Library/Developer/Xcode/Archives/2025-03-11/linphone 11-03-25, 6.04 PM.xcarchive/Products/Applications/linphone.app/Frameworks/belr.framework are ["arm64e"]
2025-03-11 12:55:05 +0000  Running /Applications/Xcode.app/Contents/Developer/Toolchains/XcodeDefault.xctoolchain/usr/bin/lipo '/var/folders/xb/n6m0jmkx2yg22l7w31b445x40000gn/T/XcodeDistPipeline.~~~Joah3C/Root/Payload/linphone.app/Frameworks/belr.framework/belr' '-verify_arch' 'arm64e'
2025-03-11 12:55:05 +0000  /Applications/Xcode.app/Contents/Developer/Toolchains/XcodeDefault.xctoolchain/usr/bin/lipo exited with 1
2025-03-11 12:55:05 +0000  Skipping architecture thinning for item "belr" because arch "arm64e" wasn't found
2025-03-11 12:55:05 +0000  Item /Users/ankitkhanna/Library/Developer/Xcode/Archives/2025-03-11/linphone 11-03-25, 6.04 PM.xcarchive/Products/Applications/linphone.app/Frameworks/grpc.framework doesn't have the entitlement com.apple.developer.web-browser-engine.host enabled, returning ["arm64e"]
2025-03-11 12:55:05 +0000  Archs to thin for item /Users/ankitkhanna/Library/Developer/Xcode/Archives/2025-03-11/linphone 11-03-25, 6.04 PM.xcarchive/Products/Applications/linphone.app/Frameworks/grpc.framework are ["arm64e"]
2025-03-11 12:55:05 +0000  Running /Applications/Xcode.app/Contents/Developer/Toolchains/XcodeDefault.xctoolchain/usr/bin/lipo '/var/folders/xb/n6m0jmkx2yg22l7w31b445x40000gn/T/XcodeDistPipeline.~~~Joah3C/Root/Payload/linphone.app/Frameworks/grpc.framework/grpc' '-verify_arch' 'arm64e'
2025-03-11 12:55:05 +0000  /Applications/Xcode.app/Contents/Developer/Toolchains/XcodeDefault.xctoolchain/usr/bin/lipo exited with 1
2025-03-11 12:55:05 +0000  Skipping architecture thinning for item "grpc" because arch "arm64e" wasn't found
2025-03-11 12:55:05 +0000  Item /Users/ankitkhanna/Library/Developer/Xcode/Archives/2025-03-11/linphone 11-03-25, 6.04 PM.xcarchive/Products/Applications/linphone.app/Frameworks/grpcpp.framework doesn't have the entitlement com.apple.developer.web-browser-engine.host enabled, returning ["arm64e"]
2025-03-11 12:55:05 +0000  Archs to thin for item /Users/ankitkhanna/Library/Developer/Xcode/Archives/2025-03-11/linphone 11-03-25, 6.04 PM.xcarchive/Products/Applications/linphone.app/Frameworks/grpcpp.framework are ["arm64e"]
2025-03-11 12:55:05 +0000  Running /Applications/Xcode.app/Contents/Developer/Toolchains/XcodeDefault.xctoolchain/usr/bin/lipo '/var/folders/xb/n6m0jmkx2yg22l7w31b445x40000gn/T/XcodeDistPipeline.~~~Joah3C/Root/Payload/linphone.app/Frameworks/grpcpp.framework/grpcpp' '-verify_arch' 'arm64e'
2025-03-11 12:55:05 +0000  /Applications/Xcode.app/Contents/Developer/Toolchains/XcodeDefault.xctoolchain/usr/bin/lipo exited with 1
2025-03-11 12:55:05 +0000  Skipping architecture thinning for item "grpcpp" because arch "arm64e" wasn't found
2025-03-11 12:55:05 +0000  Item /Users/ankitkhanna/Library/Developer/Xcode/Archives/2025-03-11/linphone 11-03-25, 6.04 PM.xcarchive/Products/Applications/linphone.app/Frameworks/libswift_Concurrency.dylib doesn't have the entitlement com.apple.developer.web-browser-engine.host enabled, returning ["arm64e"]
2025-03-11 12:55:05 +0000  Archs to thin for item /Users/ankitkhanna/Library/Developer/Xcode/Archives/2025-03-11/linphone 11-03-25, 6.04 PM.xcarchive/Products/Applications/linphone.app/Frameworks/libswift_Concurrency.dylib are ["arm64e"]
2025-03-11 12:55:05 +0000  Running /Applications/Xcode.app/Contents/Developer/Toolchains/XcodeDefault.xctoolchain/usr/bin/lipo '/var/folders/xb/n6m0jmkx2yg22l7w31b445x40000gn/T/XcodeDistPipeline.~~~Joah3C/Root/Payload/linphone.app/Frameworks/libswift_Concurrency.dylib' '-verify_arch' 'arm64e'
2025-03-11 12:55:05 +0000  /Applications/Xcode.app/Contents/Developer/Toolchains/XcodeDefault.xctoolchain/usr/bin/lipo exited with 1
2025-03-11 12:55:05 +0000  Skipping architecture thinning for item "libswift_Concurrency.dylib" because arch "arm64e" wasn't found
2025-03-11 12:55:05 +0000  Item /Users/ankitkhanna/Library/Developer/Xcode/Archives/2025-03-11/linphone 11-03-25, 6.04 PM.xcarchive/Products/Applications/linphone.app/Frameworks/lime.framework doesn't have the entitlement com.apple.developer.web-browser-engine.host enabled, returning ["arm64e"]
2025-03-11 12:55:05 +0000  Archs to thin for item /Users/ankitkhanna/Library/Developer/Xcode/Archives/2025-03-11/linphone 11-03-25, 6.04 PM.xcarchive/Products/Applications/linphone.app/Frameworks/lime.framework are ["arm64e"]
2025-03-11 12:55:05 +0000  Running /Applications/Xcode.app/Contents/Developer/Toolchains/XcodeDefault.xctoolchain/usr/bin/lipo '/var/folders/xb/n6m0jmkx2yg22l7w31b445x40000gn/T/XcodeDistPipeline.~~~Joah3C/Root/Payload/linphone.app/Frameworks/lime.framework/lime' '-verify_arch' 'arm64e'
2025-03-11 12:55:05 +0000  /Applications/Xcode.app/Contents/Developer/Toolchains/XcodeDefault.xctoolchain/usr/bin/lipo exited with 1
2025-03-11 12:55:05 +0000  Skipping architecture thinning for item "lime" because arch "arm64e" wasn't found
2025-03-11 12:55:05 +0000  Item /Users/ankitkhanna/Library/Developer/Xcode/Archives/2025-03-11/linphone 11-03-25, 6.04 PM.xcarchive/Products/Applications/linphone.app/Frameworks/limetester.framework doesn't have the entitlement com.apple.developer.web-browser-engine.host enabled, returning ["arm64e"]
2025-03-11 12:55:05 +0000  Archs to thin for item /Users/ankitkhanna/Library/Developer/Xcode/Archives/2025-03-11/linphone 11-03-25, 6.04 PM.xcarchive/Products/Applications/linphone.app/Frameworks/limetester.framework are ["arm64e"]
2025-03-11 12:55:05 +0000  Running /Applications/Xcode.app/Contents/Developer/Toolchains/XcodeDefault.xctoolchain/usr/bin/lipo '/var/folders/xb/n6m0jmkx2yg22l7w31b445x40000gn/T/XcodeDistPipeline.~~~Joah3C/Root/Payload/linphone.app/Frameworks/limetester.framework/limetester' '-verify_arch' 'arm64e'
2025-03-11 12:55:05 +0000  /Applications/Xcode.app/Contents/Developer/Toolchains/XcodeDefault.xctoolchain/usr/bin/lipo exited with 1
2025-03-11 12:55:05 +0000  Skipping architecture thinning for item "limetester" because arch "arm64e" wasn't found
2025-03-11 12:55:05 +0000  Item /Users/ankitkhanna/Library/Developer/Xcode/Archives/2025-03-11/linphone 11-03-25, 6.04 PM.xcarchive/Products/Applications/linphone.app/Frameworks/linphone.framework doesn't have the entitlement com.apple.developer.web-browser-engine.host enabled, returning ["arm64e"]
2025-03-11 12:55:05 +0000  Archs to thin for item /Users/ankitkhanna/Library/Developer/Xcode/Archives/2025-03-11/linphone 11-03-25, 6.04 PM.xcarchive/Products/Applications/linphone.app/Frameworks/linphone.framework are ["arm64e"]
2025-03-11 12:55:05 +0000  Running /Applications/Xcode.app/Contents/Developer/Toolchains/XcodeDefault.xctoolchain/usr/bin/lipo '/var/folders/xb/n6m0jmkx2yg22l7w31b445x40000gn/T/XcodeDistPipeline.~~~Joah3C/Root/Payload/linphone.app/Frameworks/linphone.framework/linphone' '-verify_arch' 'arm64e'
2025-03-11 12:55:05 +0000  /Applications/Xcode.app/Contents/Developer/Toolchains/XcodeDefault.xctoolchain/usr/bin/lipo exited with 1
2025-03-11 12:55:05 +0000  Skipping architecture thinning for item "linphone" because arch "arm64e" wasn't found
2025-03-11 12:55:05 +0000  Item /Users/ankitkhanna/Library/Developer/Xcode/Archives/2025-03-11/linphone 11-03-25, 6.04 PM.xcarchive/Products/Applications/linphone.app/Frameworks/linphonesw.framework doesn't have the entitlement com.apple.developer.web-browser-engine.host enabled, returning ["arm64e"]
2025-03-11 12:55:05 +0000  Archs to thin for item /Users/ankitkhanna/Library/Developer/Xcode/Archives/2025-03-11/linphone 11-03-25, 6.04 PM.xcarchive/Products/Applications/linphone.app/Frameworks/linphonesw.framework are ["arm64e"]
2025-03-11 12:55:05 +0000  Running /Applications/Xcode.app/Contents/Developer/Toolchains/XcodeDefault.xctoolchain/usr/bin/lipo '/var/folders/xb/n6m0jmkx2yg22l7w31b445x40000gn/T/XcodeDistPipeline.~~~Joah3C/Root/Payload/linphone.app/Frameworks/linphonesw.framework/linphonesw' '-verify_arch' 'arm64e'
2025-03-11 12:55:05 +0000  /Applications/Xcode.app/Contents/Developer/Toolchains/XcodeDefault.xctoolchain/usr/bin/lipo exited with 1
2025-03-11 12:55:05 +0000  Skipping architecture thinning for item "linphonesw" because arch "arm64e" wasn't found
2025-03-11 12:55:05 +0000  Item /Users/ankitkhanna/Library/Developer/Xcode/Archives/2025-03-11/linphone 11-03-25, 6.04 PM.xcarchive/Products/Applications/linphone.app/Frameworks/linphonetester.framework doesn't have the entitlement com.apple.developer.web-browser-engine.host enabled, returning ["arm64e"]
2025-03-11 12:55:05 +0000  Archs to thin for item /Users/ankitkhanna/Library/Developer/Xcode/Archives/2025-03-11/linphone 11-03-25, 6.04 PM.xcarchive/Products/Applications/linphone.app/Frameworks/linphonetester.framework are ["arm64e"]
2025-03-11 12:55:05 +0000  Running /Applications/Xcode.app/Contents/Developer/Toolchains/XcodeDefault.xctoolchain/usr/bin/lipo '/var/folders/xb/n6m0jmkx2yg22l7w31b445x40000gn/T/XcodeDistPipeline.~~~Joah3C/Root/Payload/linphone.app/Frameworks/linphonetester.framework/linphonetester' '-verify_arch' 'arm64e'
2025-03-11 12:55:05 +0000  /Applications/Xcode.app/Contents/Developer/Toolchains/XcodeDefault.xctoolchain/usr/bin/lipo exited with 1
2025-03-11 12:55:05 +0000  Skipping architecture thinning for item "linphonetester" because arch "arm64e" wasn't found
2025-03-11 12:55:05 +0000  Item /Users/ankitkhanna/Library/Developer/Xcode/Archives/2025-03-11/linphone 11-03-25, 6.04 PM.xcarchive/Products/Applications/linphone.app/Frameworks/mediastreamer2.framework doesn't have the entitlement com.apple.developer.web-browser-engine.host enabled, returning ["arm64e"]
2025-03-11 12:55:05 +0000  Archs to thin for item /Users/ankitkhanna/Library/Developer/Xcode/Archives/2025-03-11/linphone 11-03-25, 6.04 PM.xcarchive/Products/Applications/linphone.app/Frameworks/mediastreamer2.framework are ["arm64e"]
2025-03-11 12:55:05 +0000  Running /Applications/Xcode.app/Contents/Developer/Toolchains/XcodeDefault.xctoolchain/usr/bin/lipo '/var/folders/xb/n6m0jmkx2yg22l7w31b445x40000gn/T/XcodeDistPipeline.~~~Joah3C/Root/Payload/linphone.app/Frameworks/mediastreamer2.framework/mediastreamer2' '-verify_arch' 'arm64e'
2025-03-11 12:55:05 +0000  /Applications/Xcode.app/Contents/Developer/Toolchains/XcodeDefault.xctoolchain/usr/bin/lipo exited with 1
2025-03-11 12:55:05 +0000  Skipping architecture thinning for item "mediastreamer2" because arch "arm64e" wasn't found
2025-03-11 12:55:05 +0000  Item /Users/ankitkhanna/Library/Developer/Xcode/Archives/2025-03-11/linphone 11-03-25, 6.04 PM.xcarchive/Products/Applications/linphone.app/Frameworks/msamr.framework doesn't have the entitlement com.apple.developer.web-browser-engine.host enabled, returning ["arm64e"]
2025-03-11 12:55:05 +0000  Archs to thin for item /Users/ankitkhanna/Library/Developer/Xcode/Archives/2025-03-11/linphone 11-03-25, 6.04 PM.xcarchive/Products/Applications/linphone.app/Frameworks/msamr.framework are ["arm64e"]
2025-03-11 12:55:05 +0000  Running /Applications/Xcode.app/Contents/Developer/Toolchains/XcodeDefault.xctoolchain/usr/bin/lipo '/var/folders/xb/n6m0jmkx2yg22l7w31b445x40000gn/T/XcodeDistPipeline.~~~Joah3C/Root/Payload/linphone.app/Frameworks/msamr.framework/msamr' '-verify_arch' 'arm64e'
2025-03-11 12:55:05 +0000  /Applications/Xcode.app/Contents/Developer/Toolchains/XcodeDefault.xctoolchain/usr/bin/lipo exited with 1
2025-03-11 12:55:05 +0000  Skipping architecture thinning for item "msamr" because arch "arm64e" wasn't found
2025-03-11 12:55:05 +0000  Item /Users/ankitkhanna/Library/Developer/Xcode/Archives/2025-03-11/linphone 11-03-25, 6.04 PM.xcarchive/Products/Applications/linphone.app/Frameworks/mscodec2.framework doesn't have the entitlement com.apple.developer.web-browser-engine.host enabled, returning ["arm64e"]
2025-03-11 12:55:05 +0000  Archs to thin for item /Users/ankitkhanna/Library/Developer/Xcode/Archives/2025-03-11/linphone 11-03-25, 6.04 PM.xcarchive/Products/Applications/linphone.app/Frameworks/mscodec2.framework are ["arm64e"]
2025-03-11 12:55:05 +0000  Running /Applications/Xcode.app/Contents/Developer/Toolchains/XcodeDefault.xctoolchain/usr/bin/lipo '/var/folders/xb/n6m0jmkx2yg22l7w31b445x40000gn/T/XcodeDistPipeline.~~~Joah3C/Root/Payload/linphone.app/Frameworks/mscodec2.framework/mscodec2' '-verify_arch' 'arm64e'
2025-03-11 12:55:06 +0000  /Applications/Xcode.app/Contents/Developer/Toolchains/XcodeDefault.xctoolchain/usr/bin/lipo exited with 1
2025-03-11 12:55:06 +0000  Skipping architecture thinning for item "mscodec2" because arch "arm64e" wasn't found
2025-03-11 12:55:06 +0000  Item /Users/ankitkhanna/Library/Developer/Xcode/Archives/2025-03-11/linphone 11-03-25, 6.04 PM.xcarchive/Products/Applications/linphone.app/Frameworks/msopenh264.framework doesn't have the entitlement com.apple.developer.web-browser-engine.host enabled, returning ["arm64e"]
2025-03-11 12:55:06 +0000  Archs to thin for item /Users/ankitkhanna/Library/Developer/Xcode/Archives/2025-03-11/linphone 11-03-25, 6.04 PM.xcarchive/Products/Applications/linphone.app/Frameworks/msopenh264.framework are ["arm64e"]
2025-03-11 12:55:06 +0000  Running /Applications/Xcode.app/Contents/Developer/Toolchains/XcodeDefault.xctoolchain/usr/bin/lipo '/var/folders/xb/n6m0jmkx2yg22l7w31b445x40000gn/T/XcodeDistPipeline.~~~Joah3C/Root/Payload/linphone.app/Frameworks/msopenh264.framework/msopenh264' '-verify_arch' 'arm64e'
2025-03-11 12:55:06 +0000  /Applications/Xcode.app/Contents/Developer/Toolchains/XcodeDefault.xctoolchain/usr/bin/lipo exited with 1
2025-03-11 12:55:06 +0000  Skipping architecture thinning for item "msopenh264" because arch "arm64e" wasn't found
2025-03-11 12:55:06 +0000  Item /Users/ankitkhanna/Library/Developer/Xcode/Archives/2025-03-11/linphone 11-03-25, 6.04 PM.xcarchive/Products/Applications/linphone.app/Frameworks/mssilk.framework doesn't have the entitlement com.apple.developer.web-browser-engine.host enabled, returning ["arm64e"]
2025-03-11 12:55:06 +0000  Archs to thin for item /Users/ankitkhanna/Library/Developer/Xcode/Archives/2025-03-11/linphone 11-03-25, 6.04 PM.xcarchive/Products/Applications/linphone.app/Frameworks/mssilk.framework are ["arm64e"]
2025-03-11 12:55:06 +0000  Running /Applications/Xcode.app/Contents/Developer/Toolchains/XcodeDefault.xctoolchain/usr/bin/lipo '/var/folders/xb/n6m0jmkx2yg22l7w31b445x40000gn/T/XcodeDistPipeline.~~~Joah3C/Root/Payload/linphone.app/Frameworks/mssilk.framework/mssilk' '-verify_arch' 'arm64e'
2025-03-11 12:55:06 +0000  /Applications/Xcode.app/Contents/Developer/Toolchains/XcodeDefault.xctoolchain/usr/bin/lipo exited with 1
2025-03-11 12:55:06 +0000  Skipping architecture thinning for item "mssilk" because arch "arm64e" wasn't found
2025-03-11 12:55:06 +0000  Item /Users/ankitkhanna/Library/Developer/Xcode/Archives/2025-03-11/linphone 11-03-25, 6.04 PM.xcarchive/Products/Applications/linphone.app/Frameworks/mswebrtc.framework doesn't have the entitlement com.apple.developer.web-browser-engine.host enabled, returning ["arm64e"]
2025-03-11 12:55:06 +0000  Archs to thin for item /Users/ankitkhanna/Library/Developer/Xcode/Archives/2025-03-11/linphone 11-03-25, 6.04 PM.xcarchive/Products/Applications/linphone.app/Frameworks/mswebrtc.framework are ["arm64e"]
2025-03-11 12:55:06 +0000  Running /Applications/Xcode.app/Contents/Developer/Toolchains/XcodeDefault.xctoolchain/usr/bin/lipo '/var/folders/xb/n6m0jmkx2yg22l7w31b445x40000gn/T/XcodeDistPipeline.~~~Joah3C/Root/Payload/linphone.app/Frameworks/mswebrtc.framework/mswebrtc' '-verify_arch' 'arm64e'
2025-03-11 12:55:06 +0000  /Applications/Xcode.app/Contents/Developer/Toolchains/XcodeDefault.xctoolchain/usr/bin/lipo exited with 1
2025-03-11 12:55:06 +0000  Skipping architecture thinning for item "mswebrtc" because arch "arm64e" wasn't found
2025-03-11 12:55:06 +0000  Item /Users/ankitkhanna/Library/Developer/Xcode/Archives/2025-03-11/linphone 11-03-25, 6.04 PM.xcarchive/Products/Applications/linphone.app/Frameworks/openssl_grpc.framework doesn't have the entitlement com.apple.developer.web-browser-engine.host enabled, returning ["arm64e"]
2025-03-11 12:55:06 +0000  Archs to thin for item /Users/ankitkhanna/Library/Developer/Xcode/Archives/2025-03-11/linphone 11-03-25, 6.04 PM.xcarchive/Products/Applications/linphone.app/Frameworks/openssl_grpc.framework are ["arm64e"]
2025-03-11 12:55:06 +0000  Running /Applications/Xcode.app/Contents/Developer/Toolchains/XcodeDefault.xctoolchain/usr/bin/lipo '/var/folders/xb/n6m0jmkx2yg22l7w31b445x40000gn/T/XcodeDistPipeline.~~~Joah3C/Root/Payload/linphone.app/Frameworks/openssl_grpc.framework/openssl_grpc' '-verify_arch' 'arm64e'
2025-03-11 12:55:06 +0000  /Applications/Xcode.app/Contents/Developer/Toolchains/XcodeDefault.xctoolchain/usr/bin/lipo exited with 1
2025-03-11 12:55:06 +0000  Skipping architecture thinning for item "openssl_grpc" because arch "arm64e" wasn't found
2025-03-11 12:55:06 +0000  Item /Users/ankitkhanna/Library/Developer/Xcode/Archives/2025-03-11/linphone 11-03-25, 6.04 PM.xcarchive/Products/Applications/linphone.app/Frameworks/ortp.framework doesn't have the entitlement com.apple.developer.web-browser-engine.host enabled, returning ["arm64e"]
2025-03-11 12:55:06 +0000  Archs to thin for item /Users/ankitkhanna/Library/Developer/Xcode/Archives/2025-03-11/linphone 11-03-25, 6.04 PM.xcarchive/Products/Applications/linphone.app/Frameworks/ortp.framework are ["arm64e"]
2025-03-11 12:55:06 +0000  Running /Applications/Xcode.app/Contents/Developer/Toolchains/XcodeDefault.xctoolchain/usr/bin/lipo '/var/folders/xb/n6m0jmkx2yg22l7w31b445x40000gn/T/XcodeDistPipeline.~~~Joah3C/Root/Payload/linphone.app/Frameworks/ortp.framework/ortp' '-verify_arch' 'arm64e'
2025-03-11 12:55:06 +0000  /Applications/Xcode.app/Contents/Developer/Toolchains/XcodeDefault.xctoolchain/usr/bin/lipo exited with 1
2025-03-11 12:55:06 +0000  Skipping architecture thinning for item "ortp" because arch "arm64e" wasn't found
2025-03-11 12:55:06 +0000  Item /Users/ankitkhanna/Library/Developer/Xcode/Archives/2025-03-11/linphone 11-03-25, 6.04 PM.xcarchive/Products/Applications/linphone.app/PlugIns/linphoneExtension.appex doesn't have the entitlement com.apple.developer.web-browser-engine.host enabled, returning ["arm64e"]
2025-03-11 12:55:06 +0000  Archs to thin for item /Users/ankitkhanna/Library/Developer/Xcode/Archives/2025-03-11/linphone 11-03-25, 6.04 PM.xcarchive/Products/Applications/linphone.app/PlugIns/linphoneExtension.appex are ["arm64e"]
2025-03-11 12:55:06 +0000  Running /Applications/Xcode.app/Contents/Developer/Toolchains/XcodeDefault.xctoolchain/usr/bin/lipo '/var/folders/xb/n6m0jmkx2yg22l7w31b445x40000gn/T/XcodeDistPipeline.~~~Joah3C/Root/Payload/linphone.app/PlugIns/linphoneExtension.appex/linphoneExtension' '-verify_arch' 'arm64e'
2025-03-11 12:55:06 +0000  /Applications/Xcode.app/Contents/Developer/Toolchains/XcodeDefault.xctoolchain/usr/bin/lipo exited with 1
2025-03-11 12:55:06 +0000  Skipping architecture thinning for item "linphoneExtension" because arch "arm64e" wasn't found
2025-03-11 12:55:06 +0000  Item /Users/ankitkhanna/Library/Developer/Xcode/Archives/2025-03-11/linphone 11-03-25, 6.04 PM.xcarchive/Products/Applications/linphone.app/PlugIns/msgNotificationContent.appex doesn't have the entitlement com.apple.developer.web-browser-engine.host enabled, returning ["arm64e"]
2025-03-11 12:55:06 +0000  Archs to thin for item /Users/ankitkhanna/Library/Developer/Xcode/Archives/2025-03-11/linphone 11-03-25, 6.04 PM.xcarchive/Products/Applications/linphone.app/PlugIns/msgNotificationContent.appex are ["arm64e"]
2025-03-11 12:55:06 +0000  Running /Applications/Xcode.app/Contents/Developer/Toolchains/XcodeDefault.xctoolchain/usr/bin/lipo '/var/folders/xb/n6m0jmkx2yg22l7w31b445x40000gn/T/XcodeDistPipeline.~~~Joah3C/Root/Payload/linphone.app/PlugIns/msgNotificationContent.appex/msgNotificationContent' '-verify_arch' 'arm64e'
2025-03-11 12:55:06 +0000  /Applications/Xcode.app/Contents/Developer/Toolchains/XcodeDefault.xctoolchain/usr/bin/lipo exited with 1
2025-03-11 12:55:06 +0000  Skipping architecture thinning for item "msgNotificationContent" because arch "arm64e" wasn't found
2025-03-11 12:55:06 +0000  Item /Users/ankitkhanna/Library/Developer/Xcode/Archives/2025-03-11/linphone 11-03-25, 6.04 PM.xcarchive/Products/Applications/linphone.app/PlugIns/msgNotificationService.appex doesn't have the entitlement com.apple.developer.web-browser-engine.host enabled, returning ["arm64e"]
2025-03-11 12:55:06 +0000  Archs to thin for item /Users/ankitkhanna/Library/Developer/Xcode/Archives/2025-03-11/linphone 11-03-25, 6.04 PM.xcarchive/Products/Applications/linphone.app/PlugIns/msgNotificationService.appex are ["arm64e"]
2025-03-11 12:55:06 +0000  Running /Applications/Xcode.app/Contents/Developer/Toolchains/XcodeDefault.xctoolchain/usr/bin/lipo '/var/folders/xb/n6m0jmkx2yg22l7w31b445x40000gn/T/XcodeDistPipeline.~~~Joah3C/Root/Payload/linphone.app/PlugIns/msgNotificationService.appex/msgNotificationService' '-verify_arch' 'arm64e'
2025-03-11 12:55:06 +0000  /Applications/Xcode.app/Contents/Developer/Toolchains/XcodeDefault.xctoolchain/usr/bin/lipo exited with 1
2025-03-11 12:55:06 +0000  Skipping architecture thinning for item "msgNotificationService" because arch "arm64e" wasn't found
2025-03-11 12:55:06 +0000  Item /Users/ankitkhanna/Library/Developer/Xcode/Archives/2025-03-11/linphone 11-03-25, 6.04 PM.xcarchive/Products/Applications/linphone.app doesn't have the entitlement com.apple.developer.web-browser-engine.host enabled, returning ["arm64e"]
2025-03-11 12:55:06 +0000  Archs to thin for item /Users/ankitkhanna/Library/Developer/Xcode/Archives/2025-03-11/linphone 11-03-25, 6.04 PM.xcarchive/Products/Applications/linphone.app are ["arm64e"]
2025-03-11 12:55:06 +0000  Running /Applications/Xcode.app/Contents/Developer/Toolchains/XcodeDefault.xctoolchain/usr/bin/lipo '/var/folders/xb/n6m0jmkx2yg22l7w31b445x40000gn/T/XcodeDistPipeline.~~~Joah3C/Root/Payload/linphone.app/linphone' '-verify_arch' 'arm64e'
2025-03-11 12:55:06 +0000  /Applications/Xcode.app/Contents/Developer/Toolchains/XcodeDefault.xctoolchain/usr/bin/lipo exited with 1
2025-03-11 12:55:06 +0000  Skipping architecture thinning for item "linphone" because arch "arm64e" wasn't found
2025-03-11 12:55:06 +0000  Processing step: IDEDistributionODRStep
2025-03-11 12:55:06 +0000  Processing step: IDEDistributionStripXattrsStep
2025-03-11 12:55:06 +0000  Skipping stripping extended attributes because the codesign step will strip them.
2025-03-11 12:55:06 +0000  Skipping stripping extended attributes because the codesign step will strip them.
2025-03-11 12:55:06 +0000  Skipping stripping extended attributes because the codesign step will strip them.
2025-03-11 12:55:06 +0000  Skipping stripping extended attributes because the codesign step will strip them.
2025-03-11 12:55:06 +0000  Skipping stripping extended attributes because the codesign step will strip them.
2025-03-11 12:55:06 +0000  Skipping stripping extended attributes because the codesign step will strip them.
2025-03-11 12:55:06 +0000  Skipping stripping extended attributes because the codesign step will strip them.
2025-03-11 12:55:06 +0000  Skipping stripping extended attributes because the codesign step will strip them.
2025-03-11 12:55:06 +0000  Skipping stripping extended attributes because the codesign step will strip them.
2025-03-11 12:55:06 +0000  Skipping stripping extended attributes because the codesign step will strip them.
2025-03-11 12:55:06 +0000  Skipping stripping extended attributes because the codesign step will strip them.
2025-03-11 12:55:06 +0000  Skipping stripping extended attributes because the codesign step will strip them.
2025-03-11 12:55:06 +0000  Skipping stripping extended attributes because the codesign step will strip them.
2025-03-11 12:55:06 +0000  Skipping stripping extended attributes because the codesign step will strip them.
2025-03-11 12:55:06 +0000  Skipping stripping extended attributes because the codesign step will strip them.
2025-03-11 12:55:06 +0000  Skipping stripping extended attributes because the codesign step will strip them.
2025-03-11 12:55:06 +0000  Skipping stripping extended attributes because the codesign step will strip them.
2025-03-11 12:55:06 +0000  Skipping stripping extended attributes because the codesign step will strip them.
2025-03-11 12:55:06 +0000  Skipping stripping extended attributes because the codesign step will strip them.
2025-03-11 12:55:06 +0000  Skipping stripping extended attributes because the codesign step will strip them.
2025-03-11 12:55:06 +0000  Skipping stripping extended attributes because the codesign step will strip them.
2025-03-11 12:55:06 +0000  Skipping stripping extended attributes because the codesign step will strip them.
2025-03-11 12:55:06 +0000  Skipping stripping extended attributes because the codesign step will strip them.
2025-03-11 12:55:06 +0000  Skipping stripping extended attributes because the codesign step will strip them.
2025-03-11 12:55:06 +0000  Skipping stripping extended attributes because the codesign step will strip them.
2025-03-11 12:55:06 +0000  Skipping stripping extended attributes because the codesign step will strip them.
2025-03-11 12:55:06 +0000  Skipping stripping extended attributes because the codesign step will strip them.
2025-03-11 12:55:06 +0000  Skipping stripping extended attributes because the codesign step will strip them.
2025-03-11 12:55:06 +0000  Skipping stripping extended attributes because the codesign step will strip them.
2025-03-11 12:55:06 +0000  Skipping stripping extended attributes because the codesign step will strip them.
2025-03-11 12:55:06 +0000  Skipping stripping extended attributes because the codesign step will strip them.
2025-03-11 12:55:06 +0000  Skipping stripping extended attributes because the codesign step will strip them.
2025-03-11 12:55:06 +0000  Skipping stripping extended attributes because the codesign step will strip them.
2025-03-11 12:55:06 +0000  Skipping stripping extended attributes because the codesign step will strip them.
2025-03-11 12:55:06 +0000  Processing step: IDEDistributionCodesignStep
2025-03-11 12:55:06 +0000  Entitlements for <IDEDistributionItem: 0x6000385845a0; bundleID='org.cocoapods.DropDown', path='<DVTFilePath:0x60004c40e450:'/Users/ankitkhanna/Library/Developer/Xcode/Archives/2025-03-11/linphone 11-03-25, 6.04 PM.xcarchive/Products/Applications/linphone.app/Frameworks/DropDown.framework'>', codeSigningInfo='<_DVTCodeSigningInformation_Path: 0x60004896d1d0; isSigned='1', isAdHocSigned='0', signingCertificate='<DVTSigningCertificate: 0x600041ac58c0; name='Apple Development: Vaibhav Joon (R9939LLQHL)', hash='0D7F38274E3A9933A6AC531D4F9A199594391C24', serialNumber='4117F25914D6F4FD51FCEA063A3FDDB7', certificateKinds='(
    "1.2.840.113635.100.6.1.12",
    "1.2.840.113635.100.6.1.2"
), issueDate='2025-01-09 04:16:03 +0000''>', entitlements='(null)', teamID='X9NQ6V288C', identifier='org.cocoapods.DropDown', executablePath='<DVTFilePath:0x60005c553a20:'/Users/ankitkhanna/Library/Developer/Xcode/Archives/2025-03-11/linphone 11-03-25, 6.04 PM.xcarchive/Products/Applications/linphone.app/Frameworks/DropDown.framework/DropDown'>', hardenedRuntime='0'>'>: {
}
2025-03-11 12:55:06 +0000  Associated App Clip Identifiers Filter: Skipping because "com.apple.developer.associated-appclip-app-identifiers" is not present
2025-03-11 12:55:06 +0000  Entitlements for <IDEDistributionItem: 0x6000385845a0; bundleID='org.cocoapods.DropDown', path='<DVTFilePath:0x60004c40e450:'/Users/ankitkhanna/Library/Developer/Xcode/Archives/2025-03-11/linphone 11-03-25, 6.04 PM.xcarchive/Products/Applications/linphone.app/Frameworks/DropDown.framework'>', codeSigningInfo='<_DVTCodeSigningInformation_Path: 0x60004896d1d0; isSigned='1', isAdHocSigned='0', signingCertificate='<DVTSigningCertificate: 0x600041ac4fc0; name='Apple Development: Vaibhav Joon (R9939LLQHL)', hash='0D7F38274E3A9933A6AC531D4F9A199594391C24', serialNumber='4117F25914D6F4FD51FCEA063A3FDDB7', certificateKinds='(
    "1.2.840.113635.100.6.1.12",
    "1.2.840.113635.100.6.1.2"
), issueDate='2025-01-09 04:16:03 +0000''>', entitlements='(null)', teamID='X9NQ6V288C', identifier='org.cocoapods.DropDown', executablePath='<DVTFilePath:0x60005c553a20:'/Users/ankitkhanna/Library/Developer/Xcode/Archives/2025-03-11/linphone 11-03-25, 6.04 PM.xcarchive/Products/Applications/linphone.app/Frameworks/DropDown.framework/DropDown'>', hardenedRuntime='0'>'> are: {
}
2025-03-11 12:55:06 +0000  Writing entitlements for <IDEDistributionItem: 0x6000385845a0; bundleID='org.cocoapods.DropDown', path='<DVTFilePath:0x60004c40e450:'/Users/ankitkhanna/Library/Developer/Xcode/Archives/2025-03-11/linphone 11-03-25, 6.04 PM.xcarchive/Products/Applications/linphone.app/Frameworks/DropDown.framework'>', codeSigningInfo='<_DVTCodeSigningInformation_Path: 0x60004896d1d0; isSigned='1', isAdHocSigned='0', signingCertificate='<DVTSigningCertificate: 0x600041ac7540; name='Apple Development: Vaibhav Joon (R9939LLQHL)', hash='0D7F38274E3A9933A6AC531D4F9A199594391C24', serialNumber='4117F25914D6F4FD51FCEA063A3FDDB7', certificateKinds='(
    "1.2.840.113635.100.6.1.12",
    "1.2.840.113635.100.6.1.2"
), issueDate='2025-01-09 04:16:03 +0000''>', entitlements='(null)', teamID='X9NQ6V288C', identifier='org.cocoapods.DropDown', executablePath='<DVTFilePath:0x60005c553a20:'/Users/ankitkhanna/Library/Developer/Xcode/Archives/2025-03-11/linphone 11-03-25, 6.04 PM.xcarchive/Products/Applications/linphone.app/Frameworks/DropDown.framework/DropDown'>', hardenedRuntime='0'>'> to: /var/folders/xb/n6m0jmkx2yg22l7w31b445x40000gn/T/XcodeDistPipeline.~~~Joah3C/entitlements~~~eYZ5NH
2025-03-11 12:55:06 +0000  invoking codesign: <NSConcreteTask: 0x6000488e54f0; launchPath='/usr/bin/codesign', arguments='(
    "-f",
    "-s",
    0D7F38274E3A9933A6AC531D4F9A199594391C24,
    "--entitlements",
    "/var/folders/xb/n6m0jmkx2yg22l7w31b445x40000gn/T/XcodeDistPipeline.~~~Joah3C/entitlements~~~eYZ5NH",
    "--preserve-metadata=identifier,flags,runtime",
    "--generate-entitlement-der",
    "--strip-disallowed-xattrs",
    "-vvv",
    "/var/folders/xb/n6m0jmkx2yg22l7w31b445x40000gn/T/XcodeDistPipeline.~~~Joah3C/Root/Payload/linphone.app/Frameworks/DropDown.framework"
)'>
2025-03-11 12:55:06 +0000  codesign output: /var/folders/xb/n6m0jmkx2yg22l7w31b445x40000gn/T/XcodeDistPipeline.~~~Joah3C/Root/Payload/linphone.app/Frameworks/DropDown.framework: replacing existing signature
/var/folders/xb/n6m0jmkx2yg22l7w31b445x40000gn/T/XcodeDistPipeline.~~~Joah3C/Root/Payload/linphone.app/Frameworks/DropDown.framework: signed bundle with Mach-O thin (arm64) [org.cocoapods.DropDown]
2025-03-11 12:55:06 +0000  Entitlements for <IDEDistributionItem: 0x600038598240; bundleID='org.cocoapods.EmojiPicker', path='<DVTFilePath:0x60004c40e6f0:'/Users/ankitkhanna/Library/Developer/Xcode/Archives/2025-03-11/linphone 11-03-25, 6.04 PM.xcarchive/Products/Applications/linphone.app/Frameworks/EmojiPicker.framework'>', codeSigningInfo='<_DVTCodeSigningInformation_Path: 0x6000489954f0; isSigned='1', isAdHocSigned='0', signingCertificate='<DVTSigningCertificate: 0x600041ad3240; name='Apple Development: Vaibhav Joon (R9939LLQHL)', hash='0D7F38274E3A9933A6AC531D4F9A199594391C24', serialNumber='4117F25914D6F4FD51FCEA063A3FDDB7', certificateKinds='(
    "1.2.840.113635.100.6.1.12",
    "1.2.840.113635.100.6.1.2"
), issueDate='2025-01-09 04:16:03 +0000''>', entitlements='(null)', teamID='X9NQ6V288C', identifier='org.cocoapods.EmojiPicker', executablePath='<DVTFilePath:0x60005c5535a0:'/Users/ankitkhanna/Library/Developer/Xcode/Archives/2025-03-11/linphone 11-03-25, 6.04 PM.xcarchive/Products/Applications/linphone.app/Frameworks/EmojiPicker.framework/EmojiPicker'>', hardenedRuntime='0'>'>: {
}
2025-03-11 12:55:06 +0000  Associated App Clip Identifiers Filter: Skipping because "com.apple.developer.associated-appclip-app-identifiers" is not present
2025-03-11 12:55:06 +0000  Entitlements for <IDEDistributionItem: 0x600038598240; bundleID='org.cocoapods.EmojiPicker', path='<DVTFilePath:0x60004c40e6f0:'/Users/ankitkhanna/Library/Developer/Xcode/Archives/2025-03-11/linphone 11-03-25, 6.04 PM.xcarchive/Products/Applications/linphone.app/Frameworks/EmojiPicker.framework'>', codeSigningInfo='<_DVTCodeSigningInformation_Path: 0x6000489954f0; isSigned='1', isAdHocSigned='0', signingCertificate='<DVTSigningCertificate: 0x600041ad3540; name='Apple Development: Vaibhav Joon (R9939LLQHL)', hash='0D7F38274E3A9933A6AC531D4F9A199594391C24', serialNumber='4117F25914D6F4FD51FCEA063A3FDDB7', certificateKinds='(
    "1.2.840.113635.100.6.1.12",
    "1.2.840.113635.100.6.1.2"
), issueDate='2025-01-09 04:16:03 +0000''>', entitlements='(null)', teamID='X9NQ6V288C', identifier='org.cocoapods.EmojiPicker', executablePath='<DVTFilePath:0x60005c5535a0:'/Users/ankitkhanna/Library/Developer/Xcode/Archives/2025-03-11/linphone 11-03-25, 6.04 PM.xcarchive/Products/Applications/linphone.app/Frameworks/EmojiPicker.framework/EmojiPicker'>', hardenedRuntime='0'>'> are: {
}
2025-03-11 12:55:06 +0000  Writing entitlements for <IDEDistributionItem: 0x600038598240; bundleID='org.cocoapods.EmojiPicker', path='<DVTFilePath:0x60004c40e6f0:'/Users/ankitkhanna/Library/Developer/Xcode/Archives/2025-03-11/linphone 11-03-25, 6.04 PM.xcarchive/Products/Applications/linphone.app/Frameworks/EmojiPicker.framework'>', codeSigningInfo='<_DVTCodeSigningInformation_Path: 0x6000489954f0; isSigned='1', isAdHocSigned='0', signingCertificate='<DVTSigningCertificate: 0x600041ad3e40; name='Apple Development: Vaibhav Joon (R9939LLQHL)', hash='0D7F38274E3A9933A6AC531D4F9A199594391C24', serialNumber='4117F25914D6F4FD51FCEA063A3FDDB7', certificateKinds='(
    "1.2.840.113635.100.6.1.12",
    "1.2.840.113635.100.6.1.2"
), issueDate='2025-01-09 04:16:03 +0000''>', entitlements='(null)', teamID='X9NQ6V288C', identifier='org.cocoapods.EmojiPicker', executablePath='<DVTFilePath:0x60005c5535a0:'/Users/ankitkhanna/Library/Developer/Xcode/Archives/2025-03-11/linphone 11-03-25, 6.04 PM.xcarchive/Products/Applications/linphone.app/Frameworks/EmojiPicker.framework/EmojiPicker'>', hardenedRuntime='0'>'> to: /var/folders/xb/n6m0jmkx2yg22l7w31b445x40000gn/T/XcodeDistPipeline.~~~Joah3C/entitlements~~~GDSdUT
2025-03-11 12:55:06 +0000  invoking codesign: <NSConcreteTask: 0x600048ff8eb0; launchPath='/usr/bin/codesign', arguments='(
    "-f",
    "-s",
    0D7F38274E3A9933A6AC531D4F9A199594391C24,
    "--entitlements",
    "/var/folders/xb/n6m0jmkx2yg22l7w31b445x40000gn/T/XcodeDistPipeline.~~~Joah3C/entitlements~~~GDSdUT",
    "--preserve-metadata=identifier,flags,runtime",
    "--generate-entitlement-der",
    "--strip-disallowed-xattrs",
    "-vvv",
    "/var/folders/xb/n6m0jmkx2yg22l7w31b445x40000gn/T/XcodeDistPipeline.~~~Joah3C/Root/Payload/linphone.app/Frameworks/EmojiPicker.framework"
)'>
2025-03-11 12:55:06 +0000  codesign output: /var/folders/xb/n6m0jmkx2yg22l7w31b445x40000gn/T/XcodeDistPipeline.~~~Joah3C/Root/Payload/linphone.app/Frameworks/EmojiPicker.framework: replacing existing signature
/var/folders/xb/n6m0jmkx2yg22l7w31b445x40000gn/T/XcodeDistPipeline.~~~Joah3C/Root/Payload/linphone.app/Frameworks/EmojiPicker.framework: signed bundle with Mach-O thin (arm64) [org.cocoapods.EmojiPicker]
2025-03-11 12:55:06 +0000  Entitlements for <IDEDistributionItem: 0x600038585c80; bundleID='org.cocoapods.FirebaseFirestoreInternal', path='<DVTFilePath:0x60004c134100:'/Users/ankitkhanna/Library/Developer/Xcode/Archives/2025-03-11/linphone 11-03-25, 6.04 PM.xcarchive/Products/Applications/linphone.app/Frameworks/FirebaseFirestoreInternal.framework'>', codeSigningInfo='<_DVTCodeSigningInformation_Path: 0x600048950d20; isSigned='1', isAdHocSigned='0', signingCertificate='<DVTSigningCertificate: 0x600041ac4fc0; name='Apple Development: Vaibhav Joon (R9939LLQHL)', hash='0D7F38274E3A9933A6AC531D4F9A199594391C24', serialNumber='4117F25914D6F4FD51FCEA063A3FDDB7', certificateKinds='(
    "1.2.840.113635.100.6.1.12",
    "1.2.840.113635.100.6.1.2"
), issueDate='2025-01-09 04:16:03 +0000''>', entitlements='(null)', teamID='X9NQ6V288C', identifier='org.cocoapods.FirebaseFirestoreInternal', executablePath='<DVTFilePath:0x60004c40ebc0:'/Users/ankitkhanna/Library/Developer/Xcode/Archives/2025-03-11/linphone 11-03-25, 6.04 PM.xcarchive/Products/Applications/linphone.app/Frameworks/FirebaseFirestoreInternal.framework/FirebaseFirestoreInternal'>', hardenedRuntime='0'>'>: {
}
2025-03-11 12:55:06 +0000  Associated App Clip Identifiers Filter: Skipping because "com.apple.developer.associated-appclip-app-identifiers" is not present
2025-03-11 12:55:06 +0000  Entitlements for <IDEDistributionItem: 0x600038585c80; bundleID='org.cocoapods.FirebaseFirestoreInternal', path='<DVTFilePath:0x60004c134100:'/Users/ankitkhanna/Library/Developer/Xcode/Archives/2025-03-11/linphone 11-03-25, 6.04 PM.xcarchive/Products/Applications/linphone.app/Frameworks/FirebaseFirestoreInternal.framework'>', codeSigningInfo='<_DVTCodeSigningInformation_Path: 0x600048950d20; isSigned='1', isAdHocSigned='0', signingCertificate='<DVTSigningCertificate: 0x600041ac7540; name='Apple Development: Vaibhav Joon (R9939LLQHL)', hash='0D7F38274E3A9933A6AC531D4F9A199594391C24', serialNumber='4117F25914D6F4FD51FCEA063A3FDDB7', certificateKinds='(
    "1.2.840.113635.100.6.1.12",
    "1.2.840.113635.100.6.1.2"
), issueDate='2025-01-09 04:16:03 +0000''>', entitlements='(null)', teamID='X9NQ6V288C', identifier='org.cocoapods.FirebaseFirestoreInternal', executablePath='<DVTFilePath:0x60004c40ebc0:'/Users/ankitkhanna/Library/Developer/Xcode/Archives/2025-03-11/linphone 11-03-25, 6.04 PM.xcarchive/Products/Applications/linphone.app/Frameworks/FirebaseFirestoreInternal.framework/FirebaseFirestoreInternal'>', hardenedRuntime='0'>'> are: {
}
2025-03-11 12:55:06 +0000  Writing entitlements for <IDEDistributionItem: 0x600038585c80; bundleID='org.cocoapods.FirebaseFirestoreInternal', path='<DVTFilePath:0x60004c134100:'/Users/ankitkhanna/Library/Developer/Xcode/Archives/2025-03-11/linphone 11-03-25, 6.04 PM.xcarchive/Products/Applications/linphone.app/Frameworks/FirebaseFirestoreInternal.framework'>', codeSigningInfo='<_DVTCodeSigningInformation_Path: 0x600048950d20; isSigned='1', isAdHocSigned='0', signingCertificate='<DVTSigningCertificate: 0x600041ad3540; name='Apple Development: Vaibhav Joon (R9939LLQHL)', hash='0D7F38274E3A9933A6AC531D4F9A199594391C24', serialNumber='4117F25914D6F4FD51FCEA063A3FDDB7', certificateKinds='(
    "1.2.840.113635.100.6.1.12",
    "1.2.840.113635.100.6.1.2"
), issueDate='2025-01-09 04:16:03 +0000''>', entitlements='(null)', teamID='X9NQ6V288C', identifier='org.cocoapods.FirebaseFirestoreInternal', executablePath='<DVTFilePath:0x60004c40ebc0:'/Users/ankitkhanna/Library/Developer/Xcode/Archives/2025-03-11/linphone 11-03-25, 6.04 PM.xcarchive/Products/Applications/linphone.app/Frameworks/FirebaseFirestoreInternal.framework/FirebaseFirestoreInternal'>', hardenedRuntime='0'>'> to: /var/folders/xb/n6m0jmkx2yg22l7w31b445x40000gn/T/XcodeDistPipeline.~~~Joah3C/entitlements~~~svpghu
2025-03-11 12:55:06 +0000  invoking codesign: <NSConcreteTask: 0x600048ff4fa0; launchPath='/usr/bin/codesign', arguments='(
    "-f",
    "-s",
    0D7F38274E3A9933A6AC531D4F9A199594391C24,
    "--entitlements",
    "/var/folders/xb/n6m0jmkx2yg22l7w31b445x40000gn/T/XcodeDistPipeline.~~~Joah3C/entitlements~~~svpghu",
    "--preserve-metadata=identifier,flags,runtime",
    "--generate-entitlement-der",
    "--strip-disallowed-xattrs",
    "-vvv",
    "/var/folders/xb/n6m0jmkx2yg22l7w31b445x40000gn/T/XcodeDistPipeline.~~~Joah3C/Root/Payload/linphone.app/Frameworks/FirebaseFirestoreInternal.framework"
)'>
2025-03-11 12:55:06 +0000  codesign output: /var/folders/xb/n6m0jmkx2yg22l7w31b445x40000gn/T/XcodeDistPipeline.~~~Joah3C/Root/Payload/linphone.app/Frameworks/FirebaseFirestoreInternal.framework: replacing existing signature
/var/folders/xb/n6m0jmkx2yg22l7w31b445x40000gn/T/XcodeDistPipeline.~~~Joah3C/Root/Payload/linphone.app/Frameworks/FirebaseFirestoreInternal.framework: signed bundle with Mach-O universal (arm64) [org.cocoapods.FirebaseFirestoreInternal]
2025-03-11 12:55:06 +0000  Entitlements for <IDEDistributionItem: 0x600038584360; bundleID='org.cocoapods.IQKeyboardManager', path='<DVTFilePath:0x60004c409810:'/Users/ankitkhanna/Library/Developer/Xcode/Archives/2025-03-11/linphone 11-03-25, 6.04 PM.xcarchive/Products/Applications/linphone.app/Frameworks/IQKeyboardManager.framework'>', codeSigningInfo='<_DVTCodeSigningInformation_Path: 0x60004896d180; isSigned='1', isAdHocSigned='0', signingCertificate='<DVTSigningCertificate: 0x600041ac4fc0; name='Apple Development: Vaibhav Joon (R9939LLQHL)', hash='0D7F38274E3A9933A6AC531D4F9A199594391C24', serialNumber='4117F25914D6F4FD51FCEA063A3FDDB7', certificateKinds='(
    "1.2.840.113635.100.6.1.12",
    "1.2.840.113635.100.6.1.2"
), issueDate='2025-01-09 04:16:03 +0000''>', entitlements='(null)', teamID='X9NQ6V288C', identifier='org.cocoapods.IQKeyboardManager', executablePath='<DVTFilePath:0x60004c409960:'/Users/ankitkhanna/Library/Developer/Xcode/Archives/2025-03-11/linphone 11-03-25, 6.04 PM.xcarchive/Products/Applications/linphone.app/Frameworks/IQKeyboardManager.framework/IQKeyboardManager'>', hardenedRuntime='0'>'>: {
}
2025-03-11 12:55:06 +0000  Associated App Clip Identifiers Filter: Skipping because "com.apple.developer.associated-appclip-app-identifiers" is not present
2025-03-11 12:55:06 +0000  Entitlements for <IDEDistributionItem: 0x600038584360; bundleID='org.cocoapods.IQKeyboardManager', path='<DVTFilePath:0x60004c409810:'/Users/ankitkhanna/Library/Developer/Xcode/Archives/2025-03-11/linphone 11-03-25, 6.04 PM.xcarchive/Products/Applications/linphone.app/Frameworks/IQKeyboardManager.framework'>', codeSigningInfo='<_DVTCodeSigningInformation_Path: 0x60004896d180; isSigned='1', isAdHocSigned='0', signingCertificate='<DVTSigningCertificate: 0x600041ac7540; name='Apple Development: Vaibhav Joon (R9939LLQHL)', hash='0D7F38274E3A9933A6AC531D4F9A199594391C24', serialNumber='4117F25914D6F4FD51FCEA063A3FDDB7', certificateKinds='(
    "1.2.840.113635.100.6.1.12",
    "1.2.840.113635.100.6.1.2"
), issueDate='2025-01-09 04:16:03 +0000''>', entitlements='(null)', teamID='X9NQ6V288C', identifier='org.cocoapods.IQKeyboardManager', executablePath='<DVTFilePath:0x60004c409960:'/Users/ankitkhanna/Library/Developer/Xcode/Archives/2025-03-11/linphone 11-03-25, 6.04 PM.xcarchive/Products/Applications/linphone.app/Frameworks/IQKeyboardManager.framework/IQKeyboardManager'>', hardenedRuntime='0'>'> are: {
}
2025-03-11 12:55:06 +0000  Writing entitlements for <IDEDistributionItem: 0x600038584360; bundleID='org.cocoapods.IQKeyboardManager', path='<DVTFilePath:0x60004c409810:'/Users/ankitkhanna/Library/Developer/Xcode/Archives/2025-03-11/linphone 11-03-25, 6.04 PM.xcarchive/Products/Applications/linphone.app/Frameworks/IQKeyboardManager.framework'>', codeSigningInfo='<_DVTCodeSigningInformation_Path: 0x60004896d180; isSigned='1', isAdHocSigned='0', signingCertificate='<DVTSigningCertificate: 0x600041ac58c0; name='Apple Development: Vaibhav Joon (R9939LLQHL)', hash='0D7F38274E3A9933A6AC531D4F9A199594391C24', serialNumber='4117F25914D6F4FD51FCEA063A3FDDB7', certificateKinds='(
    "1.2.840.113635.100.6.1.12",
    "1.2.840.113635.100.6.1.2"
), issueDate='2025-01-09 04:16:03 +0000''>', entitlements='(null)', teamID='X9NQ6V288C', identifier='org.cocoapods.IQKeyboardManager', executablePath='<DVTFilePath:0x60004c409960:'/Users/ankitkhanna/Library/Developer/Xcode/Archives/2025-03-11/linphone 11-03-25, 6.04 PM.xcarchive/Products/Applications/linphone.app/Frameworks/IQKeyboardManager.framework/IQKeyboardManager'>', hardenedRuntime='0'>'> to: /var/folders/xb/n6m0jmkx2yg22l7w31b445x40000gn/T/XcodeDistPipeline.~~~Joah3C/entitlements~~~uPiMNO
2025-03-11 12:55:06 +0000  invoking codesign: <NSConcreteTask: 0x600048f82da0; launchPath='/usr/bin/codesign', arguments='(
    "-f",
    "-s",
    0D7F38274E3A9933A6AC531D4F9A199594391C24,
    "--entitlements",
    "/var/folders/xb/n6m0jmkx2yg22l7w31b445x40000gn/T/XcodeDistPipeline.~~~Joah3C/entitlements~~~uPiMNO",
    "--preserve-metadata=identifier,flags,runtime",
    "--generate-entitlement-der",
    "--strip-disallowed-xattrs",
    "-vvv",
    "/var/folders/xb/n6m0jmkx2yg22l7w31b445x40000gn/T/XcodeDistPipeline.~~~Joah3C/Root/Payload/linphone.app/Frameworks/IQKeyboardManager.framework"
)'>
2025-03-11 12:55:06 +0000  codesign output: /var/folders/xb/n6m0jmkx2yg22l7w31b445x40000gn/T/XcodeDistPipeline.~~~Joah3C/Root/Payload/linphone.app/Frameworks/IQKeyboardManager.framework: replacing existing signature
/var/folders/xb/n6m0jmkx2yg22l7w31b445x40000gn/T/XcodeDistPipeline.~~~Joah3C/Root/Payload/linphone.app/Frameworks/IQKeyboardManager.framework: signed bundle with Mach-O thin (arm64) [org.cocoapods.IQKeyboardManager]
2025-03-11 12:55:06 +0000  Entitlements for <IDEDistributionItem: 0x600038586340; bundleID='org.cocoapods.SVProgressHUD', path='<DVTFilePath:0x60004c40a8b0:'/Users/ankitkhanna/Library/Developer/Xcode/Archives/2025-03-11/linphone 11-03-25, 6.04 PM.xcarchive/Products/Applications/linphone.app/Frameworks/SVProgressHUD.framework'>', codeSigningInfo='<_DVTCodeSigningInformation_Path: 0x600048951f40; isSigned='1', isAdHocSigned='0', signingCertificate='<DVTSigningCertificate: 0x600041ad3c00; name='Apple Development: Vaibhav Joon (R9939LLQHL)', hash='0D7F38274E3A9933A6AC531D4F9A199594391C24', serialNumber='4117F25914D6F4FD51FCEA063A3FDDB7', certificateKinds='(
    "1.2.840.113635.100.6.1.12",
    "1.2.840.113635.100.6.1.2"
), issueDate='2025-01-09 04:16:03 +0000''>', entitlements='(null)', teamID='X9NQ6V288C', identifier='org.cocoapods.SVProgressHUD', executablePath='<DVTFilePath:0x60005c55e760:'/Users/ankitkhanna/Library/Developer/Xcode/Archives/2025-03-11/linphone 11-03-25, 6.04 PM.xcarchive/Products/Applications/linphone.app/Frameworks/SVProgressHUD.framework/SVProgressHUD'>', hardenedRuntime='0'>'>: {
}
2025-03-11 12:55:06 +0000  Associated App Clip Identifiers Filter: Skipping because "com.apple.developer.associated-appclip-app-identifiers" is not present
2025-03-11 12:55:06 +0000  Entitlements for <IDEDistributionItem: 0x600038586340; bundleID='org.cocoapods.SVProgressHUD', path='<DVTFilePath:0x60004c40a8b0:'/Users/ankitkhanna/Library/Developer/Xcode/Archives/2025-03-11/linphone 11-03-25, 6.04 PM.xcarchive/Products/Applications/linphone.app/Frameworks/SVProgressHUD.framework'>', codeSigningInfo='<_DVTCodeSigningInformation_Path: 0x600048951f40; isSigned='1', isAdHocSigned='0', signingCertificate='<DVTSigningCertificate: 0x600041ad3540; name='Apple Development: Vaibhav Joon (R9939LLQHL)', hash='0D7F38274E3A9933A6AC531D4F9A199594391C24', serialNumber='4117F25914D6F4FD51FCEA063A3FDDB7', certificateKinds='(
    "1.2.840.113635.100.6.1.12",
    "1.2.840.113635.100.6.1.2"
), issueDate='2025-01-09 04:16:03 +0000''>', entitlements='(null)', teamID='X9NQ6V288C', identifier='org.cocoapods.SVProgressHUD', executablePath='<DVTFilePath:0x60005c55e760:'/Users/ankitkhanna/Library/Developer/Xcode/Archives/2025-03-11/linphone 11-03-25, 6.04 PM.xcarchive/Products/Applications/linphone.app/Frameworks/SVProgressHUD.framework/SVProgressHUD'>', hardenedRuntime='0'>'> are: {
}
2025-03-11 12:55:06 +0000  Writing entitlements for <IDEDistributionItem: 0x600038586340; bundleID='org.cocoapods.SVProgressHUD', path='<DVTFilePath:0x60004c40a8b0:'/Users/ankitkhanna/Library/Developer/Xcode/Archives/2025-03-11/linphone 11-03-25, 6.04 PM.xcarchive/Products/Applications/linphone.app/Frameworks/SVProgressHUD.framework'>', codeSigningInfo='<_DVTCodeSigningInformation_Path: 0x600048951f40; isSigned='1', isAdHocSigned='0', signingCertificate='<DVTSigningCertificate: 0x600041ad3e40; name='Apple Development: Vaibhav Joon (R9939LLQHL)', hash='0D7F38274E3A9933A6AC531D4F9A199594391C24', serialNumber='4117F25914D6F4FD51FCEA063A3FDDB7', certificateKinds='(
    "1.2.840.113635.100.6.1.12",
    "1.2.840.113635.100.6.1.2"
), issueDate='2025-01-09 04:16:03 +0000''>', entitlements='(null)', teamID='X9NQ6V288C', identifier='org.cocoapods.SVProgressHUD', executablePath='<DVTFilePath:0x60005c55e760:'/Users/ankitkhanna/Library/Developer/Xcode/Archives/2025-03-11/linphone 11-03-25, 6.04 PM.xcarchive/Products/Applications/linphone.app/Frameworks/SVProgressHUD.framework/SVProgressHUD'>', hardenedRuntime='0'>'> to: /var/folders/xb/n6m0jmkx2yg22l7w31b445x40000gn/T/XcodeDistPipeline.~~~Joah3C/entitlements~~~MOWRuy
2025-03-11 12:55:06 +0000  invoking codesign: <NSConcreteTask: 0x600048f85900; launchPath='/usr/bin/codesign', arguments='(
    "-f",
    "-s",
    0D7F38274E3A9933A6AC531D4F9A199594391C24,
    "--entitlements",
    "/var/folders/xb/n6m0jmkx2yg22l7w31b445x40000gn/T/XcodeDistPipeline.~~~Joah3C/entitlements~~~MOWRuy",
    "--preserve-metadata=identifier,flags,runtime",
    "--generate-entitlement-der",
    "--strip-disallowed-xattrs",
    "-vvv",
    "/var/folders/xb/n6m0jmkx2yg22l7w31b445x40000gn/T/XcodeDistPipeline.~~~Joah3C/Root/Payload/linphone.app/Frameworks/SVProgressHUD.framework"
)'>
2025-03-11 12:55:06 +0000  codesign output: /var/folders/xb/n6m0jmkx2yg22l7w31b445x40000gn/T/XcodeDistPipeline.~~~Joah3C/Root/Payload/linphone.app/Frameworks/SVProgressHUD.framework: replacing existing signature
/var/folders/xb/n6m0jmkx2yg22l7w31b445x40000gn/T/XcodeDistPipeline.~~~Joah3C/Root/Payload/linphone.app/Frameworks/SVProgressHUD.framework: signed bundle with Mach-O thin (arm64) [org.cocoapods.SVProgressHUD]
2025-03-11 12:55:06 +0000  Entitlements for <IDEDistributionItem: 0x600038584f00; bundleID='org.cocoapods.SnapKit', path='<DVTFilePath:0x60004c40a6f0:'/Users/ankitkhanna/Library/Developer/Xcode/Archives/2025-03-11/linphone 11-03-25, 6.04 PM.xcarchive/Products/Applications/linphone.app/Frameworks/SnapKit.framework'>', codeSigningInfo='<_DVTCodeSigningInformation_Path: 0x600048952850; isSigned='1', isAdHocSigned='0', signingCertificate='<DVTSigningCertificate: 0x600041ac4fc0; name='Apple Development: Vaibhav Joon (R9939LLQHL)', hash='0D7F38274E3A9933A6AC531D4F9A199594391C24', serialNumber='4117F25914D6F4FD51FCEA063A3FDDB7', certificateKinds='(
    "1.2.840.113635.100.6.1.12",
    "1.2.840.113635.100.6.1.2"
), issueDate='2025-01-09 04:16:03 +0000''>', entitlements='(null)', teamID='X9NQ6V288C', identifier='org.cocoapods.SnapKit', executablePath='<DVTFilePath:0x60005c55ec40:'/Users/ankitkhanna/Library/Developer/Xcode/Archives/2025-03-11/linphone 11-03-25, 6.04 PM.xcarchive/Products/Applications/linphone.app/Frameworks/SnapKit.framework/SnapKit'>', hardenedRuntime='0'>'>: {
}
2025-03-11 12:55:06 +0000  Associated App Clip Identifiers Filter: Skipping because "com.apple.developer.associated-appclip-app-identifiers" is not present
2025-03-11 12:55:06 +0000  Entitlements for <IDEDistributionItem: 0x600038584f00; bundleID='org.cocoapods.SnapKit', path='<DVTFilePath:0x60004c40a6f0:'/Users/ankitkhanna/Library/Developer/Xcode/Archives/2025-03-11/linphone 11-03-25, 6.04 PM.xcarchive/Products/Applications/linphone.app/Frameworks/SnapKit.framework'>', codeSigningInfo='<_DVTCodeSigningInformation_Path: 0x600048952850; isSigned='1', isAdHocSigned='0', signingCertificate='<DVTSigningCertificate: 0x600041ac7540; name='Apple Development: Vaibhav Joon (R9939LLQHL)', hash='0D7F38274E3A9933A6AC531D4F9A199594391C24', serialNumber='4117F25914D6F4FD51FCEA063A3FDDB7', certificateKinds='(
    "1.2.840.113635.100.6.1.12",
    "1.2.840.113635.100.6.1.2"
), issueDate='2025-01-09 04:16:03 +0000''>', entitlements='(null)', teamID='X9NQ6V288C', identifier='org.cocoapods.SnapKit', executablePath='<DVTFilePath:0x60005c55ec40:'/Users/ankitkhanna/Library/Developer/Xcode/Archives/2025-03-11/linphone 11-03-25, 6.04 PM.xcarchive/Products/Applications/linphone.app/Frameworks/SnapKit.framework/SnapKit'>', hardenedRuntime='0'>'> are: {
}
2025-03-11 12:55:06 +0000  Writing entitlements for <IDEDistributionItem: 0x600038584f00; bundleID='org.cocoapods.SnapKit', path='<DVTFilePath:0x60004c40a6f0:'/Users/ankitkhanna/Library/Developer/Xcode/Archives/2025-03-11/linphone 11-03-25, 6.04 PM.xcarchive/Products/Applications/linphone.app/Frameworks/SnapKit.framework'>', codeSigningInfo='<_DVTCodeSigningInformation_Path: 0x600048952850; isSigned='1', isAdHocSigned='0', signingCertificate='<DVTSigningCertificate: 0x600041ad3c00; name='Apple Development: Vaibhav Joon (R9939LLQHL)', hash='0D7F38274E3A9933A6AC531D4F9A199594391C24', serialNumber='4117F25914D6F4FD51FCEA063A3FDDB7', certificateKinds='(
    "1.2.840.113635.100.6.1.12",
    "1.2.840.113635.100.6.1.2"
), issueDate='2025-01-09 04:16:03 +0000''>', entitlements='(null)', teamID='X9NQ6V288C', identifier='org.cocoapods.SnapKit', executablePath='<DVTFilePath:0x60005c55ec40:'/Users/ankitkhanna/Library/Developer/Xcode/Archives/2025-03-11/linphone 11-03-25, 6.04 PM.xcarchive/Products/Applications/linphone.app/Frameworks/SnapKit.framework/SnapKit'>', hardenedRuntime='0'>'> to: /var/folders/xb/n6m0jmkx2yg22l7w31b445x40000gn/T/XcodeDistPipeline.~~~Joah3C/entitlements~~~rRPBDr
2025-03-11 12:55:06 +0000  invoking codesign: <NSConcreteTask: 0x600048ffeb70; launchPath='/usr/bin/codesign', arguments='(
    "-f",
    "-s",
    0D7F38274E3A9933A6AC531D4F9A199594391C24,
    "--entitlements",
    "/var/folders/xb/n6m0jmkx2yg22l7w31b445x40000gn/T/XcodeDistPipeline.~~~Joah3C/entitlements~~~rRPBDr",
    "--preserve-metadata=identifier,flags,runtime",
    "--generate-entitlement-der",
    "--strip-disallowed-xattrs",
    "-vvv",
    "/var/folders/xb/n6m0jmkx2yg22l7w31b445x40000gn/T/XcodeDistPipeline.~~~Joah3C/Root/Payload/linphone.app/Frameworks/SnapKit.framework"
)'>
2025-03-11 12:55:06 +0000  codesign output: /var/folders/xb/n6m0jmkx2yg22l7w31b445x40000gn/T/XcodeDistPipeline.~~~Joah3C/Root/Payload/linphone.app/Frameworks/SnapKit.framework: replacing existing signature
/var/folders/xb/n6m0jmkx2yg22l7w31b445x40000gn/T/XcodeDistPipeline.~~~Joah3C/Root/Payload/linphone.app/Frameworks/SnapKit.framework: signed bundle with Mach-O thin (arm64) [org.cocoapods.SnapKit]
2025-03-11 12:55:06 +0000  Entitlements for <IDEDistributionItem: 0x6000385855c0; bundleID='org.cocoapods.SwipeCellKit', path='<DVTFilePath:0x60004c421420:'/Users/ankitkhanna/Library/Developer/Xcode/Archives/2025-03-11/linphone 11-03-25, 6.04 PM.xcarchive/Products/Applications/linphone.app/Frameworks/SwipeCellKit.framework'>', codeSigningInfo='<_DVTCodeSigningInformation_Path: 0x6000489523f0; isSigned='1', isAdHocSigned='0', signingCertificate='<DVTSigningCertificate: 0x600041ad3c00; name='Apple Development: Vaibhav Joon (R9939LLQHL)', hash='0D7F38274E3A9933A6AC531D4F9A199594391C24', serialNumber='4117F25914D6F4FD51FCEA063A3FDDB7', certificateKinds='(
    "1.2.840.113635.100.6.1.12",
    "1.2.840.113635.100.6.1.2"
), issueDate='2025-01-09 04:16:03 +0000''>', entitlements='(null)', teamID='X9NQ6V288C', identifier='org.cocoapods.SwipeCellKit', executablePath='<DVTFilePath:0x60005c55e400:'/Users/ankitkhanna/Library/Developer/Xcode/Archives/2025-03-11/linphone 11-03-25, 6.04 PM.xcarchive/Products/Applications/linphone.app/Frameworks/SwipeCellKit.framework/SwipeCellKit'>', hardenedRuntime='0'>'>: {
}
2025-03-11 12:55:06 +0000  Associated App Clip Identifiers Filter: Skipping because "com.apple.developer.associated-appclip-app-identifiers" is not present
2025-03-11 12:55:06 +0000  Entitlements for <IDEDistributionItem: 0x6000385855c0; bundleID='org.cocoapods.SwipeCellKit', path='<DVTFilePath:0x60004c421420:'/Users/ankitkhanna/Library/Developer/Xcode/Archives/2025-03-11/linphone 11-03-25, 6.04 PM.xcarchive/Products/Applications/linphone.app/Frameworks/SwipeCellKit.framework'>', codeSigningInfo='<_DVTCodeSigningInformation_Path: 0x6000489523f0; isSigned='1', isAdHocSigned='0', signingCertificate='<DVTSigningCertificate: 0x600041ad3e40; name='Apple Development: Vaibhav Joon (R9939LLQHL)', hash='0D7F38274E3A9933A6AC531D4F9A199594391C24', serialNumber='4117F25914D6F4FD51FCEA063A3FDDB7', certificateKinds='(
    "1.2.840.113635.100.6.1.12",
    "1.2.840.113635.100.6.1.2"
), issueDate='2025-01-09 04:16:03 +0000''>', entitlements='(null)', teamID='X9NQ6V288C', identifier='org.cocoapods.SwipeCellKit', executablePath='<DVTFilePath:0x60005c55e400:'/Users/ankitkhanna/Library/Developer/Xcode/Archives/2025-03-11/linphone 11-03-25, 6.04 PM.xcarchive/Products/Applications/linphone.app/Frameworks/SwipeCellKit.framework/SwipeCellKit'>', hardenedRuntime='0'>'> are: {
}
2025-03-11 12:55:06 +0000  Writing entitlements for <IDEDistributionItem: 0x6000385855c0; bundleID='org.cocoapods.SwipeCellKit', path='<DVTFilePath:0x60004c421420:'/Users/ankitkhanna/Library/Developer/Xcode/Archives/2025-03-11/linphone 11-03-25, 6.04 PM.xcarchive/Products/Applications/linphone.app/Frameworks/SwipeCellKit.framework'>', codeSigningInfo='<_DVTCodeSigningInformation_Path: 0x6000489523f0; isSigned='1', isAdHocSigned='0', signingCertificate='<DVTSigningCertificate: 0x600041ad3540; name='Apple Development: Vaibhav Joon (R9939LLQHL)', hash='0D7F38274E3A9933A6AC531D4F9A199594391C24', serialNumber='4117F25914D6F4FD51FCEA063A3FDDB7', certificateKinds='(
    "1.2.840.113635.100.6.1.12",
    "1.2.840.113635.100.6.1.2"
), issueDate='2025-01-09 04:16:03 +0000''>', entitlements='(null)', teamID='X9NQ6V288C', identifier='org.cocoapods.SwipeCellKit', executablePath='<DVTFilePath:0x60005c55e400:'/Users/ankitkhanna/Library/Developer/Xcode/Archives/2025-03-11/linphone 11-03-25, 6.04 PM.xcarchive/Products/Applications/linphone.app/Frameworks/SwipeCellKit.framework/SwipeCellKit'>', hardenedRuntime='0'>'> to: /var/folders/xb/n6m0jmkx2yg22l7w31b445x40000gn/T/XcodeDistPipeline.~~~Joah3C/entitlements~~~ZR8NEU
2025-03-11 12:55:06 +0000  invoking codesign: <NSConcreteTask: 0x600048ff8eb0; launchPath='/usr/bin/codesign', arguments='(
    "-f",
    "-s",
    0D7F38274E3A9933A6AC531D4F9A199594391C24,
    "--entitlements",
    "/var/folders/xb/n6m0jmkx2yg22l7w31b445x40000gn/T/XcodeDistPipeline.~~~Joah3C/entitlements~~~ZR8NEU",
    "--preserve-metadata=identifier,flags,runtime",
    "--generate-entitlement-der",
    "--strip-disallowed-xattrs",
    "-vvv",
    "/var/folders/xb/n6m0jmkx2yg22l7w31b445x40000gn/T/XcodeDistPipeline.~~~Joah3C/Root/Payload/linphone.app/Frameworks/SwipeCellKit.framework"
)'>
2025-03-11 12:55:07 +0000  codesign output: /var/folders/xb/n6m0jmkx2yg22l7w31b445x40000gn/T/XcodeDistPipeline.~~~Joah3C/Root/Payload/linphone.app/Frameworks/SwipeCellKit.framework: replacing existing signature
/var/folders/xb/n6m0jmkx2yg22l7w31b445x40000gn/T/XcodeDistPipeline.~~~Joah3C/Root/Payload/linphone.app/Frameworks/SwipeCellKit.framework: signed bundle with Mach-O thin (arm64) [org.cocoapods.SwipeCellKit]
2025-03-11 12:55:07 +0000  Entitlements for <IDEDistributionItem: 0x600038598420; bundleID='org.cocoapods.absl', path='<DVTFilePath:0x600038b63b40:'/Users/ankitkhanna/Library/Developer/Xcode/Archives/2025-03-11/linphone 11-03-25, 6.04 PM.xcarchive/Products/Applications/linphone.app/Frameworks/absl.framework'>', codeSigningInfo='<_DVTCodeSigningInformation_Path: 0x600048997610; isSigned='1', isAdHocSigned='0', signingCertificate='<DVTSigningCertificate: 0x600041ad3c00; name='Apple Development: Vaibhav Joon (R9939LLQHL)', hash='0D7F38274E3A9933A6AC531D4F9A199594391C24', serialNumber='4117F25914D6F4FD51FCEA063A3FDDB7', certificateKinds='(
    "1.2.840.113635.100.6.1.12",
    "1.2.840.113635.100.6.1.2"
), issueDate='2025-01-09 04:16:03 +0000''>', entitlements='(null)', teamID='X9NQ6V288C', identifier='org.cocoapods.absl', executablePath='<DVTFilePath:0x60005c5ac900:'/Users/ankitkhanna/Library/Developer/Xcode/Archives/2025-03-11/linphone 11-03-25, 6.04 PM.xcarchive/Products/Applications/linphone.app/Frameworks/absl.framework/absl'>', hardenedRuntime='0'>'>: {
}
2025-03-11 12:55:07 +0000  Associated App Clip Identifiers Filter: Skipping because "com.apple.developer.associated-appclip-app-identifiers" is not present
2025-03-11 12:55:07 +0000  Entitlements for <IDEDistributionItem: 0x600038598420; bundleID='org.cocoapods.absl', path='<DVTFilePath:0x600038b63b40:'/Users/ankitkhanna/Library/Developer/Xcode/Archives/2025-03-11/linphone 11-03-25, 6.04 PM.xcarchive/Products/Applications/linphone.app/Frameworks/absl.framework'>', codeSigningInfo='<_DVTCodeSigningInformation_Path: 0x600048997610; isSigned='1', isAdHocSigned='0', signingCertificate='<DVTSigningCertificate: 0x600041ad3e40; name='Apple Development: Vaibhav Joon (R9939LLQHL)', hash='0D7F38274E3A9933A6AC531D4F9A199594391C24', serialNumber='4117F25914D6F4FD51FCEA063A3FDDB7', certificateKinds='(
    "1.2.840.113635.100.6.1.12",
    "1.2.840.113635.100.6.1.2"
), issueDate='2025-01-09 04:16:03 +0000''>', entitlements='(null)', teamID='X9NQ6V288C', identifier='org.cocoapods.absl', executablePath='<DVTFilePath:0x60005c5ac900:'/Users/ankitkhanna/Library/Developer/Xcode/Archives/2025-03-11/linphone 11-03-25, 6.04 PM.xcarchive/Products/Applications/linphone.app/Frameworks/absl.framework/absl'>', hardenedRuntime='0'>'> are: {
}
2025-03-11 12:55:07 +0000  Writing entitlements for <IDEDistributionItem: 0x600038598420; bundleID='org.cocoapods.absl', path='<DVTFilePath:0x600038b63b40:'/Users/ankitkhanna/Library/Developer/Xcode/Archives/2025-03-11/linphone 11-03-25, 6.04 PM.xcarchive/Products/Applications/linphone.app/Frameworks/absl.framework'>', codeSigningInfo='<_DVTCodeSigningInformation_Path: 0x600048997610; isSigned='1', isAdHocSigned='0', signingCertificate='<DVTSigningCertificate: 0x600041ad3540; name='Apple Development: Vaibhav Joon (R9939LLQHL)', hash='0D7F38274E3A9933A6AC531D4F9A199594391C24', serialNumber='4117F25914D6F4FD51FCEA063A3FDDB7', certificateKinds='(
    "1.2.840.113635.100.6.1.12",
    "1.2.840.113635.100.6.1.2"
), issueDate='2025-01-09 04:16:03 +0000''>', entitlements='(null)', teamID='X9NQ6V288C', identifier='org.cocoapods.absl', executablePath='<DVTFilePath:0x60005c5ac900:'/Users/ankitkhanna/Library/Developer/Xcode/Archives/2025-03-11/linphone 11-03-25, 6.04 PM.xcarchive/Products/Applications/linphone.app/Frameworks/absl.framework/absl'>', hardenedRuntime='0'>'> to: /var/folders/xb/n6m0jmkx2yg22l7w31b445x40000gn/T/XcodeDistPipeline.~~~Joah3C/entitlements~~~SljwvY
2025-03-11 12:55:07 +0000  invoking codesign: <NSConcreteTask: 0x600048f84a50; launchPath='/usr/bin/codesign', arguments='(
    "-f",
    "-s",
    0D7F38274E3A9933A6AC531D4F9A199594391C24,
    "--entitlements",
    "/var/folders/xb/n6m0jmkx2yg22l7w31b445x40000gn/T/XcodeDistPipeline.~~~Joah3C/entitlements~~~SljwvY",
    "--preserve-metadata=identifier,flags,runtime",
    "--generate-entitlement-der",
    "--strip-disallowed-xattrs",
    "-vvv",
    "/var/folders/xb/n6m0jmkx2yg22l7w31b445x40000gn/T/XcodeDistPipeline.~~~Joah3C/Root/Payload/linphone.app/Frameworks/absl.framework"
)'>
2025-03-11 12:55:07 +0000  codesign output: /var/folders/xb/n6m0jmkx2yg22l7w31b445x40000gn/T/XcodeDistPipeline.~~~Joah3C/Root/Payload/linphone.app/Frameworks/absl.framework: replacing existing signature
/var/folders/xb/n6m0jmkx2yg22l7w31b445x40000gn/T/XcodeDistPipeline.~~~Joah3C/Root/Payload/linphone.app/Frameworks/absl.framework: signed bundle with Mach-O universal (arm64) [org.cocoapods.absl]
2025-03-11 12:55:07 +0000  Entitlements for <IDEDistributionItem: 0x600038586be0; bundleID='org.linphone.bctoolbox-ios', path='<DVTFilePath:0x60004c41df10:'/Users/ankitkhanna/Library/Developer/Xcode/Archives/2025-03-11/linphone 11-03-25, 6.04 PM.xcarchive/Products/Applications/linphone.app/Frameworks/bctoolbox-ios.framework'>', codeSigningInfo='<_DVTCodeSigningInformation_Path: 0x6000489bd220; isSigned='1', isAdHocSigned='0', signingCertificate='<DVTSigningCertificate: 0x600041ac4fc0; name='Apple Development: Vaibhav Joon (R9939LLQHL)', hash='0D7F38274E3A9933A6AC531D4F9A199594391C24', serialNumber='4117F25914D6F4FD51FCEA063A3FDDB7', certificateKinds='(
    "1.2.840.113635.100.6.1.12",
    "1.2.840.113635.100.6.1.2"
), issueDate='2025-01-09 04:16:03 +0000''>', entitlements='(null)', teamID='X9NQ6V288C', identifier='org.linphone.bctoolbox-ios', executablePath='<DVTFilePath:0x60005ca04d80:'/Users/ankitkhanna/Library/Developer/Xcode/Archives/2025-03-11/linphone 11-03-25, 6.04 PM.xcarchive/Products/Applications/linphone.app/Frameworks/bctoolbox-ios.framework/bctoolbox-ios'>', hardenedRuntime='0'>'>: {
}
2025-03-11 12:55:07 +0000  Associated App Clip Identifiers Filter: Skipping because "com.apple.developer.associated-appclip-app-identifiers" is not present
2025-03-11 12:55:07 +0000  Entitlements for <IDEDistributionItem: 0x600038586be0; bundleID='org.linphone.bctoolbox-ios', path='<DVTFilePath:0x60004c41df10:'/Users/ankitkhanna/Library/Developer/Xcode/Archives/2025-03-11/linphone 11-03-25, 6.04 PM.xcarchive/Products/Applications/linphone.app/Frameworks/bctoolbox-ios.framework'>', codeSigningInfo='<_DVTCodeSigningInformation_Path: 0x6000489bd220; isSigned='1', isAdHocSigned='0', signingCertificate='<DVTSigningCertificate: 0x600041ac58c0; name='Apple Development: Vaibhav Joon (R9939LLQHL)', hash='0D7F38274E3A9933A6AC531D4F9A199594391C24', serialNumber='4117F25914D6F4FD51FCEA063A3FDDB7', certificateKinds='(
    "1.2.840.113635.100.6.1.12",
    "1.2.840.113635.100.6.1.2"
), issueDate='2025-01-09 04:16:03 +0000''>', entitlements='(null)', teamID='X9NQ6V288C', identifier='org.linphone.bctoolbox-ios', executablePath='<DVTFilePath:0x60005ca04d80:'/Users/ankitkhanna/Library/Developer/Xcode/Archives/2025-03-11/linphone 11-03-25, 6.04 PM.xcarchive/Products/Applications/linphone.app/Frameworks/bctoolbox-ios.framework/bctoolbox-ios'>', hardenedRuntime='0'>'> are: {
}
2025-03-11 12:55:07 +0000  Writing entitlements for <IDEDistributionItem: 0x600038586be0; bundleID='org.linphone.bctoolbox-ios', path='<DVTFilePath:0x60004c41df10:'/Users/ankitkhanna/Library/Developer/Xcode/Archives/2025-03-11/linphone 11-03-25, 6.04 PM.xcarchive/Products/Applications/linphone.app/Frameworks/bctoolbox-ios.framework'>', codeSigningInfo='<_DVTCodeSigningInformation_Path: 0x6000489bd220; isSigned='1', isAdHocSigned='0', signingCertificate='<DVTSigningCertificate: 0x600041ad3c00; name='Apple Development: Vaibhav Joon (R9939LLQHL)', hash='0D7F38274E3A9933A6AC531D4F9A199594391C24', serialNumber='4117F25914D6F4FD51FCEA063A3FDDB7', certificateKinds='(
    "1.2.840.113635.100.6.1.12",
    "1.2.840.113635.100.6.1.2"
), issueDate='2025-01-09 04:16:03 +0000''>', entitlements='(null)', teamID='X9NQ6V288C', identifier='org.linphone.bctoolbox-ios', executablePath='<DVTFilePath:0x60005ca04d80:'/Users/ankitkhanna/Library/Developer/Xcode/Archives/2025-03-11/linphone 11-03-25, 6.04 PM.xcarchive/Products/Applications/linphone.app/Frameworks/bctoolbox-ios.framework/bctoolbox-ios'>', hardenedRuntime='0'>'> to: /var/folders/xb/n6m0jmkx2yg22l7w31b445x40000gn/T/XcodeDistPipeline.~~~Joah3C/entitlements~~~faTRkL
2025-03-11 12:55:07 +0000  invoking codesign: <NSConcreteTask: 0x600048ffeb70; launchPath='/usr/bin/codesign', arguments='(
    "-f",
    "-s",
    0D7F38274E3A9933A6AC531D4F9A199594391C24,
    "--entitlements",
    "/var/folders/xb/n6m0jmkx2yg22l7w31b445x40000gn/T/XcodeDistPipeline.~~~Joah3C/entitlements~~~faTRkL",
    "--preserve-metadata=identifier,flags,runtime",
    "--generate-entitlement-der",
    "--strip-disallowed-xattrs",
    "-vvv",
    "/var/folders/xb/n6m0jmkx2yg22l7w31b445x40000gn/T/XcodeDistPipeline.~~~Joah3C/Root/Payload/linphone.app/Frameworks/bctoolbox-ios.framework"
)'>
2025-03-11 12:55:07 +0000  codesign output: /var/folders/xb/n6m0jmkx2yg22l7w31b445x40000gn/T/XcodeDistPipeline.~~~Joah3C/Root/Payload/linphone.app/Frameworks/bctoolbox-ios.framework: replacing existing signature
/var/folders/xb/n6m0jmkx2yg22l7w31b445x40000gn/T/XcodeDistPipeline.~~~Joah3C/Root/Payload/linphone.app/Frameworks/bctoolbox-ios.framework: signed bundle with Mach-O thin (arm64) [org.linphone.bctoolbox-ios]
2025-03-11 12:55:07 +0000  Entitlements for <IDEDistributionItem: 0x6000385867c0; bundleID='com.belledonne-communications.bctoolbox-tester', path='<DVTFilePath:0x60004c40dea0:'/Users/ankitkhanna/Library/Developer/Xcode/Archives/2025-03-11/linphone 11-03-25, 6.04 PM.xcarchive/Products/Applications/linphone.app/Frameworks/bctoolbox-tester.framework'>', codeSigningInfo='<_DVTCodeSigningInformation_Path: 0x6000489bf0c0; isSigned='1', isAdHocSigned='0', signingCertificate='<DVTSigningCertificate: 0x600041ac4fc0; name='Apple Development: Vaibhav Joon (R9939LLQHL)', hash='0D7F38274E3A9933A6AC531D4F9A199594391C24', serialNumber='4117F25914D6F4FD51FCEA063A3FDDB7', certificateKinds='(
    "1.2.840.113635.100.6.1.12",
    "1.2.840.113635.100.6.1.2"
), issueDate='2025-01-09 04:16:03 +0000''>', entitlements='(null)', teamID='X9NQ6V288C', identifier='com.belledonne-communications.bctoolbox-tester', executablePath='<DVTFilePath:0x60004c40df80:'/Users/ankitkhanna/Library/Developer/Xcode/Archives/2025-03-11/linphone 11-03-25, 6.04 PM.xcarchive/Products/Applications/linphone.app/Frameworks/bctoolbox-tester.framework/bctoolbox-tester'>', hardenedRuntime='0'>'>: {
}
2025-03-11 12:55:07 +0000  Associated App Clip Identifiers Filter: Skipping because "com.apple.developer.associated-appclip-app-identifiers" is not present
2025-03-11 12:55:07 +0000  Entitlements for <IDEDistributionItem: 0x6000385867c0; bundleID='com.belledonne-communications.bctoolbox-tester', path='<DVTFilePath:0x60004c40dea0:'/Users/ankitkhanna/Library/Developer/Xcode/Archives/2025-03-11/linphone 11-03-25, 6.04 PM.xcarchive/Products/Applications/linphone.app/Frameworks/bctoolbox-tester.framework'>', codeSigningInfo='<_DVTCodeSigningInformation_Path: 0x6000489bf0c0; isSigned='1', isAdHocSigned='0', signingCertificate='<DVTSigningCertificate: 0x600041ac58c0; name='Apple Development: Vaibhav Joon (R9939LLQHL)', hash='0D7F38274E3A9933A6AC531D4F9A199594391C24', serialNumber='4117F25914D6F4FD51FCEA063A3FDDB7', certificateKinds='(
    "1.2.840.113635.100.6.1.12",
    "1.2.840.113635.100.6.1.2"
), issueDate='2025-01-09 04:16:03 +0000''>', entitlements='(null)', teamID='X9NQ6V288C', identifier='com.belledonne-communications.bctoolbox-tester', executablePath='<DVTFilePath:0x60004c40df80:'/Users/ankitkhanna/Library/Developer/Xcode/Archives/2025-03-11/linphone 11-03-25, 6.04 PM.xcarchive/Products/Applications/linphone.app/Frameworks/bctoolbox-tester.framework/bctoolbox-tester'>', hardenedRuntime='0'>'> are: {
}
2025-03-11 12:55:07 +0000  Writing entitlements for <IDEDistributionItem: 0x6000385867c0; bundleID='com.belledonne-communications.bctoolbox-tester', path='<DVTFilePath:0x60004c40dea0:'/Users/ankitkhanna/Library/Developer/Xcode/Archives/2025-03-11/linphone 11-03-25, 6.04 PM.xcarchive/Products/Applications/linphone.app/Frameworks/bctoolbox-tester.framework'>', codeSigningInfo='<_DVTCodeSigningInformation_Path: 0x6000489bf0c0; isSigned='1', isAdHocSigned='0', signingCertificate='<DVTSigningCertificate: 0x600041ac4240; name='Apple Development: Vaibhav Joon (R9939LLQHL)', hash='0D7F38274E3A9933A6AC531D4F9A199594391C24', serialNumber='4117F25914D6F4FD51FCEA063A3FDDB7', certificateKinds='(
    "1.2.840.113635.100.6.1.12",
    "1.2.840.113635.100.6.1.2"
), issueDate='2025-01-09 04:16:03 +0000''>', entitlements='(null)', teamID='X9NQ6V288C', identifier='com.belledonne-communications.bctoolbox-tester', executablePath='<DVTFilePath:0x60004c40df80:'/Users/ankitkhanna/Library/Developer/Xcode/Archives/2025-03-11/linphone 11-03-25, 6.04 PM.xcarchive/Products/Applications/linphone.app/Frameworks/bctoolbox-tester.framework/bctoolbox-tester'>', hardenedRuntime='0'>'> to: /var/folders/xb/n6m0jmkx2yg22l7w31b445x40000gn/T/XcodeDistPipeline.~~~Joah3C/entitlements~~~5yHr2k
2025-03-11 12:55:07 +0000  invoking codesign: <NSConcreteTask: 0x600048f825d0; launchPath='/usr/bin/codesign', arguments='(
    "-f",
    "-s",
    0D7F38274E3A9933A6AC531D4F9A199594391C24,
    "--entitlements",
    "/var/folders/xb/n6m0jmkx2yg22l7w31b445x40000gn/T/XcodeDistPipeline.~~~Joah3C/entitlements~~~5yHr2k",
    "--preserve-metadata=identifier,flags,runtime",
    "--generate-entitlement-der",
    "--strip-disallowed-xattrs",
    "-vvv",
    "/var/folders/xb/n6m0jmkx2yg22l7w31b445x40000gn/T/XcodeDistPipeline.~~~Joah3C/Root/Payload/linphone.app/Frameworks/bctoolbox-tester.framework"
)'>
2025-03-11 12:55:07 +0000  codesign output: /var/folders/xb/n6m0jmkx2yg22l7w31b445x40000gn/T/XcodeDistPipeline.~~~Joah3C/Root/Payload/linphone.app/Frameworks/bctoolbox-tester.framework: replacing existing signature
/var/folders/xb/n6m0jmkx2yg22l7w31b445x40000gn/T/XcodeDistPipeline.~~~Joah3C/Root/Payload/linphone.app/Frameworks/bctoolbox-tester.framework: signed bundle with Mach-O thin (arm64) [com.belledonne-communications.bctoolbox-tester]
2025-03-11 12:55:07 +0000  Entitlements for <IDEDistributionItem: 0x600038585a40; bundleID='org.linphone.bctoolbox', path='<DVTFilePath:0x60004c40e0d0:'/Users/ankitkhanna/Library/Developer/Xcode/Archives/2025-03-11/linphone 11-03-25, 6.04 PM.xcarchive/Products/Applications/linphone.app/Frameworks/bctoolbox.framework'>', codeSigningInfo='<_DVTCodeSigningInformation_Path: 0x600048951040; isSigned='1', isAdHocSigned='0', signingCertificate='<DVTSigningCertificate: 0x600041ac4fc0; name='Apple Development: Vaibhav Joon (R9939LLQHL)', hash='0D7F38274E3A9933A6AC531D4F9A199594391C24', serialNumber='4117F25914D6F4FD51FCEA063A3FDDB7', certificateKinds='(
    "1.2.840.113635.100.6.1.12",
    "1.2.840.113635.100.6.1.2"
), issueDate='2025-01-09 04:16:03 +0000''>', entitlements='(null)', teamID='X9NQ6V288C', identifier='org.linphone.bctoolbox', executablePath='<DVTFilePath:0x60005cb890e0:'/Users/ankitkhanna/Library/Developer/Xcode/Archives/2025-03-11/linphone 11-03-25, 6.04 PM.xcarchive/Products/Applications/linphone.app/Frameworks/bctoolbox.framework/bctoolbox'>', hardenedRuntime='0'>'>: {
}
2025-03-11 12:55:07 +0000  Associated App Clip Identifiers Filter: Skipping because "com.apple.developer.associated-appclip-app-identifiers" is not present
2025-03-11 12:55:07 +0000  Entitlements for <IDEDistributionItem: 0x600038585a40; bundleID='org.linphone.bctoolbox', path='<DVTFilePath:0x60004c40e0d0:'/Users/ankitkhanna/Library/Developer/Xcode/Archives/2025-03-11/linphone 11-03-25, 6.04 PM.xcarchive/Products/Applications/linphone.app/Frameworks/bctoolbox.framework'>', codeSigningInfo='<_DVTCodeSigningInformation_Path: 0x600048951040; isSigned='1', isAdHocSigned='0', signingCertificate='<DVTSigningCertificate: 0x600041ac58c0; name='Apple Development: Vaibhav Joon (R9939LLQHL)', hash='0D7F38274E3A9933A6AC531D4F9A199594391C24', serialNumber='4117F25914D6F4FD51FCEA063A3FDDB7', certificateKinds='(
    "1.2.840.113635.100.6.1.12",
    "1.2.840.113635.100.6.1.2"
), issueDate='2025-01-09 04:16:03 +0000''>', entitlements='(null)', teamID='X9NQ6V288C', identifier='org.linphone.bctoolbox', executablePath='<DVTFilePath:0x60005cb890e0:'/Users/ankitkhanna/Library/Developer/Xcode/Archives/2025-03-11/linphone 11-03-25, 6.04 PM.xcarchive/Products/Applications/linphone.app/Frameworks/bctoolbox.framework/bctoolbox'>', hardenedRuntime='0'>'> are: {
}
2025-03-11 12:55:07 +0000  Writing entitlements for <IDEDistributionItem: 0x600038585a40; bundleID='org.linphone.bctoolbox', path='<DVTFilePath:0x60004c40e0d0:'/Users/ankitkhanna/Library/Developer/Xcode/Archives/2025-03-11/linphone 11-03-25, 6.04 PM.xcarchive/Products/Applications/linphone.app/Frameworks/bctoolbox.framework'>', codeSigningInfo='<_DVTCodeSigningInformation_Path: 0x600048951040; isSigned='1', isAdHocSigned='0', signingCertificate='<DVTSigningCertificate: 0x600041ac4240; name='Apple Development: Vaibhav Joon (R9939LLQHL)', hash='0D7F38274E3A9933A6AC531D4F9A199594391C24', serialNumber='4117F25914D6F4FD51FCEA063A3FDDB7', certificateKinds='(
    "1.2.840.113635.100.6.1.12",
    "1.2.840.113635.100.6.1.2"
), issueDate='2025-01-09 04:16:03 +0000''>', entitlements='(null)', teamID='X9NQ6V288C', identifier='org.linphone.bctoolbox', executablePath='<DVTFilePath:0x60005cb890e0:'/Users/ankitkhanna/Library/Developer/Xcode/Archives/2025-03-11/linphone 11-03-25, 6.04 PM.xcarchive/Products/Applications/linphone.app/Frameworks/bctoolbox.framework/bctoolbox'>', hardenedRuntime='0'>'> to: /var/folders/xb/n6m0jmkx2yg22l7w31b445x40000gn/T/XcodeDistPipeline.~~~Joah3C/entitlements~~~QayQge
2025-03-11 12:55:07 +0000  invoking codesign: <NSConcreteTask: 0x600048f80b40; launchPath='/usr/bin/codesign', arguments='(
    "-f",
    "-s",
    0D7F38274E3A9933A6AC531D4F9A199594391C24,
    "--entitlements",
    "/var/folders/xb/n6m0jmkx2yg22l7w31b445x40000gn/T/XcodeDistPipeline.~~~Joah3C/entitlements~~~QayQge",
    "--preserve-metadata=identifier,flags,runtime",
    "--generate-entitlement-der",
    "--strip-disallowed-xattrs",
    "-vvv",
    "/var/folders/xb/n6m0jmkx2yg22l7w31b445x40000gn/T/XcodeDistPipeline.~~~Joah3C/Root/Payload/linphone.app/Frameworks/bctoolbox.framework"
)'>
2025-03-11 12:55:07 +0000  codesign output: /var/folders/xb/n6m0jmkx2yg22l7w31b445x40000gn/T/XcodeDistPipeline.~~~Joah3C/Root/Payload/linphone.app/Frameworks/bctoolbox.framework: replacing existing signature
/var/folders/xb/n6m0jmkx2yg22l7w31b445x40000gn/T/XcodeDistPipeline.~~~Joah3C/Root/Payload/linphone.app/Frameworks/bctoolbox.framework: signed bundle with Mach-O thin (arm64) [org.linphone.bctoolbox]
2025-03-11 12:55:07 +0000  Entitlements for <IDEDistributionItem: 0x600038584cc0; bundleID='org.linphone.belcard', path='<DVTFilePath:0x60004c40e290:'/Users/ankitkhanna/Library/Developer/Xcode/Archives/2025-03-11/linphone 11-03-25, 6.04 PM.xcarchive/Products/Applications/linphone.app/Frameworks/belcard.framework'>', codeSigningInfo='<_DVTCodeSigningInformation_Path: 0x6000489529e0; isSigned='1', isAdHocSigned='0', signingCertificate='<DVTSigningCertificate: 0x600041ac4fc0; name='Apple Development: Vaibhav Joon (R9939LLQHL)', hash='0D7F38274E3A9933A6AC531D4F9A199594391C24', serialNumber='4117F25914D6F4FD51FCEA063A3FDDB7', certificateKinds='(
    "1.2.840.113635.100.6.1.12",
    "1.2.840.113635.100.6.1.2"
), issueDate='2025-01-09 04:16:03 +0000''>', entitlements='(null)', teamID='X9NQ6V288C', identifier='org.linphone.belcard', executablePath='<DVTFilePath:0x60005ca7bc60:'/Users/ankitkhanna/Library/Developer/Xcode/Archives/2025-03-11/linphone 11-03-25, 6.04 PM.xcarchive/Products/Applications/linphone.app/Frameworks/belcard.framework/belcard'>', hardenedRuntime='0'>'>: {
}
2025-03-11 12:55:07 +0000  Associated App Clip Identifiers Filter: Skipping because "com.apple.developer.associated-appclip-app-identifiers" is not present
2025-03-11 12:55:07 +0000  Entitlements for <IDEDistributionItem: 0x600038584cc0; bundleID='org.linphone.belcard', path='<DVTFilePath:0x60004c40e290:'/Users/ankitkhanna/Library/Developer/Xcode/Archives/2025-03-11/linphone 11-03-25, 6.04 PM.xcarchive/Products/Applications/linphone.app/Frameworks/belcard.framework'>', codeSigningInfo='<_DVTCodeSigningInformation_Path: 0x6000489529e0; isSigned='1', isAdHocSigned='0', signingCertificate='<DVTSigningCertificate: 0x600041ac58c0; name='Apple Development: Vaibhav Joon (R9939LLQHL)', hash='0D7F38274E3A9933A6AC531D4F9A199594391C24', serialNumber='4117F25914D6F4FD51FCEA063A3FDDB7', certificateKinds='(
    "1.2.840.113635.100.6.1.12",
    "1.2.840.113635.100.6.1.2"
), issueDate='2025-01-09 04:16:03 +0000''>', entitlements='(null)', teamID='X9NQ6V288C', identifier='org.linphone.belcard', executablePath='<DVTFilePath:0x60005ca7bc60:'/Users/ankitkhanna/Library/Developer/Xcode/Archives/2025-03-11/linphone 11-03-25, 6.04 PM.xcarchive/Products/Applications/linphone.app/Frameworks/belcard.framework/belcard'>', hardenedRuntime='0'>'> are: {
}
2025-03-11 12:55:07 +0000  Writing entitlements for <IDEDistributionItem: 0x600038584cc0; bundleID='org.linphone.belcard', path='<DVTFilePath:0x60004c40e290:'/Users/ankitkhanna/Library/Developer/Xcode/Archives/2025-03-11/linphone 11-03-25, 6.04 PM.xcarchive/Products/Applications/linphone.app/Frameworks/belcard.framework'>', codeSigningInfo='<_DVTCodeSigningInformation_Path: 0x6000489529e0; isSigned='1', isAdHocSigned='0', signingCertificate='<DVTSigningCertificate: 0x600041ac4240; name='Apple Development: Vaibhav Joon (R9939LLQHL)', hash='0D7F38274E3A9933A6AC531D4F9A199594391C24', serialNumber='4117F25914D6F4FD51FCEA063A3FDDB7', certificateKinds='(
    "1.2.840.113635.100.6.1.12",
    "1.2.840.113635.100.6.1.2"
), issueDate='2025-01-09 04:16:03 +0000''>', entitlements='(null)', teamID='X9NQ6V288C', identifier='org.linphone.belcard', executablePath='<DVTFilePath:0x60005ca7bc60:'/Users/ankitkhanna/Library/Developer/Xcode/Archives/2025-03-11/linphone 11-03-25, 6.04 PM.xcarchive/Products/Applications/linphone.app/Frameworks/belcard.framework/belcard'>', hardenedRuntime='0'>'> to: /var/folders/xb/n6m0jmkx2yg22l7w31b445x40000gn/T/XcodeDistPipeline.~~~Joah3C/entitlements~~~Gv8HYL
2025-03-11 12:55:07 +0000  invoking codesign: <NSConcreteTask: 0x600048f83480; launchPath='/usr/bin/codesign', arguments='(
    "-f",
    "-s",
    0D7F38274E3A9933A6AC531D4F9A199594391C24,
    "--entitlements",
    "/var/folders/xb/n6m0jmkx2yg22l7w31b445x40000gn/T/XcodeDistPipeline.~~~Joah3C/entitlements~~~Gv8HYL",
    "--preserve-metadata=identifier,flags,runtime",
    "--generate-entitlement-der",
    "--strip-disallowed-xattrs",
    "-vvv",
    "/var/folders/xb/n6m0jmkx2yg22l7w31b445x40000gn/T/XcodeDistPipeline.~~~Joah3C/Root/Payload/linphone.app/Frameworks/belcard.framework"
)'>
2025-03-11 12:55:07 +0000  codesign output: /var/folders/xb/n6m0jmkx2yg22l7w31b445x40000gn/T/XcodeDistPipeline.~~~Joah3C/Root/Payload/linphone.app/Frameworks/belcard.framework: replacing existing signature
/var/folders/xb/n6m0jmkx2yg22l7w31b445x40000gn/T/XcodeDistPipeline.~~~Joah3C/Root/Payload/linphone.app/Frameworks/belcard.framework: signed bundle with Mach-O thin (arm64) [org.linphone.belcard]
2025-03-11 12:55:07 +0000  Entitlements for <IDEDistributionItem: 0x600038584840; bundleID='org.linphone.belle-sip', path='<DVTFilePath:0x60004c408b60:'/Users/ankitkhanna/Library/Developer/Xcode/Archives/2025-03-11/linphone 11-03-25, 6.04 PM.xcarchive/Products/Applications/linphone.app/Frameworks/belle-sip.framework'>', codeSigningInfo='<_DVTCodeSigningInformation_Path: 0x60004896f890; isSigned='1', isAdHocSigned='0', signingCertificate='<DVTSigningCertificate: 0x600041ad3c00; name='Apple Development: Vaibhav Joon (R9939LLQHL)', hash='0D7F38274E3A9933A6AC531D4F9A199594391C24', serialNumber='4117F25914D6F4FD51FCEA063A3FDDB7', certificateKinds='(
    "1.2.840.113635.100.6.1.12",
    "1.2.840.113635.100.6.1.2"
), issueDate='2025-01-09 04:16:03 +0000''>', entitlements='(null)', teamID='X9NQ6V288C', identifier='org.linphone.belle-sip', executablePath='<DVTFilePath:0x60005c555020:'/Users/ankitkhanna/Library/Developer/Xcode/Archives/2025-03-11/linphone 11-03-25, 6.04 PM.xcarchive/Products/Applications/linphone.app/Frameworks/belle-sip.framework/belle-sip'>', hardenedRuntime='0'>'>: {
}
2025-03-11 12:55:07 +0000  Associated App Clip Identifiers Filter: Skipping because "com.apple.developer.associated-appclip-app-identifiers" is not present
2025-03-11 12:55:07 +0000  Entitlements for <IDEDistributionItem: 0x600038584840; bundleID='org.linphone.belle-sip', path='<DVTFilePath:0x60004c408b60:'/Users/ankitkhanna/Library/Developer/Xcode/Archives/2025-03-11/linphone 11-03-25, 6.04 PM.xcarchive/Products/Applications/linphone.app/Frameworks/belle-sip.framework'>', codeSigningInfo='<_DVTCodeSigningInformation_Path: 0x60004896f890; isSigned='1', isAdHocSigned='0', signingCertificate='<DVTSigningCertificate: 0x600041ac4fc0; name='Apple Development: Vaibhav Joon (R9939LLQHL)', hash='0D7F38274E3A9933A6AC531D4F9A199594391C24', serialNumber='4117F25914D6F4FD51FCEA063A3FDDB7', certificateKinds='(
    "1.2.840.113635.100.6.1.12",
    "1.2.840.113635.100.6.1.2"
), issueDate='2025-01-09 04:16:03 +0000''>', entitlements='(null)', teamID='X9NQ6V288C', identifier='org.linphone.belle-sip', executablePath='<DVTFilePath:0x60005c555020:'/Users/ankitkhanna/Library/Developer/Xcode/Archives/2025-03-11/linphone 11-03-25, 6.04 PM.xcarchive/Products/Applications/linphone.app/Frameworks/belle-sip.framework/belle-sip'>', hardenedRuntime='0'>'> are: {
}
2025-03-11 12:55:07 +0000  Writing entitlements for <IDEDistributionItem: 0x600038584840; bundleID='org.linphone.belle-sip', path='<DVTFilePath:0x60004c408b60:'/Users/ankitkhanna/Library/Developer/Xcode/Archives/2025-03-11/linphone 11-03-25, 6.04 PM.xcarchive/Products/Applications/linphone.app/Frameworks/belle-sip.framework'>', codeSigningInfo='<_DVTCodeSigningInformation_Path: 0x60004896f890; isSigned='1', isAdHocSigned='0', signingCertificate='<DVTSigningCertificate: 0x600041ad3e40; name='Apple Development: Vaibhav Joon (R9939LLQHL)', hash='0D7F38274E3A9933A6AC531D4F9A199594391C24', serialNumber='4117F25914D6F4FD51FCEA063A3FDDB7', certificateKinds='(
    "1.2.840.113635.100.6.1.12",
    "1.2.840.113635.100.6.1.2"
), issueDate='2025-01-09 04:16:03 +0000''>', entitlements='(null)', teamID='X9NQ6V288C', identifier='org.linphone.belle-sip', executablePath='<DVTFilePath:0x60005c555020:'/Users/ankitkhanna/Library/Developer/Xcode/Archives/2025-03-11/linphone 11-03-25, 6.04 PM.xcarchive/Products/Applications/linphone.app/Frameworks/belle-sip.framework/belle-sip'>', hardenedRuntime='0'>'> to: /var/folders/xb/n6m0jmkx2yg22l7w31b445x40000gn/T/XcodeDistPipeline.~~~Joah3C/entitlements~~~Lzz8T4
2025-03-11 12:55:07 +0000  invoking codesign: <NSConcreteTask: 0x600048f85900; launchPath='/usr/bin/codesign', arguments='(
    "-f",
    "-s",
    0D7F38274E3A9933A6AC531D4F9A199594391C24,
    "--entitlements",
    "/var/folders/xb/n6m0jmkx2yg22l7w31b445x40000gn/T/XcodeDistPipeline.~~~Joah3C/entitlements~~~Lzz8T4",
    "--preserve-metadata=identifier,flags,runtime",
    "--generate-entitlement-der",
    "--strip-disallowed-xattrs",
    "-vvv",
    "/var/folders/xb/n6m0jmkx2yg22l7w31b445x40000gn/T/XcodeDistPipeline.~~~Joah3C/Root/Payload/linphone.app/Frameworks/belle-sip.framework"
)'>
2025-03-11 12:55:07 +0000  codesign output: /var/folders/xb/n6m0jmkx2yg22l7w31b445x40000gn/T/XcodeDistPipeline.~~~Joah3C/Root/Payload/linphone.app/Frameworks/belle-sip.framework: replacing existing signature
/var/folders/xb/n6m0jmkx2yg22l7w31b445x40000gn/T/XcodeDistPipeline.~~~Joah3C/Root/Payload/linphone.app/Frameworks/belle-sip.framework: signed bundle with Mach-O thin (arm64) [org.linphone.belle-sip]
2025-03-11 12:55:07 +0000  Entitlements for <IDEDistributionItem: 0x6000385980c0; bundleID='org.linphone.belr', path='<DVTFilePath:0x60005c5549c0:'/Users/ankitkhanna/Library/Developer/Xcode/Archives/2025-03-11/linphone 11-03-25, 6.04 PM.xcarchive/Products/Applications/linphone.app/Frameworks/belr.framework'>', codeSigningInfo='<_DVTCodeSigningInformation_Path: 0x600048994370; isSigned='1', isAdHocSigned='0', signingCertificate='<DVTSigningCertificate: 0x600041ac4fc0; name='Apple Development: Vaibhav Joon (R9939LLQHL)', hash='0D7F38274E3A9933A6AC531D4F9A199594391C24', serialNumber='4117F25914D6F4FD51FCEA063A3FDDB7', certificateKinds='(
    "1.2.840.113635.100.6.1.12",
    "1.2.840.113635.100.6.1.2"
), issueDate='2025-01-09 04:16:03 +0000''>', entitlements='(null)', teamID='X9NQ6V288C', identifier='org.linphone.belr', executablePath='<DVTFilePath:0x60005c553de0:'/Users/ankitkhanna/Library/Developer/Xcode/Archives/2025-03-11/linphone 11-03-25, 6.04 PM.xcarchive/Products/Applications/linphone.app/Frameworks/belr.framework/belr'>', hardenedRuntime='0'>'>: {
}
2025-03-11 12:55:07 +0000  Associated App Clip Identifiers Filter: Skipping because "com.apple.developer.associated-appclip-app-identifiers" is not present
2025-03-11 12:55:07 +0000  Entitlements for <IDEDistributionItem: 0x6000385980c0; bundleID='org.linphone.belr', path='<DVTFilePath:0x60005c5549c0:'/Users/ankitkhanna/Library/Developer/Xcode/Archives/2025-03-11/linphone 11-03-25, 6.04 PM.xcarchive/Products/Applications/linphone.app/Frameworks/belr.framework'>', codeSigningInfo='<_DVTCodeSigningInformation_Path: 0x600048994370; isSigned='1', isAdHocSigned='0', signingCertificate='<DVTSigningCertificate: 0x600041ac4e40; name='Apple Development: Vaibhav Joon (R9939LLQHL)', hash='0D7F38274E3A9933A6AC531D4F9A199594391C24', serialNumber='4117F25914D6F4FD51FCEA063A3FDDB7', certificateKinds='(
    "1.2.840.113635.100.6.1.12",
    "1.2.840.113635.100.6.1.2"
), issueDate='2025-01-09 04:16:03 +0000''>', entitlements='(null)', teamID='X9NQ6V288C', identifier='org.linphone.belr', executablePath='<DVTFilePath:0x60005c553de0:'/Users/ankitkhanna/Library/Developer/Xcode/Archives/2025-03-11/linphone 11-03-25, 6.04 PM.xcarchive/Products/Applications/linphone.app/Frameworks/belr.framework/belr'>', hardenedRuntime='0'>'> are: {
}
2025-03-11 12:55:07 +0000  Writing entitlements for <IDEDistributionItem: 0x6000385980c0; bundleID='org.linphone.belr', path='<DVTFilePath:0x60005c5549c0:'/Users/ankitkhanna/Library/Developer/Xcode/Archives/2025-03-11/linphone 11-03-25, 6.04 PM.xcarchive/Products/Applications/linphone.app/Frameworks/belr.framework'>', codeSigningInfo='<_DVTCodeSigningInformation_Path: 0x600048994370; isSigned='1', isAdHocSigned='0', signingCertificate='<DVTSigningCertificate: 0x600041ad3c00; name='Apple Development: Vaibhav Joon (R9939LLQHL)', hash='0D7F38274E3A9933A6AC531D4F9A199594391C24', serialNumber='4117F25914D6F4FD51FCEA063A3FDDB7', certificateKinds='(
    "1.2.840.113635.100.6.1.12",
    "1.2.840.113635.100.6.1.2"
), issueDate='2025-01-09 04:16:03 +0000''>', entitlements='(null)', teamID='X9NQ6V288C', identifier='org.linphone.belr', executablePath='<DVTFilePath:0x60005c553de0:'/Users/ankitkhanna/Library/Developer/Xcode/Archives/2025-03-11/linphone 11-03-25, 6.04 PM.xcarchive/Products/Applications/linphone.app/Frameworks/belr.framework/belr'>', hardenedRuntime='0'>'> to: /var/folders/xb/n6m0jmkx2yg22l7w31b445x40000gn/T/XcodeDistPipeline.~~~Joah3C/entitlements~~~mrMbqw
2025-03-11 12:55:07 +0000  invoking codesign: <NSConcreteTask: 0x600048ffeb70; launchPath='/usr/bin/codesign', arguments='(
    "-f",
    "-s",
    0D7F38274E3A9933A6AC531D4F9A199594391C24,
    "--entitlements",
    "/var/folders/xb/n6m0jmkx2yg22l7w31b445x40000gn/T/XcodeDistPipeline.~~~Joah3C/entitlements~~~mrMbqw",
    "--preserve-metadata=identifier,flags,runtime",
    "--generate-entitlement-der",
    "--strip-disallowed-xattrs",
    "-vvv",
    "/var/folders/xb/n6m0jmkx2yg22l7w31b445x40000gn/T/XcodeDistPipeline.~~~Joah3C/Root/Payload/linphone.app/Frameworks/belr.framework"
)'>
2025-03-11 12:55:07 +0000  codesign output: /var/folders/xb/n6m0jmkx2yg22l7w31b445x40000gn/T/XcodeDistPipeline.~~~Joah3C/Root/Payload/linphone.app/Frameworks/belr.framework: replacing existing signature
/var/folders/xb/n6m0jmkx2yg22l7w31b445x40000gn/T/XcodeDistPipeline.~~~Joah3C/Root/Payload/linphone.app/Frameworks/belr.framework: signed bundle with Mach-O thin (arm64) [org.linphone.belr]
2025-03-11 12:55:07 +0000  Entitlements for <IDEDistributionItem: 0x6000385872a0; bundleID='org.cocoapods.grpc', path='<DVTFilePath:0x600030b1c9c0:'/Users/ankitkhanna/Library/Developer/Xcode/Archives/2025-03-11/linphone 11-03-25, 6.04 PM.xcarchive/Products/Applications/linphone.app/Frameworks/grpc.framework'>', codeSigningInfo='<_DVTCodeSigningInformation_Path: 0x6000489aa5d0; isSigned='1', isAdHocSigned='0', signingCertificate='<DVTSigningCertificate: 0x600041ac4fc0; name='Apple Development: Vaibhav Joon (R9939LLQHL)', hash='0D7F38274E3A9933A6AC531D4F9A199594391C24', serialNumber='4117F25914D6F4FD51FCEA063A3FDDB7', certificateKinds='(
    "1.2.840.113635.100.6.1.12",
    "1.2.840.113635.100.6.1.2"
), issueDate='2025-01-09 04:16:03 +0000''>', entitlements='(null)', teamID='X9NQ6V288C', identifier='org.cocoapods.grpc', executablePath='<DVTFilePath:0x60005c555b60:'/Users/ankitkhanna/Library/Developer/Xcode/Archives/2025-03-11/linphone 11-03-25, 6.04 PM.xcarchive/Products/Applications/linphone.app/Frameworks/grpc.framework/grpc'>', hardenedRuntime='0'>'>: {
}
2025-03-11 12:55:07 +0000  Associated App Clip Identifiers Filter: Skipping because "com.apple.developer.associated-appclip-app-identifiers" is not present
2025-03-11 12:55:07 +0000  Entitlements for <IDEDistributionItem: 0x6000385872a0; bundleID='org.cocoapods.grpc', path='<DVTFilePath:0x600030b1c9c0:'/Users/ankitkhanna/Library/Developer/Xcode/Archives/2025-03-11/linphone 11-03-25, 6.04 PM.xcarchive/Products/Applications/linphone.app/Frameworks/grpc.framework'>', codeSigningInfo='<_DVTCodeSigningInformation_Path: 0x6000489aa5d0; isSigned='1', isAdHocSigned='0', signingCertificate='<DVTSigningCertificate: 0x600041ac4e40; name='Apple Development: Vaibhav Joon (R9939LLQHL)', hash='0D7F38274E3A9933A6AC531D4F9A199594391C24', serialNumber='4117F25914D6F4FD51FCEA063A3FDDB7', certificateKinds='(
    "1.2.840.113635.100.6.1.12",
    "1.2.840.113635.100.6.1.2"
), issueDate='2025-01-09 04:16:03 +0000''>', entitlements='(null)', teamID='X9NQ6V288C', identifier='org.cocoapods.grpc', executablePath='<DVTFilePath:0x60005c555b60:'/Users/ankitkhanna/Library/Developer/Xcode/Archives/2025-03-11/linphone 11-03-25, 6.04 PM.xcarchive/Products/Applications/linphone.app/Frameworks/grpc.framework/grpc'>', hardenedRuntime='0'>'> are: {
}
2025-03-11 12:55:07 +0000  Writing entitlements for <IDEDistributionItem: 0x6000385872a0; bundleID='org.cocoapods.grpc', path='<DVTFilePath:0x600030b1c9c0:'/Users/ankitkhanna/Library/Developer/Xcode/Archives/2025-03-11/linphone 11-03-25, 6.04 PM.xcarchive/Products/Applications/linphone.app/Frameworks/grpc.framework'>', codeSigningInfo='<_DVTCodeSigningInformation_Path: 0x6000489aa5d0; isSigned='1', isAdHocSigned='0', signingCertificate='<DVTSigningCertificate: 0x600041ad3c00; name='Apple Development: Vaibhav Joon (R9939LLQHL)', hash='0D7F38274E3A9933A6AC531D4F9A199594391C24', serialNumber='4117F25914D6F4FD51FCEA063A3FDDB7', certificateKinds='(
    "1.2.840.113635.100.6.1.12",
    "1.2.840.113635.100.6.1.2"
), issueDate='2025-01-09 04:16:03 +0000''>', entitlements='(null)', teamID='X9NQ6V288C', identifier='org.cocoapods.grpc', executablePath='<DVTFilePath:0x60005c555b60:'/Users/ankitkhanna/Library/Developer/Xcode/Archives/2025-03-11/linphone 11-03-25, 6.04 PM.xcarchive/Products/Applications/linphone.app/Frameworks/grpc.framework/grpc'>', hardenedRuntime='0'>'> to: /var/folders/xb/n6m0jmkx2yg22l7w31b445x40000gn/T/XcodeDistPipeline.~~~Joah3C/entitlements~~~TUGo9u
2025-03-11 12:55:07 +0000  invoking codesign: <NSConcreteTask: 0x600048ff8eb0; launchPath='/usr/bin/codesign', arguments='(
    "-f",
    "-s",
    0D7F38274E3A9933A6AC531D4F9A199594391C24,
    "--entitlements",
    "/var/folders/xb/n6m0jmkx2yg22l7w31b445x40000gn/T/XcodeDistPipeline.~~~Joah3C/entitlements~~~TUGo9u",
    "--preserve-metadata=identifier,flags,runtime",
    "--generate-entitlement-der",
    "--strip-disallowed-xattrs",
    "-vvv",
    "/var/folders/xb/n6m0jmkx2yg22l7w31b445x40000gn/T/XcodeDistPipeline.~~~Joah3C/Root/Payload/linphone.app/Frameworks/grpc.framework"
)'>
2025-03-11 12:55:07 +0000  codesign output: /var/folders/xb/n6m0jmkx2yg22l7w31b445x40000gn/T/XcodeDistPipeline.~~~Joah3C/Root/Payload/linphone.app/Frameworks/grpc.framework: replacing existing signature
/var/folders/xb/n6m0jmkx2yg22l7w31b445x40000gn/T/XcodeDistPipeline.~~~Joah3C/Root/Payload/linphone.app/Frameworks/grpc.framework: signed bundle with Mach-O universal (arm64) [org.cocoapods.grpc]
2025-03-11 12:55:07 +0000  Entitlements for <IDEDistributionItem: 0x600038585140; bundleID='org.cocoapods.grpcpp', path='<DVTFilePath:0x60004c4095e0:'/Users/ankitkhanna/Library/Developer/Xcode/Archives/2025-03-11/linphone 11-03-25, 6.04 PM.xcarchive/Products/Applications/linphone.app/Frameworks/grpcpp.framework'>', codeSigningInfo='<_DVTCodeSigningInformation_Path: 0x6000489528f0; isSigned='1', isAdHocSigned='0', signingCertificate='<DVTSigningCertificate: 0x600041ad3c00; name='Apple Development: Vaibhav Joon (R9939LLQHL)', hash='0D7F38274E3A9933A6AC531D4F9A199594391C24', serialNumber='4117F25914D6F4FD51FCEA063A3FDDB7', certificateKinds='(
    "1.2.840.113635.100.6.1.12",
    "1.2.840.113635.100.6.1.2"
), issueDate='2025-01-09 04:16:03 +0000''>', entitlements='(null)', teamID='X9NQ6V288C', identifier='org.cocoapods.grpcpp', executablePath='<DVTFilePath:0x600030b1ec40:'/Users/ankitkhanna/Library/Developer/Xcode/Archives/2025-03-11/linphone 11-03-25, 6.04 PM.xcarchive/Products/Applications/linphone.app/Frameworks/grpcpp.framework/grpcpp'>', hardenedRuntime='0'>'>: {
}
2025-03-11 12:55:07 +0000  Associated App Clip Identifiers Filter: Skipping because "com.apple.developer.associated-appclip-app-identifiers" is not present
2025-03-11 12:55:07 +0000  Entitlements for <IDEDistributionItem: 0x600038585140; bundleID='org.cocoapods.grpcpp', path='<DVTFilePath:0x60004c4095e0:'/Users/ankitkhanna/Library/Developer/Xcode/Archives/2025-03-11/linphone 11-03-25, 6.04 PM.xcarchive/Products/Applications/linphone.app/Frameworks/grpcpp.framework'>', codeSigningInfo='<_DVTCodeSigningInformation_Path: 0x6000489528f0; isSigned='1', isAdHocSigned='0', signingCertificate='<DVTSigningCertificate: 0x600041ac4fc0; name='Apple Development: Vaibhav Joon (R9939LLQHL)', hash='0D7F38274E3A9933A6AC531D4F9A199594391C24', serialNumber='4117F25914D6F4FD51FCEA063A3FDDB7', certificateKinds='(
    "1.2.840.113635.100.6.1.12",
    "1.2.840.113635.100.6.1.2"
), issueDate='2025-01-09 04:16:03 +0000''>', entitlements='(null)', teamID='X9NQ6V288C', identifier='org.cocoapods.grpcpp', executablePath='<DVTFilePath:0x600030b1ec40:'/Users/ankitkhanna/Library/Developer/Xcode/Archives/2025-03-11/linphone 11-03-25, 6.04 PM.xcarchive/Products/Applications/linphone.app/Frameworks/grpcpp.framework/grpcpp'>', hardenedRuntime='0'>'> are: {
}
2025-03-11 12:55:07 +0000  Writing entitlements for <IDEDistributionItem: 0x600038585140; bundleID='org.cocoapods.grpcpp', path='<DVTFilePath:0x60004c4095e0:'/Users/ankitkhanna/Library/Developer/Xcode/Archives/2025-03-11/linphone 11-03-25, 6.04 PM.xcarchive/Products/Applications/linphone.app/Frameworks/grpcpp.framework'>', codeSigningInfo='<_DVTCodeSigningInformation_Path: 0x6000489528f0; isSigned='1', isAdHocSigned='0', signingCertificate='<DVTSigningCertificate: 0x600041ac4e40; name='Apple Development: Vaibhav Joon (R9939LLQHL)', hash='0D7F38274E3A9933A6AC531D4F9A199594391C24', serialNumber='4117F25914D6F4FD51FCEA063A3FDDB7', certificateKinds='(
    "1.2.840.113635.100.6.1.12",
    "1.2.840.113635.100.6.1.2"
), issueDate='2025-01-09 04:16:03 +0000''>', entitlements='(null)', teamID='X9NQ6V288C', identifier='org.cocoapods.grpcpp', executablePath='<DVTFilePath:0x600030b1ec40:'/Users/ankitkhanna/Library/Developer/Xcode/Archives/2025-03-11/linphone 11-03-25, 6.04 PM.xcarchive/Products/Applications/linphone.app/Frameworks/grpcpp.framework/grpcpp'>', hardenedRuntime='0'>'> to: /var/folders/xb/n6m0jmkx2yg22l7w31b445x40000gn/T/XcodeDistPipeline.~~~Joah3C/entitlements~~~po7uXT
2025-03-11 12:55:07 +0000  invoking codesign: <NSConcreteTask: 0x600048ff8eb0; launchPath='/usr/bin/codesign', arguments='(
    "-f",
    "-s",
    0D7F38274E3A9933A6AC531D4F9A199594391C24,
    "--entitlements",
    "/var/folders/xb/n6m0jmkx2yg22l7w31b445x40000gn/T/XcodeDistPipeline.~~~Joah3C/entitlements~~~po7uXT",
    "--preserve-metadata=identifier,flags,runtime",
    "--generate-entitlement-der",
    "--strip-disallowed-xattrs",
    "-vvv",
    "/var/folders/xb/n6m0jmkx2yg22l7w31b445x40000gn/T/XcodeDistPipeline.~~~Joah3C/Root/Payload/linphone.app/Frameworks/grpcpp.framework"
)'>
2025-03-11 12:55:07 +0000  codesign output: /var/folders/xb/n6m0jmkx2yg22l7w31b445x40000gn/T/XcodeDistPipeline.~~~Joah3C/Root/Payload/linphone.app/Frameworks/grpcpp.framework: replacing existing signature
/var/folders/xb/n6m0jmkx2yg22l7w31b445x40000gn/T/XcodeDistPipeline.~~~Joah3C/Root/Payload/linphone.app/Frameworks/grpcpp.framework: signed bundle with Mach-O universal (arm64) [org.cocoapods.grpcpp]
2025-03-11 12:55:07 +0000  Entitlements for <IDEDistributionItem: 0x600060bc2820; bundleID='com.apple.dt.runtime.swiftConcurrency', path='<DVTFilePath:0x60004c40edf0:'/Users/ankitkhanna/Library/Developer/Xcode/Archives/2025-03-11/linphone 11-03-25, 6.04 PM.xcarchive/Products/Applications/linphone.app/Frameworks/libswift_Concurrency.dylib'>', codeSigningInfo='<_DVTCodeSigningInformation_Path: 0x6000489be3f0; isSigned='1', isAdHocSigned='0', signingCertificate='<DVTSigningCertificate: 0x600041ac4fc0; name='Apple Development: Vaibhav Joon (R9939LLQHL)', hash='0D7F38274E3A9933A6AC531D4F9A199594391C24', serialNumber='4117F25914D6F4FD51FCEA063A3FDDB7', certificateKinds='(
    "1.2.840.113635.100.6.1.12",
    "1.2.840.113635.100.6.1.2"
), issueDate='2025-01-09 04:16:03 +0000''>', entitlements='(null)', teamID='X9NQ6V288C', identifier='com.apple.dt.runtime.swiftConcurrency', executablePath='<DVTFilePath:0x60004c40edf0:'/Users/ankitkhanna/Library/Developer/Xcode/Archives/2025-03-11/linphone 11-03-25, 6.04 PM.xcarchive/Products/Applications/linphone.app/Frameworks/libswift_Concurrency.dylib'>', hardenedRuntime='0'>'>: {
}
2025-03-11 12:55:07 +0000  Associated App Clip Identifiers Filter: Skipping because "com.apple.developer.associated-appclip-app-identifiers" is not present
2025-03-11 12:55:07 +0000  Entitlements for <IDEDistributionItem: 0x600060bc2820; bundleID='com.apple.dt.runtime.swiftConcurrency', path='<DVTFilePath:0x60004c40edf0:'/Users/ankitkhanna/Library/Developer/Xcode/Archives/2025-03-11/linphone 11-03-25, 6.04 PM.xcarchive/Products/Applications/linphone.app/Frameworks/libswift_Concurrency.dylib'>', codeSigningInfo='<_DVTCodeSigningInformation_Path: 0x6000489be3f0; isSigned='1', isAdHocSigned='0', signingCertificate='<DVTSigningCertificate: 0x600041ac4e40; name='Apple Development: Vaibhav Joon (R9939LLQHL)', hash='0D7F38274E3A9933A6AC531D4F9A199594391C24', serialNumber='4117F25914D6F4FD51FCEA063A3FDDB7', certificateKinds='(
    "1.2.840.113635.100.6.1.12",
    "1.2.840.113635.100.6.1.2"
), issueDate='2025-01-09 04:16:03 +0000''>', entitlements='(null)', teamID='X9NQ6V288C', identifier='com.apple.dt.runtime.swiftConcurrency', executablePath='<DVTFilePath:0x60004c40edf0:'/Users/ankitkhanna/Library/Developer/Xcode/Archives/2025-03-11/linphone 11-03-25, 6.04 PM.xcarchive/Products/Applications/linphone.app/Frameworks/libswift_Concurrency.dylib'>', hardenedRuntime='0'>'> are: {
}
2025-03-11 12:55:07 +0000  Writing entitlements for <IDEDistributionItem: 0x600060bc2820; bundleID='com.apple.dt.runtime.swiftConcurrency', path='<DVTFilePath:0x60004c40edf0:'/Users/ankitkhanna/Library/Developer/Xcode/Archives/2025-03-11/linphone 11-03-25, 6.04 PM.xcarchive/Products/Applications/linphone.app/Frameworks/libswift_Concurrency.dylib'>', codeSigningInfo='<_DVTCodeSigningInformation_Path: 0x6000489be3f0; isSigned='1', isAdHocSigned='0', signingCertificate='<DVTSigningCertificate: 0x600041ac58c0; name='Apple Development: Vaibhav Joon (R9939LLQHL)', hash='0D7F38274E3A9933A6AC531D4F9A199594391C24', serialNumber='4117F25914D6F4FD51FCEA063A3FDDB7', certificateKinds='(
    "1.2.840.113635.100.6.1.12",
    "1.2.840.113635.100.6.1.2"
), issueDate='2025-01-09 04:16:03 +0000''>', entitlements='(null)', teamID='X9NQ6V288C', identifier='com.apple.dt.runtime.swiftConcurrency', executablePath='<DVTFilePath:0x60004c40edf0:'/Users/ankitkhanna/Library/Developer/Xcode/Archives/2025-03-11/linphone 11-03-25, 6.04 PM.xcarchive/Products/Applications/linphone.app/Frameworks/libswift_Concurrency.dylib'>', hardenedRuntime='0'>'> to: /var/folders/xb/n6m0jmkx2yg22l7w31b445x40000gn/T/XcodeDistPipeline.~~~Joah3C/entitlements~~~P3yM4n
2025-03-11 12:55:07 +0000  invoking codesign: <NSConcreteTask: 0x600048f83e30; launchPath='/usr/bin/codesign', arguments='(
    "-f",
    "-s",
    0D7F38274E3A9933A6AC531D4F9A199594391C24,
    "--entitlements",
    "/var/folders/xb/n6m0jmkx2yg22l7w31b445x40000gn/T/XcodeDistPipeline.~~~Joah3C/entitlements~~~P3yM4n",
    "--preserve-metadata=identifier,flags,runtime",
    "--generate-entitlement-der",
    "--strip-disallowed-xattrs",
    "-vvv",
    "/var/folders/xb/n6m0jmkx2yg22l7w31b445x40000gn/T/XcodeDistPipeline.~~~Joah3C/Root/Payload/linphone.app/Frameworks/libswift_Concurrency.dylib"
)'>
2025-03-11 12:55:07 +0000  codesign output: /var/folders/xb/n6m0jmkx2yg22l7w31b445x40000gn/T/XcodeDistPipeline.~~~Joah3C/Root/Payload/linphone.app/Frameworks/libswift_Concurrency.dylib: replacing existing signature
/var/folders/xb/n6m0jmkx2yg22l7w31b445x40000gn/T/XcodeDistPipeline.~~~Joah3C/Root/Payload/linphone.app/Frameworks/libswift_Concurrency.dylib: signed Mach-O thin (arm64) [com.apple.dt.runtime.swiftConcurrency]
2025-03-11 12:55:07 +0000  Entitlements for <IDEDistributionItem: 0x600038584000; bundleID='com.belledonne-communications.lime', path='<DVTFilePath:0x60005c552880:'/Users/ankitkhanna/Library/Developer/Xcode/Archives/2025-03-11/linphone 11-03-25, 6.04 PM.xcarchive/Products/Applications/linphone.app/Frameworks/lime.framework'>', codeSigningInfo='<_DVTCodeSigningInformation_Path: 0x60004896d400; isSigned='1', isAdHocSigned='0', signingCertificate='<DVTSigningCertificate: 0x600041ad3240; name='Apple Development: Vaibhav Joon (R9939LLQHL)', hash='0D7F38274E3A9933A6AC531D4F9A199594391C24', serialNumber='4117F25914D6F4FD51FCEA063A3FDDB7', certificateKinds='(
    "1.2.840.113635.100.6.1.12",
    "1.2.840.113635.100.6.1.2"
), issueDate='2025-01-09 04:16:03 +0000''>', entitlements='(null)', teamID='X9NQ6V288C', identifier='com.belledonne-communications.lime', executablePath='<DVTFilePath:0x60005c556b80:'/Users/ankitkhanna/Library/Developer/Xcode/Archives/2025-03-11/linphone 11-03-25, 6.04 PM.xcarchive/Products/Applications/linphone.app/Frameworks/lime.framework/lime'>', hardenedRuntime='0'>'>: {
}
2025-03-11 12:55:07 +0000  Associated App Clip Identifiers Filter: Skipping because "com.apple.developer.associated-appclip-app-identifiers" is not present
2025-03-11 12:55:07 +0000  Entitlements for <IDEDistributionItem: 0x600038584000; bundleID='com.belledonne-communications.lime', path='<DVTFilePath:0x60005c552880:'/Users/ankitkhanna/Library/Developer/Xcode/Archives/2025-03-11/linphone 11-03-25, 6.04 PM.xcarchive/Products/Applications/linphone.app/Frameworks/lime.framework'>', codeSigningInfo='<_DVTCodeSigningInformation_Path: 0x60004896d400; isSigned='1', isAdHocSigned='0', signingCertificate='<DVTSigningCertificate: 0x600041ad3c00; name='Apple Development: Vaibhav Joon (R9939LLQHL)', hash='0D7F38274E3A9933A6AC531D4F9A199594391C24', serialNumber='4117F25914D6F4FD51FCEA063A3FDDB7', certificateKinds='(
    "1.2.840.113635.100.6.1.12",
    "1.2.840.113635.100.6.1.2"
), issueDate='2025-01-09 04:16:03 +0000''>', entitlements='(null)', teamID='X9NQ6V288C', identifier='com.belledonne-communications.lime', executablePath='<DVTFilePath:0x60005c556b80:'/Users/ankitkhanna/Library/Developer/Xcode/Archives/2025-03-11/linphone 11-03-25, 6.04 PM.xcarchive/Products/Applications/linphone.app/Frameworks/lime.framework/lime'>', hardenedRuntime='0'>'> are: {
}
2025-03-11 12:55:07 +0000  Writing entitlements for <IDEDistributionItem: 0x600038584000; bundleID='com.belledonne-communications.lime', path='<DVTFilePath:0x60005c552880:'/Users/ankitkhanna/Library/Developer/Xcode/Archives/2025-03-11/linphone 11-03-25, 6.04 PM.xcarchive/Products/Applications/linphone.app/Frameworks/lime.framework'>', codeSigningInfo='<_DVTCodeSigningInformation_Path: 0x60004896d400; isSigned='1', isAdHocSigned='0', signingCertificate='<DVTSigningCertificate: 0x600041ad3e40; name='Apple Development: Vaibhav Joon (R9939LLQHL)', hash='0D7F38274E3A9933A6AC531D4F9A199594391C24', serialNumber='4117F25914D6F4FD51FCEA063A3FDDB7', certificateKinds='(
    "1.2.840.113635.100.6.1.12",
    "1.2.840.113635.100.6.1.2"
), issueDate='2025-01-09 04:16:03 +0000''>', entitlements='(null)', teamID='X9NQ6V288C', identifier='com.belledonne-communications.lime', executablePath='<DVTFilePath:0x60005c556b80:'/Users/ankitkhanna/Library/Developer/Xcode/Archives/2025-03-11/linphone 11-03-25, 6.04 PM.xcarchive/Products/Applications/linphone.app/Frameworks/lime.framework/lime'>', hardenedRuntime='0'>'> to: /var/folders/xb/n6m0jmkx2yg22l7w31b445x40000gn/T/XcodeDistPipeline.~~~Joah3C/entitlements~~~pWMNjK
2025-03-11 12:55:07 +0000  invoking codesign: <NSConcreteTask: 0x600048f84cd0; launchPath='/usr/bin/codesign', arguments='(
    "-f",
    "-s",
    0D7F38274E3A9933A6AC531D4F9A199594391C24,
    "--entitlements",
    "/var/folders/xb/n6m0jmkx2yg22l7w31b445x40000gn/T/XcodeDistPipeline.~~~Joah3C/entitlements~~~pWMNjK",
    "--preserve-metadata=identifier,flags,runtime",
    "--generate-entitlement-der",
    "--strip-disallowed-xattrs",
    "-vvv",
    "/var/folders/xb/n6m0jmkx2yg22l7w31b445x40000gn/T/XcodeDistPipeline.~~~Joah3C/Root/Payload/linphone.app/Frameworks/lime.framework"
)'>
2025-03-11 12:55:08 +0000  codesign output: /var/folders/xb/n6m0jmkx2yg22l7w31b445x40000gn/T/XcodeDistPipeline.~~~Joah3C/Root/Payload/linphone.app/Frameworks/lime.framework: replacing existing signature
/var/folders/xb/n6m0jmkx2yg22l7w31b445x40000gn/T/XcodeDistPipeline.~~~Joah3C/Root/Payload/linphone.app/Frameworks/lime.framework: signed bundle with Mach-O thin (arm64) [com.belledonne-communications.lime]
2025-03-11 12:55:08 +0000  Entitlements for <IDEDistributionItem: 0x600038586580; bundleID='com.belledonne-communications.limetester', path='<DVTFilePath:0x60004c409c00:'/Users/ankitkhanna/Library/Developer/Xcode/Archives/2025-03-11/linphone 11-03-25, 6.04 PM.xcarchive/Products/Applications/linphone.app/Frameworks/limetester.framework'>', codeSigningInfo='<_DVTCodeSigningInformation_Path: 0x600048953890; isSigned='1', isAdHocSigned='0', signingCertificate='<DVTSigningCertificate: 0x600041ad3240; name='Apple Development: Vaibhav Joon (R9939LLQHL)', hash='0D7F38274E3A9933A6AC531D4F9A199594391C24', serialNumber='4117F25914D6F4FD51FCEA063A3FDDB7', certificateKinds='(
    "1.2.840.113635.100.6.1.12",
    "1.2.840.113635.100.6.1.2"
), issueDate='2025-01-09 04:16:03 +0000''>', entitlements='(null)', teamID='X9NQ6V288C', identifier='com.belledonne-communications.limetester', executablePath='<DVTFilePath:0x600030b065e0:'/Users/ankitkhanna/Library/Developer/Xcode/Archives/2025-03-11/linphone 11-03-25, 6.04 PM.xcarchive/Products/Applications/linphone.app/Frameworks/limetester.framework/limetester'>', hardenedRuntime='0'>'>: {
}
2025-03-11 12:55:08 +0000  Associated App Clip Identifiers Filter: Skipping because "com.apple.developer.associated-appclip-app-identifiers" is not present
2025-03-11 12:55:08 +0000  Entitlements for <IDEDistributionItem: 0x600038586580; bundleID='com.belledonne-communications.limetester', path='<DVTFilePath:0x60004c409c00:'/Users/ankitkhanna/Library/Developer/Xcode/Archives/2025-03-11/linphone 11-03-25, 6.04 PM.xcarchive/Products/Applications/linphone.app/Frameworks/limetester.framework'>', codeSigningInfo='<_DVTCodeSigningInformation_Path: 0x600048953890; isSigned='1', isAdHocSigned='0', signingCertificate='<DVTSigningCertificate: 0x600041ad3c00; name='Apple Development: Vaibhav Joon (R9939LLQHL)', hash='0D7F38274E3A9933A6AC531D4F9A199594391C24', serialNumber='4117F25914D6F4FD51FCEA063A3FDDB7', certificateKinds='(
    "1.2.840.113635.100.6.1.12",
    "1.2.840.113635.100.6.1.2"
), issueDate='2025-01-09 04:16:03 +0000''>', entitlements='(null)', teamID='X9NQ6V288C', identifier='com.belledonne-communications.limetester', executablePath='<DVTFilePath:0x600030b065e0:'/Users/ankitkhanna/Library/Developer/Xcode/Archives/2025-03-11/linphone 11-03-25, 6.04 PM.xcarchive/Products/Applications/linphone.app/Frameworks/limetester.framework/limetester'>', hardenedRuntime='0'>'> are: {
}
2025-03-11 12:55:08 +0000  Writing entitlements for <IDEDistributionItem: 0x600038586580; bundleID='com.belledonne-communications.limetester', path='<DVTFilePath:0x60004c409c00:'/Users/ankitkhanna/Library/Developer/Xcode/Archives/2025-03-11/linphone 11-03-25, 6.04 PM.xcarchive/Products/Applications/linphone.app/Frameworks/limetester.framework'>', codeSigningInfo='<_DVTCodeSigningInformation_Path: 0x600048953890; isSigned='1', isAdHocSigned='0', signingCertificate='<DVTSigningCertificate: 0x600041ad3e40; name='Apple Development: Vaibhav Joon (R9939LLQHL)', hash='0D7F38274E3A9933A6AC531D4F9A199594391C24', serialNumber='4117F25914D6F4FD51FCEA063A3FDDB7', certificateKinds='(
    "1.2.840.113635.100.6.1.12",
    "1.2.840.113635.100.6.1.2"
), issueDate='2025-01-09 04:16:03 +0000''>', entitlements='(null)', teamID='X9NQ6V288C', identifier='com.belledonne-communications.limetester', executablePath='<DVTFilePath:0x600030b065e0:'/Users/ankitkhanna/Library/Developer/Xcode/Archives/2025-03-11/linphone 11-03-25, 6.04 PM.xcarchive/Products/Applications/linphone.app/Frameworks/limetester.framework/limetester'>', hardenedRuntime='0'>'> to: /var/folders/xb/n6m0jmkx2yg22l7w31b445x40000gn/T/XcodeDistPipeline.~~~Joah3C/entitlements~~~VEPDaK
2025-03-11 12:55:08 +0000  invoking codesign: <NSConcreteTask: 0x600048f82c10; launchPath='/usr/bin/codesign', arguments='(
    "-f",
    "-s",
    0D7F38274E3A9933A6AC531D4F9A199594391C24,
    "--entitlements",
    "/var/folders/xb/n6m0jmkx2yg22l7w31b445x40000gn/T/XcodeDistPipeline.~~~Joah3C/entitlements~~~VEPDaK",
    "--preserve-metadata=identifier,flags,runtime",
    "--generate-entitlement-der",
    "--strip-disallowed-xattrs",
    "-vvv",
    "/var/folders/xb/n6m0jmkx2yg22l7w31b445x40000gn/T/XcodeDistPipeline.~~~Joah3C/Root/Payload/linphone.app/Frameworks/limetester.framework"
)'>
2025-03-11 12:55:08 +0000  codesign output: /var/folders/xb/n6m0jmkx2yg22l7w31b445x40000gn/T/XcodeDistPipeline.~~~Joah3C/Root/Payload/linphone.app/Frameworks/limetester.framework: replacing existing signature
/var/folders/xb/n6m0jmkx2yg22l7w31b445x40000gn/T/XcodeDistPipeline.~~~Joah3C/Root/Payload/linphone.app/Frameworks/limetester.framework: signed bundle with Mach-O thin (arm64) [com.belledonne-communications.limetester]
2025-03-11 12:55:08 +0000  Entitlements for <IDEDistributionItem: 0x600038585380; bundleID='org.linphone.linphone', path='<DVTFilePath:0x60004c423020:'/Users/ankitkhanna/Library/Developer/Xcode/Archives/2025-03-11/linphone 11-03-25, 6.04 PM.xcarchive/Products/Applications/linphone.app/Frameworks/linphone.framework'>', codeSigningInfo='<_DVTCodeSigningInformation_Path: 0x600048952300; isSigned='1', isAdHocSigned='0', signingCertificate='<DVTSigningCertificate: 0x600041ad3240; name='Apple Development: Vaibhav Joon (R9939LLQHL)', hash='0D7F38274E3A9933A6AC531D4F9A199594391C24', serialNumber='4117F25914D6F4FD51FCEA063A3FDDB7', certificateKinds='(
    "1.2.840.113635.100.6.1.12",
    "1.2.840.113635.100.6.1.2"
), issueDate='2025-01-09 04:16:03 +0000''>', entitlements='(null)', teamID='X9NQ6V288C', identifier='org.linphone.linphone', executablePath='<DVTFilePath:0x60005c551aa0:'/Users/ankitkhanna/Library/Developer/Xcode/Archives/2025-03-11/linphone 11-03-25, 6.04 PM.xcarchive/Products/Applications/linphone.app/Frameworks/linphone.framework/linphone'>', hardenedRuntime='0'>'>: {
}
2025-03-11 12:55:08 +0000  Associated App Clip Identifiers Filter: Skipping because "com.apple.developer.associated-appclip-app-identifiers" is not present
2025-03-11 12:55:08 +0000  Entitlements for <IDEDistributionItem: 0x600038585380; bundleID='org.linphone.linphone', path='<DVTFilePath:0x60004c423020:'/Users/ankitkhanna/Library/Developer/Xcode/Archives/2025-03-11/linphone 11-03-25, 6.04 PM.xcarchive/Products/Applications/linphone.app/Frameworks/linphone.framework'>', codeSigningInfo='<_DVTCodeSigningInformation_Path: 0x600048952300; isSigned='1', isAdHocSigned='0', signingCertificate='<DVTSigningCertificate: 0x600041ad3c00; name='Apple Development: Vaibhav Joon (R9939LLQHL)', hash='0D7F38274E3A9933A6AC531D4F9A199594391C24', serialNumber='4117F25914D6F4FD51FCEA063A3FDDB7', certificateKinds='(
    "1.2.840.113635.100.6.1.12",
    "1.2.840.113635.100.6.1.2"
), issueDate='2025-01-09 04:16:03 +0000''>', entitlements='(null)', teamID='X9NQ6V288C', identifier='org.linphone.linphone', executablePath='<DVTFilePath:0x60005c551aa0:'/Users/ankitkhanna/Library/Developer/Xcode/Archives/2025-03-11/linphone 11-03-25, 6.04 PM.xcarchive/Products/Applications/linphone.app/Frameworks/linphone.framework/linphone'>', hardenedRuntime='0'>'> are: {
}
2025-03-11 12:55:08 +0000  Writing entitlements for <IDEDistributionItem: 0x600038585380; bundleID='org.linphone.linphone', path='<DVTFilePath:0x60004c423020:'/Users/ankitkhanna/Library/Developer/Xcode/Archives/2025-03-11/linphone 11-03-25, 6.04 PM.xcarchive/Products/Applications/linphone.app/Frameworks/linphone.framework'>', codeSigningInfo='<_DVTCodeSigningInformation_Path: 0x600048952300; isSigned='1', isAdHocSigned='0', signingCertificate='<DVTSigningCertificate: 0x600041ad3e40; name='Apple Development: Vaibhav Joon (R9939LLQHL)', hash='0D7F38274E3A9933A6AC531D4F9A199594391C24', serialNumber='4117F25914D6F4FD51FCEA063A3FDDB7', certificateKinds='(
    "1.2.840.113635.100.6.1.12",
    "1.2.840.113635.100.6.1.2"
), issueDate='2025-01-09 04:16:03 +0000''>', entitlements='(null)', teamID='X9NQ6V288C', identifier='org.linphone.linphone', executablePath='<DVTFilePath:0x60005c551aa0:'/Users/ankitkhanna/Library/Developer/Xcode/Archives/2025-03-11/linphone 11-03-25, 6.04 PM.xcarchive/Products/Applications/linphone.app/Frameworks/linphone.framework/linphone'>', hardenedRuntime='0'>'> to: /var/folders/xb/n6m0jmkx2yg22l7w31b445x40000gn/T/XcodeDistPipeline.~~~Joah3C/entitlements~~~zWGDbA
2025-03-11 12:55:08 +0000  invoking codesign: <NSConcreteTask: 0x600048f74b40; launchPath='/usr/bin/codesign', arguments='(
    "-f",
    "-s",
    0D7F38274E3A9933A6AC531D4F9A199594391C24,
    "--entitlements",
    "/var/folders/xb/n6m0jmkx2yg22l7w31b445x40000gn/T/XcodeDistPipeline.~~~Joah3C/entitlements~~~zWGDbA",
    "--preserve-metadata=identifier,flags,runtime",
    "--generate-entitlement-der",
    "--strip-disallowed-xattrs",
    "-vvv",
    "/var/folders/xb/n6m0jmkx2yg22l7w31b445x40000gn/T/XcodeDistPipeline.~~~Joah3C/Root/Payload/linphone.app/Frameworks/linphone.framework"
)'>
2025-03-11 12:55:08 +0000  codesign output: /var/folders/xb/n6m0jmkx2yg22l7w31b445x40000gn/T/XcodeDistPipeline.~~~Joah3C/Root/Payload/linphone.app/Frameworks/linphone.framework: replacing existing signature
/var/folders/xb/n6m0jmkx2yg22l7w31b445x40000gn/T/XcodeDistPipeline.~~~Joah3C/Root/Payload/linphone.app/Frameworks/linphone.framework: signed bundle with Mach-O thin (arm64) [org.linphone.linphone]
2025-03-11 12:55:08 +0000  Entitlements for <IDEDistributionItem: 0x600038584120; bundleID='org.cocoapods.linphonesw', path='<DVTFilePath:0x60004c40fbf0:'/Users/ankitkhanna/Library/Developer/Xcode/Archives/2025-03-11/linphone 11-03-25, 6.04 PM.xcarchive/Products/Applications/linphone.app/Frameworks/linphonesw.framework'>', codeSigningInfo='<_DVTCodeSigningInformation_Path: 0x60004896d360; isSigned='1', isAdHocSigned='0', signingCertificate='<DVTSigningCertificate: 0x600041ad3c00; name='Apple Development: Vaibhav Joon (R9939LLQHL)', hash='0D7F38274E3A9933A6AC531D4F9A199594391C24', serialNumber='4117F25914D6F4FD51FCEA063A3FDDB7', certificateKinds='(
    "1.2.840.113635.100.6.1.12",
    "1.2.840.113635.100.6.1.2"
), issueDate='2025-01-09 04:16:03 +0000''>', entitlements='(null)', teamID='X9NQ6V288C', identifier='org.cocoapods.linphonesw', executablePath='<DVTFilePath:0x60005c550f00:'/Users/ankitkhanna/Library/Developer/Xcode/Archives/2025-03-11/linphone 11-03-25, 6.04 PM.xcarchive/Products/Applications/linphone.app/Frameworks/linphonesw.framework/linphonesw'>', hardenedRuntime='0'>'>: {
}
2025-03-11 12:55:08 +0000  Associated App Clip Identifiers Filter: Skipping because "com.apple.developer.associated-appclip-app-identifiers" is not present
2025-03-11 12:55:08 +0000  Entitlements for <IDEDistributionItem: 0x600038584120; bundleID='org.cocoapods.linphonesw', path='<DVTFilePath:0x60004c40fbf0:'/Users/ankitkhanna/Library/Developer/Xcode/Archives/2025-03-11/linphone 11-03-25, 6.04 PM.xcarchive/Products/Applications/linphone.app/Frameworks/linphonesw.framework'>', codeSigningInfo='<_DVTCodeSigningInformation_Path: 0x60004896d360; isSigned='1', isAdHocSigned='0', signingCertificate='<DVTSigningCertificate: 0x600041ad3e40; name='Apple Development: Vaibhav Joon (R9939LLQHL)', hash='0D7F38274E3A9933A6AC531D4F9A199594391C24', serialNumber='4117F25914D6F4FD51FCEA063A3FDDB7', certificateKinds='(
    "1.2.840.113635.100.6.1.12",
    "1.2.840.113635.100.6.1.2"
), issueDate='2025-01-09 04:16:03 +0000''>', entitlements='(null)', teamID='X9NQ6V288C', identifier='org.cocoapods.linphonesw', executablePath='<DVTFilePath:0x60005c550f00:'/Users/ankitkhanna/Library/Developer/Xcode/Archives/2025-03-11/linphone 11-03-25, 6.04 PM.xcarchive/Products/Applications/linphone.app/Frameworks/linphonesw.framework/linphonesw'>', hardenedRuntime='0'>'> are: {
}
2025-03-11 12:55:08 +0000  Writing entitlements for <IDEDistributionItem: 0x600038584120; bundleID='org.cocoapods.linphonesw', path='<DVTFilePath:0x60004c40fbf0:'/Users/ankitkhanna/Library/Developer/Xcode/Archives/2025-03-11/linphone 11-03-25, 6.04 PM.xcarchive/Products/Applications/linphone.app/Frameworks/linphonesw.framework'>', codeSigningInfo='<_DVTCodeSigningInformation_Path: 0x60004896d360; isSigned='1', isAdHocSigned='0', signingCertificate='<DVTSigningCertificate: 0x600041ad2e80; name='Apple Development: Vaibhav Joon (R9939LLQHL)', hash='0D7F38274E3A9933A6AC531D4F9A199594391C24', serialNumber='4117F25914D6F4FD51FCEA063A3FDDB7', certificateKinds='(
    "1.2.840.113635.100.6.1.12",
    "1.2.840.113635.100.6.1.2"
), issueDate='2025-01-09 04:16:03 +0000''>', entitlements='(null)', teamID='X9NQ6V288C', identifier='org.cocoapods.linphonesw', executablePath='<DVTFilePath:0x60005c550f00:'/Users/ankitkhanna/Library/Developer/Xcode/Archives/2025-03-11/linphone 11-03-25, 6.04 PM.xcarchive/Products/Applications/linphone.app/Frameworks/linphonesw.framework/linphonesw'>', hardenedRuntime='0'>'> to: /var/folders/xb/n6m0jmkx2yg22l7w31b445x40000gn/T/XcodeDistPipeline.~~~Joah3C/entitlements~~~dMYTB9
2025-03-11 12:55:08 +0000  invoking codesign: <NSConcreteTask: 0x600048f747d0; launchPath='/usr/bin/codesign', arguments='(
    "-f",
    "-s",
    0D7F38274E3A9933A6AC531D4F9A199594391C24,
    "--entitlements",
    "/var/folders/xb/n6m0jmkx2yg22l7w31b445x40000gn/T/XcodeDistPipeline.~~~Joah3C/entitlements~~~dMYTB9",
    "--preserve-metadata=identifier,flags,runtime",
    "--generate-entitlement-der",
    "--strip-disallowed-xattrs",
    "-vvv",
    "/var/folders/xb/n6m0jmkx2yg22l7w31b445x40000gn/T/XcodeDistPipeline.~~~Joah3C/Root/Payload/linphone.app/Frameworks/linphonesw.framework"
)'>
2025-03-11 12:55:08 +0000  codesign output: /var/folders/xb/n6m0jmkx2yg22l7w31b445x40000gn/T/XcodeDistPipeline.~~~Joah3C/Root/Payload/linphone.app/Frameworks/linphonesw.framework: replacing existing signature
/var/folders/xb/n6m0jmkx2yg22l7w31b445x40000gn/T/XcodeDistPipeline.~~~Joah3C/Root/Payload/linphone.app/Frameworks/linphonesw.framework: signed bundle with Mach-O thin (arm64) [org.cocoapods.linphonesw]
2025-03-11 12:55:08 +0000  Entitlements for <IDEDistributionItem: 0x600038587060; bundleID='com.belledonne-communications.linphonetester', path='<DVTFilePath:0x60004c40fdb0:'/Users/ankitkhanna/Library/Developer/Xcode/Archives/2025-03-11/linphone 11-03-25, 6.04 PM.xcarchive/Products/Applications/linphone.app/Frameworks/linphonetester.framework'>', codeSigningInfo='<_DVTCodeSigningInformation_Path: 0x6000489a8140; isSigned='1', isAdHocSigned='0', signingCertificate='<DVTSigningCertificate: 0x600041ad3c00; name='Apple Development: Vaibhav Joon (R9939LLQHL)', hash='0D7F38274E3A9933A6AC531D4F9A199594391C24', serialNumber='4117F25914D6F4FD51FCEA063A3FDDB7', certificateKinds='(
    "1.2.840.113635.100.6.1.12",
    "1.2.840.113635.100.6.1.2"
), issueDate='2025-01-09 04:16:03 +0000''>', entitlements='(null)', teamID='X9NQ6V288C', identifier='com.belledonne-communications.linphonetester', executablePath='<DVTFilePath:0x60005c5508a0:'/Users/ankitkhanna/Library/Developer/Xcode/Archives/2025-03-11/linphone 11-03-25, 6.04 PM.xcarchive/Products/Applications/linphone.app/Frameworks/linphonetester.framework/linphonetester'>', hardenedRuntime='0'>'>: {
}
2025-03-11 12:55:08 +0000  Associated App Clip Identifiers Filter: Skipping because "com.apple.developer.associated-appclip-app-identifiers" is not present
2025-03-11 12:55:08 +0000  Entitlements for <IDEDistributionItem: 0x600038587060; bundleID='com.belledonne-communications.linphonetester', path='<DVTFilePath:0x60004c40fdb0:'/Users/ankitkhanna/Library/Developer/Xcode/Archives/2025-03-11/linphone 11-03-25, 6.04 PM.xcarchive/Products/Applications/linphone.app/Frameworks/linphonetester.framework'>', codeSigningInfo='<_DVTCodeSigningInformation_Path: 0x6000489a8140; isSigned='1', isAdHocSigned='0', signingCertificate='<DVTSigningCertificate: 0x600041ad3e40; name='Apple Development: Vaibhav Joon (R9939LLQHL)', hash='0D7F38274E3A9933A6AC531D4F9A199594391C24', serialNumber='4117F25914D6F4FD51FCEA063A3FDDB7', certificateKinds='(
    "1.2.840.113635.100.6.1.12",
    "1.2.840.113635.100.6.1.2"
), issueDate='2025-01-09 04:16:03 +0000''>', entitlements='(null)', teamID='X9NQ6V288C', identifier='com.belledonne-communications.linphonetester', executablePath='<DVTFilePath:0x60005c5508a0:'/Users/ankitkhanna/Library/Developer/Xcode/Archives/2025-03-11/linphone 11-03-25, 6.04 PM.xcarchive/Products/Applications/linphone.app/Frameworks/linphonetester.framework/linphonetester'>', hardenedRuntime='0'>'> are: {
}
2025-03-11 12:55:08 +0000  Writing entitlements for <IDEDistributionItem: 0x600038587060; bundleID='com.belledonne-communications.linphonetester', path='<DVTFilePath:0x60004c40fdb0:'/Users/ankitkhanna/Library/Developer/Xcode/Archives/2025-03-11/linphone 11-03-25, 6.04 PM.xcarchive/Products/Applications/linphone.app/Frameworks/linphonetester.framework'>', codeSigningInfo='<_DVTCodeSigningInformation_Path: 0x6000489a8140; isSigned='1', isAdHocSigned='0', signingCertificate='<DVTSigningCertificate: 0x600041ac4e40; name='Apple Development: Vaibhav Joon (R9939LLQHL)', hash='0D7F38274E3A9933A6AC531D4F9A199594391C24', serialNumber='4117F25914D6F4FD51FCEA063A3FDDB7', certificateKinds='(
    "1.2.840.113635.100.6.1.12",
    "1.2.840.113635.100.6.1.2"
), issueDate='2025-01-09 04:16:03 +0000''>', entitlements='(null)', teamID='X9NQ6V288C', identifier='com.belledonne-communications.linphonetester', executablePath='<DVTFilePath:0x60005c5508a0:'/Users/ankitkhanna/Library/Developer/Xcode/Archives/2025-03-11/linphone 11-03-25, 6.04 PM.xcarchive/Products/Applications/linphone.app/Frameworks/linphonetester.framework/linphonetester'>', hardenedRuntime='0'>'> to: /var/folders/xb/n6m0jmkx2yg22l7w31b445x40000gn/T/XcodeDistPipeline.~~~Joah3C/entitlements~~~ykJSpK
2025-03-11 12:55:08 +0000  invoking codesign: <NSConcreteTask: 0x600048f74230; launchPath='/usr/bin/codesign', arguments='(
    "-f",
    "-s",
    0D7F38274E3A9933A6AC531D4F9A199594391C24,
    "--entitlements",
    "/var/folders/xb/n6m0jmkx2yg22l7w31b445x40000gn/T/XcodeDistPipeline.~~~Joah3C/entitlements~~~ykJSpK",
    "--preserve-metadata=identifier,flags,runtime",
    "--generate-entitlement-der",
    "--strip-disallowed-xattrs",
    "-vvv",
    "/var/folders/xb/n6m0jmkx2yg22l7w31b445x40000gn/T/XcodeDistPipeline.~~~Joah3C/Root/Payload/linphone.app/Frameworks/linphonetester.framework"
)'>
2025-03-11 12:55:08 +0000  codesign output: /var/folders/xb/n6m0jmkx2yg22l7w31b445x40000gn/T/XcodeDistPipeline.~~~Joah3C/Root/Payload/linphone.app/Frameworks/linphonetester.framework: replacing existing signature
/var/folders/xb/n6m0jmkx2yg22l7w31b445x40000gn/T/XcodeDistPipeline.~~~Joah3C/Root/Payload/linphone.app/Frameworks/linphonetester.framework: signed bundle with Mach-O thin (arm64) [com.belledonne-communications.linphonetester]
2025-03-11 12:55:08 +0000  Entitlements for <IDEDistributionItem: 0x6000385836c0; bundleID='org.linphone.mediastreamer2', path='<DVTFilePath:0x60004c409ce0:'/Users/ankitkhanna/Library/Developer/Xcode/Archives/2025-03-11/linphone 11-03-25, 6.04 PM.xcarchive/Products/Applications/linphone.app/Frameworks/mediastreamer2.framework'>', codeSigningInfo='<_DVTCodeSigningInformation_Path: 0x60004896cc30; isSigned='1', isAdHocSigned='0', signingCertificate='<DVTSigningCertificate: 0x600041ad3c00; name='Apple Development: Vaibhav Joon (R9939LLQHL)', hash='0D7F38274E3A9933A6AC531D4F9A199594391C24', serialNumber='4117F25914D6F4FD51FCEA063A3FDDB7', certificateKinds='(
    "1.2.840.113635.100.6.1.12",
    "1.2.840.113635.100.6.1.2"
), issueDate='2025-01-09 04:16:03 +0000''>', entitlements='(null)', teamID='X9NQ6V288C', identifier='org.linphone.mediastreamer2', executablePath='<DVTFilePath:0x60005c556e80:'/Users/ankitkhanna/Library/Developer/Xcode/Archives/2025-03-11/linphone 11-03-25, 6.04 PM.xcarchive/Products/Applications/linphone.app/Frameworks/mediastreamer2.framework/mediastreamer2'>', hardenedRuntime='0'>'>: {
}
2025-03-11 12:55:08 +0000  Associated App Clip Identifiers Filter: Skipping because "com.apple.developer.associated-appclip-app-identifiers" is not present
2025-03-11 12:55:08 +0000  Entitlements for <IDEDistributionItem: 0x6000385836c0; bundleID='org.linphone.mediastreamer2', path='<DVTFilePath:0x60004c409ce0:'/Users/ankitkhanna/Library/Developer/Xcode/Archives/2025-03-11/linphone 11-03-25, 6.04 PM.xcarchive/Products/Applications/linphone.app/Frameworks/mediastreamer2.framework'>', codeSigningInfo='<_DVTCodeSigningInformation_Path: 0x60004896cc30; isSigned='1', isAdHocSigned='0', signingCertificate='<DVTSigningCertificate: 0x600041ad3e40; name='Apple Development: Vaibhav Joon (R9939LLQHL)', hash='0D7F38274E3A9933A6AC531D4F9A199594391C24', serialNumber='4117F25914D6F4FD51FCEA063A3FDDB7', certificateKinds='(
    "1.2.840.113635.100.6.1.12",
    "1.2.840.113635.100.6.1.2"
), issueDate='2025-01-09 04:16:03 +0000''>', entitlements='(null)', teamID='X9NQ6V288C', identifier='org.linphone.mediastreamer2', executablePath='<DVTFilePath:0x60005c556e80:'/Users/ankitkhanna/Library/Developer/Xcode/Archives/2025-03-11/linphone 11-03-25, 6.04 PM.xcarchive/Products/Applications/linphone.app/Frameworks/mediastreamer2.framework/mediastreamer2'>', hardenedRuntime='0'>'> are: {
}
2025-03-11 12:55:08 +0000  Writing entitlements for <IDEDistributionItem: 0x6000385836c0; bundleID='org.linphone.mediastreamer2', path='<DVTFilePath:0x60004c409ce0:'/Users/ankitkhanna/Library/Developer/Xcode/Archives/2025-03-11/linphone 11-03-25, 6.04 PM.xcarchive/Products/Applications/linphone.app/Frameworks/mediastreamer2.framework'>', codeSigningInfo='<_DVTCodeSigningInformation_Path: 0x60004896cc30; isSigned='1', isAdHocSigned='0', signingCertificate='<DVTSigningCertificate: 0x600041ad3d80; name='Apple Development: Vaibhav Joon (R9939LLQHL)', hash='0D7F38274E3A9933A6AC531D4F9A199594391C24', serialNumber='4117F25914D6F4FD51FCEA063A3FDDB7', certificateKinds='(
    "1.2.840.113635.100.6.1.12",
    "1.2.840.113635.100.6.1.2"
), issueDate='2025-01-09 04:16:03 +0000''>', entitlements='(null)', teamID='X9NQ6V288C', identifier='org.linphone.mediastreamer2', executablePath='<DVTFilePath:0x60005c556e80:'/Users/ankitkhanna/Library/Developer/Xcode/Archives/2025-03-11/linphone 11-03-25, 6.04 PM.xcarchive/Products/Applications/linphone.app/Frameworks/mediastreamer2.framework/mediastreamer2'>', hardenedRuntime='0'>'> to: /var/folders/xb/n6m0jmkx2yg22l7w31b445x40000gn/T/XcodeDistPipeline.~~~Joah3C/entitlements~~~zK22Et
2025-03-11 12:55:08 +0000  invoking codesign: <NSConcreteTask: 0x600048f75400; launchPath='/usr/bin/codesign', arguments='(
    "-f",
    "-s",
    0D7F38274E3A9933A6AC531D4F9A199594391C24,
    "--entitlements",
    "/var/folders/xb/n6m0jmkx2yg22l7w31b445x40000gn/T/XcodeDistPipeline.~~~Joah3C/entitlements~~~zK22Et",
    "--preserve-metadata=identifier,flags,runtime",
    "--generate-entitlement-der",
    "--strip-disallowed-xattrs",
    "-vvv",
    "/var/folders/xb/n6m0jmkx2yg22l7w31b445x40000gn/T/XcodeDistPipeline.~~~Joah3C/Root/Payload/linphone.app/Frameworks/mediastreamer2.framework"
)'>
2025-03-11 12:55:08 +0000  codesign output: /var/folders/xb/n6m0jmkx2yg22l7w31b445x40000gn/T/XcodeDistPipeline.~~~Joah3C/Root/Payload/linphone.app/Frameworks/mediastreamer2.framework: replacing existing signature
/var/folders/xb/n6m0jmkx2yg22l7w31b445x40000gn/T/XcodeDistPipeline.~~~Joah3C/Root/Payload/linphone.app/Frameworks/mediastreamer2.framework: signed bundle with Mach-O thin (arm64) [org.linphone.mediastreamer2]
2025-03-11 12:55:08 +0000  Entitlements for <IDEDistributionItem: 0x600038598660; bundleID='org.linphone.msamr', path='<DVTFilePath:0x60005c5577e0:'/Users/ankitkhanna/Library/Developer/Xcode/Archives/2025-03-11/linphone 11-03-25, 6.04 PM.xcarchive/Products/Applications/linphone.app/Frameworks/msamr.framework'>', codeSigningInfo='<_DVTCodeSigningInformation_Path: 0x600048991d60; isSigned='1', isAdHocSigned='0', signingCertificate='<DVTSigningCertificate: 0x600041ad3c00; name='Apple Development: Vaibhav Joon (R9939LLQHL)', hash='0D7F38274E3A9933A6AC531D4F9A199594391C24', serialNumber='4117F25914D6F4FD51FCEA063A3FDDB7', certificateKinds='(
    "1.2.840.113635.100.6.1.12",
    "1.2.840.113635.100.6.1.2"
), issueDate='2025-01-09 04:16:03 +0000''>', entitlements='(null)', teamID='X9NQ6V288C', identifier='org.linphone.msamr', executablePath='<DVTFilePath:0x60005c55c120:'/Users/ankitkhanna/Library/Developer/Xcode/Archives/2025-03-11/linphone 11-03-25, 6.04 PM.xcarchive/Products/Applications/linphone.app/Frameworks/msamr.framework/msamr'>', hardenedRuntime='0'>'>: {
}
2025-03-11 12:55:08 +0000  Associated App Clip Identifiers Filter: Skipping because "com.apple.developer.associated-appclip-app-identifiers" is not present
2025-03-11 12:55:08 +0000  Entitlements for <IDEDistributionItem: 0x600038598660; bundleID='org.linphone.msamr', path='<DVTFilePath:0x60005c5577e0:'/Users/ankitkhanna/Library/Developer/Xcode/Archives/2025-03-11/linphone 11-03-25, 6.04 PM.xcarchive/Products/Applications/linphone.app/Frameworks/msamr.framework'>', codeSigningInfo='<_DVTCodeSigningInformation_Path: 0x600048991d60; isSigned='1', isAdHocSigned='0', signingCertificate='<DVTSigningCertificate: 0x600041ac4e40; name='Apple Development: Vaibhav Joon (R9939LLQHL)', hash='0D7F38274E3A9933A6AC531D4F9A199594391C24', serialNumber='4117F25914D6F4FD51FCEA063A3FDDB7', certificateKinds='(
    "1.2.840.113635.100.6.1.12",
    "1.2.840.113635.100.6.1.2"
), issueDate='2025-01-09 04:16:03 +0000''>', entitlements='(null)', teamID='X9NQ6V288C', identifier='org.linphone.msamr', executablePath='<DVTFilePath:0x60005c55c120:'/Users/ankitkhanna/Library/Developer/Xcode/Archives/2025-03-11/linphone 11-03-25, 6.04 PM.xcarchive/Products/Applications/linphone.app/Frameworks/msamr.framework/msamr'>', hardenedRuntime='0'>'> are: {
}
2025-03-11 12:55:08 +0000  Writing entitlements for <IDEDistributionItem: 0x600038598660; bundleID='org.linphone.msamr', path='<DVTFilePath:0x60005c5577e0:'/Users/ankitkhanna/Library/Developer/Xcode/Archives/2025-03-11/linphone 11-03-25, 6.04 PM.xcarchive/Products/Applications/linphone.app/Frameworks/msamr.framework'>', codeSigningInfo='<_DVTCodeSigningInformation_Path: 0x600048991d60; isSigned='1', isAdHocSigned='0', signingCertificate='<DVTSigningCertificate: 0x600041ad3e40; name='Apple Development: Vaibhav Joon (R9939LLQHL)', hash='0D7F38274E3A9933A6AC531D4F9A199594391C24', serialNumber='4117F25914D6F4FD51FCEA063A3FDDB7', certificateKinds='(
    "1.2.840.113635.100.6.1.12",
    "1.2.840.113635.100.6.1.2"
), issueDate='2025-01-09 04:16:03 +0000''>', entitlements='(null)', teamID='X9NQ6V288C', identifier='org.linphone.msamr', executablePath='<DVTFilePath:0x60005c55c120:'/Users/ankitkhanna/Library/Developer/Xcode/Archives/2025-03-11/linphone 11-03-25, 6.04 PM.xcarchive/Products/Applications/linphone.app/Frameworks/msamr.framework/msamr'>', hardenedRuntime='0'>'> to: /var/folders/xb/n6m0jmkx2yg22l7w31b445x40000gn/T/XcodeDistPipeline.~~~Joah3C/entitlements~~~HkzKc6
2025-03-11 12:55:08 +0000  invoking codesign: <NSConcreteTask: 0x600048f74dc0; launchPath='/usr/bin/codesign', arguments='(
    "-f",
    "-s",
    0D7F38274E3A9933A6AC531D4F9A199594391C24,
    "--entitlements",
    "/var/folders/xb/n6m0jmkx2yg22l7w31b445x40000gn/T/XcodeDistPipeline.~~~Joah3C/entitlements~~~HkzKc6",
    "--preserve-metadata=identifier,flags,runtime",
    "--generate-entitlement-der",
    "--strip-disallowed-xattrs",
    "-vvv",
    "/var/folders/xb/n6m0jmkx2yg22l7w31b445x40000gn/T/XcodeDistPipeline.~~~Joah3C/Root/Payload/linphone.app/Frameworks/msamr.framework"
)'>
2025-03-11 12:55:08 +0000  codesign output: /var/folders/xb/n6m0jmkx2yg22l7w31b445x40000gn/T/XcodeDistPipeline.~~~Joah3C/Root/Payload/linphone.app/Frameworks/msamr.framework: replacing existing signature
/var/folders/xb/n6m0jmkx2yg22l7w31b445x40000gn/T/XcodeDistPipeline.~~~Joah3C/Root/Payload/linphone.app/Frameworks/msamr.framework: signed bundle with Mach-O thin (arm64) [org.linphone.msamr]
2025-03-11 12:55:08 +0000  Entitlements for <IDEDistributionItem: 0x600038584a80; bundleID='org.linphone.mscodec2', path='<DVTFilePath:0x60004c409ff0:'/Users/ankitkhanna/Library/Developer/Xcode/Archives/2025-03-11/linphone 11-03-25, 6.04 PM.xcarchive/Products/Applications/linphone.app/Frameworks/mscodec2.framework'>', codeSigningInfo='<_DVTCodeSigningInformation_Path: 0x60004896ff20; isSigned='1', isAdHocSigned='0', signingCertificate='<DVTSigningCertificate: 0x600041ac4e40; name='Apple Development: Vaibhav Joon (R9939LLQHL)', hash='0D7F38274E3A9933A6AC531D4F9A199594391C24', serialNumber='4117F25914D6F4FD51FCEA063A3FDDB7', certificateKinds='(
    "1.2.840.113635.100.6.1.12",
    "1.2.840.113635.100.6.1.2"
), issueDate='2025-01-09 04:16:03 +0000''>', entitlements='(null)', teamID='X9NQ6V288C', identifier='org.linphone.mscodec2', executablePath='<DVTFilePath:0x60005c55fd20:'/Users/ankitkhanna/Library/Developer/Xcode/Archives/2025-03-11/linphone 11-03-25, 6.04 PM.xcarchive/Products/Applications/linphone.app/Frameworks/mscodec2.framework/mscodec2'>', hardenedRuntime='0'>'>: {
}
2025-03-11 12:55:08 +0000  Associated App Clip Identifiers Filter: Skipping because "com.apple.developer.associated-appclip-app-identifiers" is not present
2025-03-11 12:55:08 +0000  Entitlements for <IDEDistributionItem: 0x600038584a80; bundleID='org.linphone.mscodec2', path='<DVTFilePath:0x60004c409ff0:'/Users/ankitkhanna/Library/Developer/Xcode/Archives/2025-03-11/linphone 11-03-25, 6.04 PM.xcarchive/Products/Applications/linphone.app/Frameworks/mscodec2.framework'>', codeSigningInfo='<_DVTCodeSigningInformation_Path: 0x60004896ff20; isSigned='1', isAdHocSigned='0', signingCertificate='<DVTSigningCertificate: 0x600041ac4fc0; name='Apple Development: Vaibhav Joon (R9939LLQHL)', hash='0D7F38274E3A9933A6AC531D4F9A199594391C24', serialNumber='4117F25914D6F4FD51FCEA063A3FDDB7', certificateKinds='(
    "1.2.840.113635.100.6.1.12",
    "1.2.840.113635.100.6.1.2"
), issueDate='2025-01-09 04:16:03 +0000''>', entitlements='(null)', teamID='X9NQ6V288C', identifier='org.linphone.mscodec2', executablePath='<DVTFilePath:0x60005c55fd20:'/Users/ankitkhanna/Library/Developer/Xcode/Archives/2025-03-11/linphone 11-03-25, 6.04 PM.xcarchive/Products/Applications/linphone.app/Frameworks/mscodec2.framework/mscodec2'>', hardenedRuntime='0'>'> are: {
}
2025-03-11 12:55:08 +0000  Writing entitlements for <IDEDistributionItem: 0x600038584a80; bundleID='org.linphone.mscodec2', path='<DVTFilePath:0x60004c409ff0:'/Users/ankitkhanna/Library/Developer/Xcode/Archives/2025-03-11/linphone 11-03-25, 6.04 PM.xcarchive/Products/Applications/linphone.app/Frameworks/mscodec2.framework'>', codeSigningInfo='<_DVTCodeSigningInformation_Path: 0x60004896ff20; isSigned='1', isAdHocSigned='0', signingCertificate='<DVTSigningCertificate: 0x600041ac58c0; name='Apple Development: Vaibhav Joon (R9939LLQHL)', hash='0D7F38274E3A9933A6AC531D4F9A199594391C24', serialNumber='4117F25914D6F4FD51FCEA063A3FDDB7', certificateKinds='(
    "1.2.840.113635.100.6.1.12",
    "1.2.840.113635.100.6.1.2"
), issueDate='2025-01-09 04:16:03 +0000''>', entitlements='(null)', teamID='X9NQ6V288C', identifier='org.linphone.mscodec2', executablePath='<DVTFilePath:0x60005c55fd20:'/Users/ankitkhanna/Library/Developer/Xcode/Archives/2025-03-11/linphone 11-03-25, 6.04 PM.xcarchive/Products/Applications/linphone.app/Frameworks/mscodec2.framework/mscodec2'>', hardenedRuntime='0'>'> to: /var/folders/xb/n6m0jmkx2yg22l7w31b445x40000gn/T/XcodeDistPipeline.~~~Joah3C/entitlements~~~Xzqve1
2025-03-11 12:55:08 +0000  invoking codesign: <NSConcreteTask: 0x600048f74b90; launchPath='/usr/bin/codesign', arguments='(
    "-f",
    "-s",
    0D7F38274E3A9933A6AC531D4F9A199594391C24,
    "--entitlements",
    "/var/folders/xb/n6m0jmkx2yg22l7w31b445x40000gn/T/XcodeDistPipeline.~~~Joah3C/entitlements~~~Xzqve1",
    "--preserve-metadata=identifier,flags,runtime",
    "--generate-entitlement-der",
    "--strip-disallowed-xattrs",
    "-vvv",
    "/var/folders/xb/n6m0jmkx2yg22l7w31b445x40000gn/T/XcodeDistPipeline.~~~Joah3C/Root/Payload/linphone.app/Frameworks/mscodec2.framework"
)'>
2025-03-11 12:55:08 +0000  codesign output: /var/folders/xb/n6m0jmkx2yg22l7w31b445x40000gn/T/XcodeDistPipeline.~~~Joah3C/Root/Payload/linphone.app/Frameworks/mscodec2.framework: replacing existing signature
/var/folders/xb/n6m0jmkx2yg22l7w31b445x40000gn/T/XcodeDistPipeline.~~~Joah3C/Root/Payload/linphone.app/Frameworks/mscodec2.framework: signed bundle with Mach-O thin (arm64) [org.linphone.mscodec2]
2025-03-11 12:55:08 +0000  Entitlements for <IDEDistributionItem: 0x6000385879c0; bundleID='org.linphone.msopenh264', path='<DVTFilePath:0x60004c40a1b0:'/Users/ankitkhanna/Library/Developer/Xcode/Archives/2025-03-11/linphone 11-03-25, 6.04 PM.xcarchive/Products/Applications/linphone.app/Frameworks/msopenh264.framework'>', codeSigningInfo='<_DVTCodeSigningInformation_Path: 0x6000489a8050; isSigned='1', isAdHocSigned='0', signingCertificate='<DVTSigningCertificate: 0x600041ac4e40; name='Apple Development: Vaibhav Joon (R9939LLQHL)', hash='0D7F38274E3A9933A6AC531D4F9A199594391C24', serialNumber='4117F25914D6F4FD51FCEA063A3FDDB7', certificateKinds='(
    "1.2.840.113635.100.6.1.12",
    "1.2.840.113635.100.6.1.2"
), issueDate='2025-01-09 04:16:03 +0000''>', entitlements='(null)', teamID='X9NQ6V288C', identifier='org.linphone.msopenh264', executablePath='<DVTFilePath:0x60005c550300:'/Users/ankitkhanna/Library/Developer/Xcode/Archives/2025-03-11/linphone 11-03-25, 6.04 PM.xcarchive/Products/Applications/linphone.app/Frameworks/msopenh264.framework/msopenh264'>', hardenedRuntime='0'>'>: {
}
2025-03-11 12:55:08 +0000  Associated App Clip Identifiers Filter: Skipping because "com.apple.developer.associated-appclip-app-identifiers" is not present
2025-03-11 12:55:08 +0000  Entitlements for <IDEDistributionItem: 0x6000385879c0; bundleID='org.linphone.msopenh264', path='<DVTFilePath:0x60004c40a1b0:'/Users/ankitkhanna/Library/Developer/Xcode/Archives/2025-03-11/linphone 11-03-25, 6.04 PM.xcarchive/Products/Applications/linphone.app/Frameworks/msopenh264.framework'>', codeSigningInfo='<_DVTCodeSigningInformation_Path: 0x6000489a8050; isSigned='1', isAdHocSigned='0', signingCertificate='<DVTSigningCertificate: 0x600041ac4fc0; name='Apple Development: Vaibhav Joon (R9939LLQHL)', hash='0D7F38274E3A9933A6AC531D4F9A199594391C24', serialNumber='4117F25914D6F4FD51FCEA063A3FDDB7', certificateKinds='(
    "1.2.840.113635.100.6.1.12",
    "1.2.840.113635.100.6.1.2"
), issueDate='2025-01-09 04:16:03 +0000''>', entitlements='(null)', teamID='X9NQ6V288C', identifier='org.linphone.msopenh264', executablePath='<DVTFilePath:0x60005c550300:'/Users/ankitkhanna/Library/Developer/Xcode/Archives/2025-03-11/linphone 11-03-25, 6.04 PM.xcarchive/Products/Applications/linphone.app/Frameworks/msopenh264.framework/msopenh264'>', hardenedRuntime='0'>'> are: {
}
2025-03-11 12:55:08 +0000  Writing entitlements for <IDEDistributionItem: 0x6000385879c0; bundleID='org.linphone.msopenh264', path='<DVTFilePath:0x60004c40a1b0:'/Users/ankitkhanna/Library/Developer/Xcode/Archives/2025-03-11/linphone 11-03-25, 6.04 PM.xcarchive/Products/Applications/linphone.app/Frameworks/msopenh264.framework'>', codeSigningInfo='<_DVTCodeSigningInformation_Path: 0x6000489a8050; isSigned='1', isAdHocSigned='0', signingCertificate='<DVTSigningCertificate: 0x600041ac58c0; name='Apple Development: Vaibhav Joon (R9939LLQHL)', hash='0D7F38274E3A9933A6AC531D4F9A199594391C24', serialNumber='4117F25914D6F4FD51FCEA063A3FDDB7', certificateKinds='(
    "1.2.840.113635.100.6.1.12",
    "1.2.840.113635.100.6.1.2"
), issueDate='2025-01-09 04:16:03 +0000''>', entitlements='(null)', teamID='X9NQ6V288C', identifier='org.linphone.msopenh264', executablePath='<DVTFilePath:0x60005c550300:'/Users/ankitkhanna/Library/Developer/Xcode/Archives/2025-03-11/linphone 11-03-25, 6.04 PM.xcarchive/Products/Applications/linphone.app/Frameworks/msopenh264.framework/msopenh264'>', hardenedRuntime='0'>'> to: /var/folders/xb/n6m0jmkx2yg22l7w31b445x40000gn/T/XcodeDistPipeline.~~~Joah3C/entitlements~~~ePxO4w
2025-03-11 12:55:08 +0000  invoking codesign: <NSConcreteTask: 0x600048f763f0; launchPath='/usr/bin/codesign', arguments='(
    "-f",
    "-s",
    0D7F38274E3A9933A6AC531D4F9A199594391C24,
    "--entitlements",
    "/var/folders/xb/n6m0jmkx2yg22l7w31b445x40000gn/T/XcodeDistPipeline.~~~Joah3C/entitlements~~~ePxO4w",
    "--preserve-metadata=identifier,flags,runtime",
    "--generate-entitlement-der",
    "--strip-disallowed-xattrs",
    "-vvv",
    "/var/folders/xb/n6m0jmkx2yg22l7w31b445x40000gn/T/XcodeDistPipeline.~~~Joah3C/Root/Payload/linphone.app/Frameworks/msopenh264.framework"
)'>
2025-03-11 12:55:09 +0000  codesign output: /var/folders/xb/n6m0jmkx2yg22l7w31b445x40000gn/T/XcodeDistPipeline.~~~Joah3C/Root/Payload/linphone.app/Frameworks/msopenh264.framework: replacing existing signature
/var/folders/xb/n6m0jmkx2yg22l7w31b445x40000gn/T/XcodeDistPipeline.~~~Joah3C/Root/Payload/linphone.app/Frameworks/msopenh264.framework: signed bundle with Mach-O thin (arm64) [org.linphone.msopenh264]
2025-03-11 12:55:09 +0000  Entitlements for <IDEDistributionItem: 0x6000385869a0; bundleID='org.linphone.mssilk', path='<DVTFilePath:0x60004c424a80:'/Users/ankitkhanna/Library/Developer/Xcode/Archives/2025-03-11/linphone 11-03-25, 6.04 PM.xcarchive/Products/Applications/linphone.app/Frameworks/mssilk.framework'>', codeSigningInfo='<_DVTCodeSigningInformation_Path: 0x6000489bfc00; isSigned='1', isAdHocSigned='0', signingCertificate='<DVTSigningCertificate: 0x600041ac4e40; name='Apple Development: Vaibhav Joon (R9939LLQHL)', hash='0D7F38274E3A9933A6AC531D4F9A199594391C24', serialNumber='4117F25914D6F4FD51FCEA063A3FDDB7', certificateKinds='(
    "1.2.840.113635.100.6.1.12",
    "1.2.840.113635.100.6.1.2"
), issueDate='2025-01-09 04:16:03 +0000''>', entitlements='(null)', teamID='X9NQ6V288C', identifier='org.linphone.mssilk', executablePath='<DVTFilePath:0x60005c55b5a0:'/Users/ankitkhanna/Library/Developer/Xcode/Archives/2025-03-11/linphone 11-03-25, 6.04 PM.xcarchive/Products/Applications/linphone.app/Frameworks/mssilk.framework/mssilk'>', hardenedRuntime='0'>'>: {
}
2025-03-11 12:55:09 +0000  Associated App Clip Identifiers Filter: Skipping because "com.apple.developer.associated-appclip-app-identifiers" is not present
2025-03-11 12:55:09 +0000  Entitlements for <IDEDistributionItem: 0x6000385869a0; bundleID='org.linphone.mssilk', path='<DVTFilePath:0x60004c424a80:'/Users/ankitkhanna/Library/Developer/Xcode/Archives/2025-03-11/linphone 11-03-25, 6.04 PM.xcarchive/Products/Applications/linphone.app/Frameworks/mssilk.framework'>', codeSigningInfo='<_DVTCodeSigningInformation_Path: 0x6000489bfc00; isSigned='1', isAdHocSigned='0', signingCertificate='<DVTSigningCertificate: 0x600041ac4fc0; name='Apple Development: Vaibhav Joon (R9939LLQHL)', hash='0D7F38274E3A9933A6AC531D4F9A199594391C24', serialNumber='4117F25914D6F4FD51FCEA063A3FDDB7', certificateKinds='(
    "1.2.840.113635.100.6.1.12",
    "1.2.840.113635.100.6.1.2"
), issueDate='2025-01-09 04:16:03 +0000''>', entitlements='(null)', teamID='X9NQ6V288C', identifier='org.linphone.mssilk', executablePath='<DVTFilePath:0x60005c55b5a0:'/Users/ankitkhanna/Library/Developer/Xcode/Archives/2025-03-11/linphone 11-03-25, 6.04 PM.xcarchive/Products/Applications/linphone.app/Frameworks/mssilk.framework/mssilk'>', hardenedRuntime='0'>'> are: {
}
2025-03-11 12:55:09 +0000  Writing entitlements for <IDEDistributionItem: 0x6000385869a0; bundleID='org.linphone.mssilk', path='<DVTFilePath:0x60004c424a80:'/Users/ankitkhanna/Library/Developer/Xcode/Archives/2025-03-11/linphone 11-03-25, 6.04 PM.xcarchive/Products/Applications/linphone.app/Frameworks/mssilk.framework'>', codeSigningInfo='<_DVTCodeSigningInformation_Path: 0x6000489bfc00; isSigned='1', isAdHocSigned='0', signingCertificate='<DVTSigningCertificate: 0x600041ac58c0; name='Apple Development: Vaibhav Joon (R9939LLQHL)', hash='0D7F38274E3A9933A6AC531D4F9A199594391C24', serialNumber='4117F25914D6F4FD51FCEA063A3FDDB7', certificateKinds='(
    "1.2.840.113635.100.6.1.12",
    "1.2.840.113635.100.6.1.2"
), issueDate='2025-01-09 04:16:03 +0000''>', entitlements='(null)', teamID='X9NQ6V288C', identifier='org.linphone.mssilk', executablePath='<DVTFilePath:0x60005c55b5a0:'/Users/ankitkhanna/Library/Developer/Xcode/Archives/2025-03-11/linphone 11-03-25, 6.04 PM.xcarchive/Products/Applications/linphone.app/Frameworks/mssilk.framework/mssilk'>', hardenedRuntime='0'>'> to: /var/folders/xb/n6m0jmkx2yg22l7w31b445x40000gn/T/XcodeDistPipeline.~~~Joah3C/entitlements~~~FFeZVX
2025-03-11 12:55:09 +0000  invoking codesign: <NSConcreteTask: 0x600048f74b90; launchPath='/usr/bin/codesign', arguments='(
    "-f",
    "-s",
    0D7F38274E3A9933A6AC531D4F9A199594391C24,
    "--entitlements",
    "/var/folders/xb/n6m0jmkx2yg22l7w31b445x40000gn/T/XcodeDistPipeline.~~~Joah3C/entitlements~~~FFeZVX",
    "--preserve-metadata=identifier,flags,runtime",
    "--generate-entitlement-der",
    "--strip-disallowed-xattrs",
    "-vvv",
    "/var/folders/xb/n6m0jmkx2yg22l7w31b445x40000gn/T/XcodeDistPipeline.~~~Joah3C/Root/Payload/linphone.app/Frameworks/mssilk.framework"
)'>
2025-03-11 12:55:09 +0000  codesign output: /var/folders/xb/n6m0jmkx2yg22l7w31b445x40000gn/T/XcodeDistPipeline.~~~Joah3C/Root/Payload/linphone.app/Frameworks/mssilk.framework: replacing existing signature
/var/folders/xb/n6m0jmkx2yg22l7w31b445x40000gn/T/XcodeDistPipeline.~~~Joah3C/Root/Payload/linphone.app/Frameworks/mssilk.framework: signed bundle with Mach-O thin (arm64) [org.linphone.mssilk]
2025-03-11 12:55:09 +0000  Entitlements for <IDEDistributionItem: 0x600038586100; bundleID='org.linphone.mswebrtc', path='<DVTFilePath:0x60004c424540:'/Users/ankitkhanna/Library/Developer/Xcode/Archives/2025-03-11/linphone 11-03-25, 6.04 PM.xcarchive/Products/Applications/linphone.app/Frameworks/mswebrtc.framework'>', codeSigningInfo='<_DVTCodeSigningInformation_Path: 0x600048951ef0; isSigned='1', isAdHocSigned='0', signingCertificate='<DVTSigningCertificate: 0x600041ac4e40; name='Apple Development: Vaibhav Joon (R9939LLQHL)', hash='0D7F38274E3A9933A6AC531D4F9A199594391C24', serialNumber='4117F25914D6F4FD51FCEA063A3FDDB7', certificateKinds='(
    "1.2.840.113635.100.6.1.12",
    "1.2.840.113635.100.6.1.2"
), issueDate='2025-01-09 04:16:03 +0000''>', entitlements='(null)', teamID='X9NQ6V288C', identifier='org.linphone.mswebrtc', executablePath='<DVTFilePath:0x60005c55f5a0:'/Users/ankitkhanna/Library/Developer/Xcode/Archives/2025-03-11/linphone 11-03-25, 6.04 PM.xcarchive/Products/Applications/linphone.app/Frameworks/mswebrtc.framework/mswebrtc'>', hardenedRuntime='0'>'>: {
}
2025-03-11 12:55:09 +0000  Associated App Clip Identifiers Filter: Skipping because "com.apple.developer.associated-appclip-app-identifiers" is not present
2025-03-11 12:55:09 +0000  Entitlements for <IDEDistributionItem: 0x600038586100; bundleID='org.linphone.mswebrtc', path='<DVTFilePath:0x60004c424540:'/Users/ankitkhanna/Library/Developer/Xcode/Archives/2025-03-11/linphone 11-03-25, 6.04 PM.xcarchive/Products/Applications/linphone.app/Frameworks/mswebrtc.framework'>', codeSigningInfo='<_DVTCodeSigningInformation_Path: 0x600048951ef0; isSigned='1', isAdHocSigned='0', signingCertificate='<DVTSigningCertificate: 0x600041ac4fc0; name='Apple Development: Vaibhav Joon (R9939LLQHL)', hash='0D7F38274E3A9933A6AC531D4F9A199594391C24', serialNumber='4117F25914D6F4FD51FCEA063A3FDDB7', certificateKinds='(
    "1.2.840.113635.100.6.1.12",
    "1.2.840.113635.100.6.1.2"
), issueDate='2025-01-09 04:16:03 +0000''>', entitlements='(null)', teamID='X9NQ6V288C', identifier='org.linphone.mswebrtc', executablePath='<DVTFilePath:0x60005c55f5a0:'/Users/ankitkhanna/Library/Developer/Xcode/Archives/2025-03-11/linphone 11-03-25, 6.04 PM.xcarchive/Products/Applications/linphone.app/Frameworks/mswebrtc.framework/mswebrtc'>', hardenedRuntime='0'>'> are: {
}
2025-03-11 12:55:09 +0000  Writing entitlements for <IDEDistributionItem: 0x600038586100; bundleID='org.linphone.mswebrtc', path='<DVTFilePath:0x60004c424540:'/Users/ankitkhanna/Library/Developer/Xcode/Archives/2025-03-11/linphone 11-03-25, 6.04 PM.xcarchive/Products/Applications/linphone.app/Frameworks/mswebrtc.framework'>', codeSigningInfo='<_DVTCodeSigningInformation_Path: 0x600048951ef0; isSigned='1', isAdHocSigned='0', signingCertificate='<DVTSigningCertificate: 0x600041ac58c0; name='Apple Development: Vaibhav Joon (R9939LLQHL)', hash='0D7F38274E3A9933A6AC531D4F9A199594391C24', serialNumber='4117F25914D6F4FD51FCEA063A3FDDB7', certificateKinds='(
    "1.2.840.113635.100.6.1.12",
    "1.2.840.113635.100.6.1.2"
), issueDate='2025-01-09 04:16:03 +0000''>', entitlements='(null)', teamID='X9NQ6V288C', identifier='org.linphone.mswebrtc', executablePath='<DVTFilePath:0x60005c55f5a0:'/Users/ankitkhanna/Library/Developer/Xcode/Archives/2025-03-11/linphone 11-03-25, 6.04 PM.xcarchive/Products/Applications/linphone.app/Frameworks/mswebrtc.framework/mswebrtc'>', hardenedRuntime='0'>'> to: /var/folders/xb/n6m0jmkx2yg22l7w31b445x40000gn/T/XcodeDistPipeline.~~~Joah3C/entitlements~~~uxQqQX
2025-03-11 12:55:09 +0000  invoking codesign: <NSConcreteTask: 0x600048f758b0; launchPath='/usr/bin/codesign', arguments='(
    "-f",
    "-s",
    0D7F38274E3A9933A6AC531D4F9A199594391C24,
    "--entitlements",
    "/var/folders/xb/n6m0jmkx2yg22l7w31b445x40000gn/T/XcodeDistPipeline.~~~Joah3C/entitlements~~~uxQqQX",
    "--preserve-metadata=identifier,flags,runtime",
    "--generate-entitlement-der",
    "--strip-disallowed-xattrs",
    "-vvv",
    "/var/folders/xb/n6m0jmkx2yg22l7w31b445x40000gn/T/XcodeDistPipeline.~~~Joah3C/Root/Payload/linphone.app/Frameworks/mswebrtc.framework"
)'>
2025-03-11 12:55:09 +0000  codesign output: /var/folders/xb/n6m0jmkx2yg22l7w31b445x40000gn/T/XcodeDistPipeline.~~~Joah3C/Root/Payload/linphone.app/Frameworks/mswebrtc.framework: replacing existing signature
/var/folders/xb/n6m0jmkx2yg22l7w31b445x40000gn/T/XcodeDistPipeline.~~~Joah3C/Root/Payload/linphone.app/Frameworks/mswebrtc.framework: signed bundle with Mach-O thin (arm64) [org.linphone.mswebrtc]
2025-03-11 12:55:09 +0000  Entitlements for <IDEDistributionItem: 0x600038585ec0; bundleID='org.cocoapods.openssl-grpc', path='<DVTFilePath:0x60004c40a370:'/Users/ankitkhanna/Library/Developer/Xcode/Archives/2025-03-11/linphone 11-03-25, 6.04 PM.xcarchive/Products/Applications/linphone.app/Frameworks/openssl_grpc.framework'>', codeSigningInfo='<_DVTCodeSigningInformation_Path: 0x600048950ff0; isSigned='1', isAdHocSigned='0', signingCertificate='<DVTSigningCertificate: 0x600041ad3c00; name='Apple Development: Vaibhav Joon (R9939LLQHL)', hash='0D7F38274E3A9933A6AC531D4F9A199594391C24', serialNumber='4117F25914D6F4FD51FCEA063A3FDDB7', certificateKinds='(
    "1.2.840.113635.100.6.1.12",
    "1.2.840.113635.100.6.1.2"
), issueDate='2025-01-09 04:16:03 +0000''>', entitlements='(null)', teamID='X9NQ6V288C', identifier='org.cocoapods.openssl-grpc', executablePath='<DVTFilePath:0x60005c55f480:'/Users/ankitkhanna/Library/Developer/Xcode/Archives/2025-03-11/linphone 11-03-25, 6.04 PM.xcarchive/Products/Applications/linphone.app/Frameworks/openssl_grpc.framework/openssl_grpc'>', hardenedRuntime='0'>'>: {
}
2025-03-11 12:55:09 +0000  Associated App Clip Identifiers Filter: Skipping because "com.apple.developer.associated-appclip-app-identifiers" is not present
2025-03-11 12:55:09 +0000  Entitlements for <IDEDistributionItem: 0x600038585ec0; bundleID='org.cocoapods.openssl-grpc', path='<DVTFilePath:0x60004c40a370:'/Users/ankitkhanna/Library/Developer/Xcode/Archives/2025-03-11/linphone 11-03-25, 6.04 PM.xcarchive/Products/Applications/linphone.app/Frameworks/openssl_grpc.framework'>', codeSigningInfo='<_DVTCodeSigningInformation_Path: 0x600048950ff0; isSigned='1', isAdHocSigned='0', signingCertificate='<DVTSigningCertificate: 0x600041ad3e40; name='Apple Development: Vaibhav Joon (R9939LLQHL)', hash='0D7F38274E3A9933A6AC531D4F9A199594391C24', serialNumber='4117F25914D6F4FD51FCEA063A3FDDB7', certificateKinds='(
    "1.2.840.113635.100.6.1.12",
    "1.2.840.113635.100.6.1.2"
), issueDate='2025-01-09 04:16:03 +0000''>', entitlements='(null)', teamID='X9NQ6V288C', identifier='org.cocoapods.openssl-grpc', executablePath='<DVTFilePath:0x60005c55f480:'/Users/ankitkhanna/Library/Developer/Xcode/Archives/2025-03-11/linphone 11-03-25, 6.04 PM.xcarchive/Products/Applications/linphone.app/Frameworks/openssl_grpc.framework/openssl_grpc'>', hardenedRuntime='0'>'> are: {
}
2025-03-11 12:55:09 +0000  Writing entitlements for <IDEDistributionItem: 0x600038585ec0; bundleID='org.cocoapods.openssl-grpc', path='<DVTFilePath:0x60004c40a370:'/Users/ankitkhanna/Library/Developer/Xcode/Archives/2025-03-11/linphone 11-03-25, 6.04 PM.xcarchive/Products/Applications/linphone.app/Frameworks/openssl_grpc.framework'>', codeSigningInfo='<_DVTCodeSigningInformation_Path: 0x600048950ff0; isSigned='1', isAdHocSigned='0', signingCertificate='<DVTSigningCertificate: 0x600041ad3d80; name='Apple Development: Vaibhav Joon (R9939LLQHL)', hash='0D7F38274E3A9933A6AC531D4F9A199594391C24', serialNumber='4117F25914D6F4FD51FCEA063A3FDDB7', certificateKinds='(
    "1.2.840.113635.100.6.1.12",
    "1.2.840.113635.100.6.1.2"
), issueDate='2025-01-09 04:16:03 +0000''>', entitlements='(null)', teamID='X9NQ6V288C', identifier='org.cocoapods.openssl-grpc', executablePath='<DVTFilePath:0x60005c55f480:'/Users/ankitkhanna/Library/Developer/Xcode/Archives/2025-03-11/linphone 11-03-25, 6.04 PM.xcarchive/Products/Applications/linphone.app/Frameworks/openssl_grpc.framework/openssl_grpc'>', hardenedRuntime='0'>'> to: /var/folders/xb/n6m0jmkx2yg22l7w31b445x40000gn/T/XcodeDistPipeline.~~~Joah3C/entitlements~~~O78knj
2025-03-11 12:55:09 +0000  invoking codesign: <NSConcreteTask: 0x600048f75400; launchPath='/usr/bin/codesign', arguments='(
    "-f",
    "-s",
    0D7F38274E3A9933A6AC531D4F9A199594391C24,
    "--entitlements",
    "/var/folders/xb/n6m0jmkx2yg22l7w31b445x40000gn/T/XcodeDistPipeline.~~~Joah3C/entitlements~~~O78knj",
    "--preserve-metadata=identifier,flags,runtime",
    "--generate-entitlement-der",
    "--strip-disallowed-xattrs",
    "-vvv",
    "/var/folders/xb/n6m0jmkx2yg22l7w31b445x40000gn/T/XcodeDistPipeline.~~~Joah3C/Root/Payload/linphone.app/Frameworks/openssl_grpc.framework"
)'>
2025-03-11 12:55:09 +0000  codesign output: /var/folders/xb/n6m0jmkx2yg22l7w31b445x40000gn/T/XcodeDistPipeline.~~~Joah3C/Root/Payload/linphone.app/Frameworks/openssl_grpc.framework: replacing existing signature
/var/folders/xb/n6m0jmkx2yg22l7w31b445x40000gn/T/XcodeDistPipeline.~~~Joah3C/Root/Payload/linphone.app/Frameworks/openssl_grpc.framework: signed bundle with Mach-O universal (arm64) [org.cocoapods.openssl-grpc]
2025-03-11 12:55:09 +0000  Entitlements for <IDEDistributionItem: 0x600038585800; bundleID='org.linphone.ortp', path='<DVTFilePath:0x600030b06220:'/Users/ankitkhanna/Library/Developer/Xcode/Archives/2025-03-11/linphone 11-03-25, 6.04 PM.xcarchive/Products/Applications/linphone.app/Frameworks/ortp.framework'>', codeSigningInfo='<_DVTCodeSigningInformation_Path: 0x600048951900; isSigned='1', isAdHocSigned='0', signingCertificate='<DVTSigningCertificate: 0x600041ac4e40; name='Apple Development: Vaibhav Joon (R9939LLQHL)', hash='0D7F38274E3A9933A6AC531D4F9A199594391C24', serialNumber='4117F25914D6F4FD51FCEA063A3FDDB7', certificateKinds='(
    "1.2.840.113635.100.6.1.12",
    "1.2.840.113635.100.6.1.2"
), issueDate='2025-01-09 04:16:03 +0000''>', entitlements='(null)', teamID='X9NQ6V288C', identifier='org.linphone.ortp', executablePath='<DVTFilePath:0x60005c55f000:'/Users/ankitkhanna/Library/Developer/Xcode/Archives/2025-03-11/linphone 11-03-25, 6.04 PM.xcarchive/Products/Applications/linphone.app/Frameworks/ortp.framework/ortp'>', hardenedRuntime='0'>'>: {
}
2025-03-11 12:55:09 +0000  Associated App Clip Identifiers Filter: Skipping because "com.apple.developer.associated-appclip-app-identifiers" is not present
2025-03-11 12:55:09 +0000  Entitlements for <IDEDistributionItem: 0x600038585800; bundleID='org.linphone.ortp', path='<DVTFilePath:0x600030b06220:'/Users/ankitkhanna/Library/Developer/Xcode/Archives/2025-03-11/linphone 11-03-25, 6.04 PM.xcarchive/Products/Applications/linphone.app/Frameworks/ortp.framework'>', codeSigningInfo='<_DVTCodeSigningInformation_Path: 0x600048951900; isSigned='1', isAdHocSigned='0', signingCertificate='<DVTSigningCertificate: 0x600041ac4fc0; name='Apple Development: Vaibhav Joon (R9939LLQHL)', hash='0D7F38274E3A9933A6AC531D4F9A199594391C24', serialNumber='4117F25914D6F4FD51FCEA063A3FDDB7', certificateKinds='(
    "1.2.840.113635.100.6.1.12",
    "1.2.840.113635.100.6.1.2"
), issueDate='2025-01-09 04:16:03 +0000''>', entitlements='(null)', teamID='X9NQ6V288C', identifier='org.linphone.ortp', executablePath='<DVTFilePath:0x60005c55f000:'/Users/ankitkhanna/Library/Developer/Xcode/Archives/2025-03-11/linphone 11-03-25, 6.04 PM.xcarchive/Products/Applications/linphone.app/Frameworks/ortp.framework/ortp'>', hardenedRuntime='0'>'> are: {
}
2025-03-11 12:55:09 +0000  Writing entitlements for <IDEDistributionItem: 0x600038585800; bundleID='org.linphone.ortp', path='<DVTFilePath:0x600030b06220:'/Users/ankitkhanna/Library/Developer/Xcode/Archives/2025-03-11/linphone 11-03-25, 6.04 PM.xcarchive/Products/Applications/linphone.app/Frameworks/ortp.framework'>', codeSigningInfo='<_DVTCodeSigningInformation_Path: 0x600048951900; isSigned='1', isAdHocSigned='0', signingCertificate='<DVTSigningCertificate: 0x600041ac58c0; name='Apple Development: Vaibhav Joon (R9939LLQHL)', hash='0D7F38274E3A9933A6AC531D4F9A199594391C24', serialNumber='4117F25914D6F4FD51FCEA063A3FDDB7', certificateKinds='(
    "1.2.840.113635.100.6.1.12",
    "1.2.840.113635.100.6.1.2"
), issueDate='2025-01-09 04:16:03 +0000''>', entitlements='(null)', teamID='X9NQ6V288C', identifier='org.linphone.ortp', executablePath='<DVTFilePath:0x60005c55f000:'/Users/ankitkhanna/Library/Developer/Xcode/Archives/2025-03-11/linphone 11-03-25, 6.04 PM.xcarchive/Products/Applications/linphone.app/Frameworks/ortp.framework/ortp'>', hardenedRuntime='0'>'> to: /var/folders/xb/n6m0jmkx2yg22l7w31b445x40000gn/T/XcodeDistPipeline.~~~Joah3C/entitlements~~~hlFVHI
2025-03-11 12:55:09 +0000  invoking codesign: <NSConcreteTask: 0x600048f715e0; launchPath='/usr/bin/codesign', arguments='(
    "-f",
    "-s",
    0D7F38274E3A9933A6AC531D4F9A199594391C24,
    "--entitlements",
    "/var/folders/xb/n6m0jmkx2yg22l7w31b445x40000gn/T/XcodeDistPipeline.~~~Joah3C/entitlements~~~hlFVHI",
    "--preserve-metadata=identifier,flags,runtime",
    "--generate-entitlement-der",
    "--strip-disallowed-xattrs",
    "-vvv",
    "/var/folders/xb/n6m0jmkx2yg22l7w31b445x40000gn/T/XcodeDistPipeline.~~~Joah3C/Root/Payload/linphone.app/Frameworks/ortp.framework"
)'>
2025-03-11 12:55:09 +0000  codesign output: /var/folders/xb/n6m0jmkx2yg22l7w31b445x40000gn/T/XcodeDistPipeline.~~~Joah3C/Root/Payload/linphone.app/Frameworks/ortp.framework: replacing existing signature
/var/folders/xb/n6m0jmkx2yg22l7w31b445x40000gn/T/XcodeDistPipeline.~~~Joah3C/Root/Payload/linphone.app/Frameworks/ortp.framework: signed bundle with Mach-O thin (arm64) [org.linphone.ortp]
2025-03-11 12:55:09 +0000  Entitlements for <IDEDistributionItem: 0x600060bc1980; bundleID='app.voxtrio.voxtrio.linphoneExtension', path='<DVTFilePath:0x60004c419570:'/Users/ankitkhanna/Library/Developer/Xcode/Archives/2025-03-11/linphone 11-03-25, 6.04 PM.xcarchive/Products/Applications/linphone.app/PlugIns/linphoneExtension.appex'>', codeSigningInfo='<_DVTCodeSigningInformation_Path: 0x60004896ce10; isSigned='1', isAdHocSigned='0', signingCertificate='<DVTSigningCertificate: 0x600041ad3e40; name='Apple Development: Vaibhav Joon (R9939LLQHL)', hash='0D7F38274E3A9933A6AC531D4F9A199594391C24', serialNumber='4117F25914D6F4FD51FCEA063A3FDDB7', certificateKinds='(
    "1.2.840.113635.100.6.1.12",
    "1.2.840.113635.100.6.1.2"
), issueDate='2025-01-09 04:16:03 +0000''>', entitlements='{
    "application-identifier" = "X9NQ6V288C.app.voxtrio.voxtrio.linphoneExtension";
    "com.apple.developer.team-identifier" = X9NQ6V288C;
    "com.apple.security.application-groups" =     (
        "group.voxtrio.linphoneExtension"
    );
    "get-task-allow" = 1;
}', teamID='X9NQ6V288C', identifier='app.voxtrio.voxtrio.linphoneExtension', executablePath='<DVTFilePath:0x60004c4199d0:'/Users/ankitkhanna/Library/Developer/Xcode/Archives/2025-03-11/linphone 11-03-25, 6.04 PM.xcarchive/Products/Applications/linphone.app/PlugIns/linphoneExtension.appex/linphoneExtension'>', hardenedRuntime='0'>'>: {
    "application-identifier" = "X9NQ6V288C.app.voxtrio.voxtrio.linphoneExtension";
    "com.apple.developer.team-identifier" = X9NQ6V288C;
    "com.apple.security.application-groups" =     (
        "group.voxtrio.linphoneExtension"
    );
    "get-task-allow" = 1;
}
2025-03-11 12:55:09 +0000  Associated App Clip Identifiers Filter: Skipping because "com.apple.developer.associated-appclip-app-identifiers" is not present
2025-03-11 12:55:09 +0000  Entitlements for <IDEDistributionItem: 0x600060bc1980; bundleID='app.voxtrio.voxtrio.linphoneExtension', path='<DVTFilePath:0x60004c419570:'/Users/ankitkhanna/Library/Developer/Xcode/Archives/2025-03-11/linphone 11-03-25, 6.04 PM.xcarchive/Products/Applications/linphone.app/PlugIns/linphoneExtension.appex'>', codeSigningInfo='<_DVTCodeSigningInformation_Path: 0x60004896ce10; isSigned='1', isAdHocSigned='0', signingCertificate='<DVTSigningCertificate: 0x600041ad3c00; name='Apple Development: Vaibhav Joon (R9939LLQHL)', hash='0D7F38274E3A9933A6AC531D4F9A199594391C24', serialNumber='4117F25914D6F4FD51FCEA063A3FDDB7', certificateKinds='(
    "1.2.840.113635.100.6.1.12",
    "1.2.840.113635.100.6.1.2"
), issueDate='2025-01-09 04:16:03 +0000''>', entitlements='{
    "application-identifier" = "X9NQ6V288C.app.voxtrio.voxtrio.linphoneExtension";
    "com.apple.developer.team-identifier" = X9NQ6V288C;
    "com.apple.security.application-groups" =     (
        "group.voxtrio.linphoneExtension"
    );
    "get-task-allow" = 1;
}', teamID='X9NQ6V288C', identifier='app.voxtrio.voxtrio.linphoneExtension', executablePath='<DVTFilePath:0x60004c4199d0:'/Users/ankitkhanna/Library/Developer/Xcode/Archives/2025-03-11/linphone 11-03-25, 6.04 PM.xcarchive/Products/Applications/linphone.app/PlugIns/linphoneExtension.appex/linphoneExtension'>', hardenedRuntime='0'>'> are: {
    "application-identifier" = "X9NQ6V288C.app.voxtrio.voxtrio.linphoneExtension";
    "com.apple.developer.team-identifier" = X9NQ6V288C;
    "com.apple.security.application-groups" =     (
        "group.voxtrio.linphoneExtension"
    );
    "get-task-allow" = 1;
}
2025-03-11 12:55:09 +0000  Writing entitlements for <IDEDistributionItem: 0x600060bc1980; bundleID='app.voxtrio.voxtrio.linphoneExtension', path='<DVTFilePath:0x60004c419570:'/Users/ankitkhanna/Library/Developer/Xcode/Archives/2025-03-11/linphone 11-03-25, 6.04 PM.xcarchive/Products/Applications/linphone.app/PlugIns/linphoneExtension.appex'>', codeSigningInfo='<_DVTCodeSigningInformation_Path: 0x60004896ce10; isSigned='1', isAdHocSigned='0', signingCertificate='<DVTSigningCertificate: 0x600041ad3d80; name='Apple Development: Vaibhav Joon (R9939LLQHL)', hash='0D7F38274E3A9933A6AC531D4F9A199594391C24', serialNumber='4117F25914D6F4FD51FCEA063A3FDDB7', certificateKinds='(
    "1.2.840.113635.100.6.1.12",
    "1.2.840.113635.100.6.1.2"
), issueDate='2025-01-09 04:16:03 +0000''>', entitlements='{
    "application-identifier" = "X9NQ6V288C.app.voxtrio.voxtrio.linphoneExtension";
    "com.apple.developer.team-identifier" = X9NQ6V288C;
    "com.apple.security.application-groups" =     (
        "group.voxtrio.linphoneExtension"
    );
    "get-task-allow" = 1;
}', teamID='X9NQ6V288C', identifier='app.voxtrio.voxtrio.linphoneExtension', executablePath='<DVTFilePath:0x60004c4199d0:'/Users/ankitkhanna/Library/Developer/Xcode/Archives/2025-03-11/linphone 11-03-25, 6.04 PM.xcarchive/Products/Applications/linphone.app/PlugIns/linphoneExtension.appex/linphoneExtension'>', hardenedRuntime='0'>'> to: /var/folders/xb/n6m0jmkx2yg22l7w31b445x40000gn/T/XcodeDistPipeline.~~~Joah3C/entitlements~~~nsN0Yp
2025-03-11 12:55:09 +0000  invoking codesign: <NSConcreteTask: 0x600048f82d50; launchPath='/usr/bin/codesign', arguments='(
    "-f",
    "-s",
    0D7F38274E3A9933A6AC531D4F9A199594391C24,
    "--entitlements",
    "/var/folders/xb/n6m0jmkx2yg22l7w31b445x40000gn/T/XcodeDistPipeline.~~~Joah3C/entitlements~~~nsN0Yp",
    "--preserve-metadata=identifier,flags,runtime",
    "--generate-entitlement-der",
    "--strip-disallowed-xattrs",
    "-vvv",
    "/var/folders/xb/n6m0jmkx2yg22l7w31b445x40000gn/T/XcodeDistPipeline.~~~Joah3C/Root/Payload/linphone.app/PlugIns/linphoneExtension.appex"
)'>
2025-03-11 12:55:09 +0000  codesign output: /var/folders/xb/n6m0jmkx2yg22l7w31b445x40000gn/T/XcodeDistPipeline.~~~Joah3C/Root/Payload/linphone.app/PlugIns/linphoneExtension.appex: replacing existing signature
/var/folders/xb/n6m0jmkx2yg22l7w31b445x40000gn/T/XcodeDistPipeline.~~~Joah3C/Root/Payload/linphone.app/PlugIns/linphoneExtension.appex: signed bundle with Mach-O thin (arm64) [app.voxtrio.voxtrio.linphoneExtension]
2025-03-11 12:55:09 +0000  Entitlements for <IDEDistributionItem: 0x600038587c00; bundleID='app.voxtrio.voxtrio.msgNotificationContent', path='<DVTFilePath:0x60004c419ce0:'/Users/ankitkhanna/Library/Developer/Xcode/Archives/2025-03-11/linphone 11-03-25, 6.04 PM.xcarchive/Products/Applications/linphone.app/PlugIns/msgNotificationContent.appex'>', codeSigningInfo='<_DVTCodeSigningInformation_Path: 0x600048997700; isSigned='1', isAdHocSigned='0', signingCertificate='<DVTSigningCertificate: 0x600041ac4fc0; name='Apple Development: Vaibhav Joon (R9939LLQHL)', hash='0D7F38274E3A9933A6AC531D4F9A199594391C24', serialNumber='4117F25914D6F4FD51FCEA063A3FDDB7', certificateKinds='(
    "1.2.840.113635.100.6.1.12",
    "1.2.840.113635.100.6.1.2"
), issueDate='2025-01-09 04:16:03 +0000''>', entitlements='{
    "application-identifier" = "X9NQ6V288C.app.voxtrio.voxtrio.msgNotificationContent";
    "com.apple.developer.team-identifier" = X9NQ6V288C;
    "com.apple.security.application-groups" =     (
        "group.voxtrio.msgNotifContent"
    );
    "get-task-allow" = 1;
    "keychain-access-groups" =     (
        "X9NQ6V288C.org.linphone.phone"
    );
}', teamID='X9NQ6V288C', identifier='app.voxtrio.voxtrio.msgNotificationContent', executablePath='<DVTFilePath:0x60004c42e140:'/Users/ankitkhanna/Library/Developer/Xcode/Archives/2025-03-11/linphone 11-03-25, 6.04 PM.xcarchive/Products/Applications/linphone.app/PlugIns/msgNotificationContent.appex/msgNotificationContent'>', hardenedRuntime='0'>'>: {
    "application-identifier" = "X9NQ6V288C.app.voxtrio.voxtrio.msgNotificationContent";
    "com.apple.developer.team-identifier" = X9NQ6V288C;
    "com.apple.security.application-groups" =     (
        "group.voxtrio.msgNotifContent"
    );
    "get-task-allow" = 1;
    "keychain-access-groups" =     (
        "X9NQ6V288C.org.linphone.phone"
    );
}
2025-03-11 12:55:09 +0000  Associated App Clip Identifiers Filter: Skipping because "com.apple.developer.associated-appclip-app-identifiers" is not present
2025-03-11 12:55:09 +0000  Entitlements for <IDEDistributionItem: 0x600038587c00; bundleID='app.voxtrio.voxtrio.msgNotificationContent', path='<DVTFilePath:0x60004c419ce0:'/Users/ankitkhanna/Library/Developer/Xcode/Archives/2025-03-11/linphone 11-03-25, 6.04 PM.xcarchive/Products/Applications/linphone.app/PlugIns/msgNotificationContent.appex'>', codeSigningInfo='<_DVTCodeSigningInformation_Path: 0x600048997700; isSigned='1', isAdHocSigned='0', signingCertificate='<DVTSigningCertificate: 0x600041ac58c0; name='Apple Development: Vaibhav Joon (R9939LLQHL)', hash='0D7F38274E3A9933A6AC531D4F9A199594391C24', serialNumber='4117F25914D6F4FD51FCEA063A3FDDB7', certificateKinds='(
    "1.2.840.113635.100.6.1.12",
    "1.2.840.113635.100.6.1.2"
), issueDate='2025-01-09 04:16:03 +0000''>', entitlements='{
    "application-identifier" = "X9NQ6V288C.app.voxtrio.voxtrio.msgNotificationContent";
    "com.apple.developer.team-identifier" = X9NQ6V288C;
    "com.apple.security.application-groups" =     (
        "group.voxtrio.msgNotifContent"
    );
    "get-task-allow" = 1;
    "keychain-access-groups" =     (
        "X9NQ6V288C.org.linphone.phone"
    );
}', teamID='X9NQ6V288C', identifier='app.voxtrio.voxtrio.msgNotificationContent', executablePath='<DVTFilePath:0x60004c42e140:'/Users/ankitkhanna/Library/Developer/Xcode/Archives/2025-03-11/linphone 11-03-25, 6.04 PM.xcarchive/Products/Applications/linphone.app/PlugIns/msgNotificationContent.appex/msgNotificationContent'>', hardenedRuntime='0'>'> are: {
    "application-identifier" = "X9NQ6V288C.app.voxtrio.voxtrio.msgNotificationContent";
    "com.apple.developer.team-identifier" = X9NQ6V288C;
    "com.apple.security.application-groups" =     (
        "group.voxtrio.msgNotifContent"
    );
    "get-task-allow" = 1;
    "keychain-access-groups" =     (
        "X9NQ6V288C.org.linphone.phone"
    );
}
2025-03-11 12:55:09 +0000  Writing entitlements for <IDEDistributionItem: 0x600038587c00; bundleID='app.voxtrio.voxtrio.msgNotificationContent', path='<DVTFilePath:0x60004c419ce0:'/Users/ankitkhanna/Library/Developer/Xcode/Archives/2025-03-11/linphone 11-03-25, 6.04 PM.xcarchive/Products/Applications/linphone.app/PlugIns/msgNotificationContent.appex'>', codeSigningInfo='<_DVTCodeSigningInformation_Path: 0x600048997700; isSigned='1', isAdHocSigned='0', signingCertificate='<DVTSigningCertificate: 0x600041ac4e40; name='Apple Development: Vaibhav Joon (R9939LLQHL)', hash='0D7F38274E3A9933A6AC531D4F9A199594391C24', serialNumber='4117F25914D6F4FD51FCEA063A3FDDB7', certificateKinds='(
    "1.2.840.113635.100.6.1.12",
    "1.2.840.113635.100.6.1.2"
), issueDate='2025-01-09 04:16:03 +0000''>', entitlements='{
    "application-identifier" = "X9NQ6V288C.app.voxtrio.voxtrio.msgNotificationContent";
    "com.apple.developer.team-identifier" = X9NQ6V288C;
    "com.apple.security.application-groups" =     (
        "group.voxtrio.msgNotifContent"
    );
    "get-task-allow" = 1;
    "keychain-access-groups" =     (
        "X9NQ6V288C.org.linphone.phone"
    );
}', teamID='X9NQ6V288C', identifier='app.voxtrio.voxtrio.msgNotificationContent', executablePath='<DVTFilePath:0x60004c42e140:'/Users/ankitkhanna/Library/Developer/Xcode/Archives/2025-03-11/linphone 11-03-25, 6.04 PM.xcarchive/Products/Applications/linphone.app/PlugIns/msgNotificationContent.appex/msgNotificationContent'>', hardenedRuntime='0'>'> to: /var/folders/xb/n6m0jmkx2yg22l7w31b445x40000gn/T/XcodeDistPipeline.~~~Joah3C/entitlements~~~G0B9ax
2025-03-11 12:55:09 +0000  invoking codesign: <NSConcreteTask: 0x600048f84a50; launchPath='/usr/bin/codesign', arguments='(
    "-f",
    "-s",
    0D7F38274E3A9933A6AC531D4F9A199594391C24,
    "--entitlements",
    "/var/folders/xb/n6m0jmkx2yg22l7w31b445x40000gn/T/XcodeDistPipeline.~~~Joah3C/entitlements~~~G0B9ax",
    "--preserve-metadata=identifier,flags,runtime",
    "--generate-entitlement-der",
    "--strip-disallowed-xattrs",
    "-vvv",
    "/var/folders/xb/n6m0jmkx2yg22l7w31b445x40000gn/T/XcodeDistPipeline.~~~Joah3C/Root/Payload/linphone.app/PlugIns/msgNotificationContent.appex"
)'>
2025-03-11 12:55:09 +0000  codesign output: /var/folders/xb/n6m0jmkx2yg22l7w31b445x40000gn/T/XcodeDistPipeline.~~~Joah3C/Root/Payload/linphone.app/PlugIns/msgNotificationContent.appex: replacing existing signature
/var/folders/xb/n6m0jmkx2yg22l7w31b445x40000gn/T/XcodeDistPipeline.~~~Joah3C/Root/Payload/linphone.app/PlugIns/msgNotificationContent.appex: signed bundle with Mach-O thin (arm64) [app.voxtrio.voxtrio.msgNotificationContent]
2025-03-11 12:55:09 +0000  Entitlements for <IDEDistributionItem: 0x6000385877e0; bundleID='app.voxtrio.voxtrio.msgNotificationService', path='<DVTFilePath:0x60004c43c8c0:'/Users/ankitkhanna/Library/Developer/Xcode/Archives/2025-03-11/linphone 11-03-25, 6.04 PM.xcarchive/Products/Applications/linphone.app/PlugIns/msgNotificationService.appex'>', codeSigningInfo='<_DVTCodeSigningInformation_Path: 0x6000489aa490; isSigned='1', isAdHocSigned='0', signingCertificate='<DVTSigningCertificate: 0x600041ac4fc0; name='Apple Development: Vaibhav Joon (R9939LLQHL)', hash='0D7F38274E3A9933A6AC531D4F9A199594391C24', serialNumber='4117F25914D6F4FD51FCEA063A3FDDB7', certificateKinds='(
    "1.2.840.113635.100.6.1.12",
    "1.2.840.113635.100.6.1.2"
), issueDate='2025-01-09 04:16:03 +0000''>', entitlements='{
    "application-identifier" = "X9NQ6V288C.app.voxtrio.voxtrio.msgNotificationService";
    "com.apple.developer.team-identifier" = X9NQ6V288C;
    "com.apple.security.application-groups" =     (
        "group.voxtrio.msgNotifService"
    );
    "get-task-allow" = 1;
    "keychain-access-groups" =     (
        "X9NQ6V288C.org.linphone.phone"
    );
}', teamID='X9NQ6V288C', identifier='app.voxtrio.voxtrio.msgNotificationService', executablePath='<DVTFilePath:0x60004c41abc0:'/Users/ankitkhanna/Library/Developer/Xcode/Archives/2025-03-11/linphone 11-03-25, 6.04 PM.xcarchive/Products/Applications/linphone.app/PlugIns/msgNotificationService.appex/msgNotificationService'>', hardenedRuntime='0'>'>: {
    "application-identifier" = "X9NQ6V288C.app.voxtrio.voxtrio.msgNotificationService";
    "com.apple.developer.team-identifier" = X9NQ6V288C;
    "com.apple.security.application-groups" =     (
        "group.voxtrio.msgNotifService"
    );
    "get-task-allow" = 1;
    "keychain-access-groups" =     (
        "X9NQ6V288C.org.linphone.phone"
    );
}
2025-03-11 12:55:09 +0000  Associated App Clip Identifiers Filter: Skipping because "com.apple.developer.associated-appclip-app-identifiers" is not present
2025-03-11 12:55:09 +0000  Entitlements for <IDEDistributionItem: 0x6000385877e0; bundleID='app.voxtrio.voxtrio.msgNotificationService', path='<DVTFilePath:0x60004c43c8c0:'/Users/ankitkhanna/Library/Developer/Xcode/Archives/2025-03-11/linphone 11-03-25, 6.04 PM.xcarchive/Products/Applications/linphone.app/PlugIns/msgNotificationService.appex'>', codeSigningInfo='<_DVTCodeSigningInformation_Path: 0x6000489aa490; isSigned='1', isAdHocSigned='0', signingCertificate='<DVTSigningCertificate: 0x600041ac58c0; name='Apple Development: Vaibhav Joon (R9939LLQHL)', hash='0D7F38274E3A9933A6AC531D4F9A199594391C24', serialNumber='4117F25914D6F4FD51FCEA063A3FDDB7', certificateKinds='(
    "1.2.840.113635.100.6.1.12",
    "1.2.840.113635.100.6.1.2"
), issueDate='2025-01-09 04:16:03 +0000''>', entitlements='{
    "application-identifier" = "X9NQ6V288C.app.voxtrio.voxtrio.msgNotificationService";
    "com.apple.developer.team-identifier" = X9NQ6V288C;
    "com.apple.security.application-groups" =     (
        "group.voxtrio.msgNotifService"
    );
    "get-task-allow" = 1;
    "keychain-access-groups" =     (
        "X9NQ6V288C.org.linphone.phone"
    );
}', teamID='X9NQ6V288C', identifier='app.voxtrio.voxtrio.msgNotificationService', executablePath='<DVTFilePath:0x60004c41abc0:'/Users/ankitkhanna/Library/Developer/Xcode/Archives/2025-03-11/linphone 11-03-25, 6.04 PM.xcarchive/Products/Applications/linphone.app/PlugIns/msgNotificationService.appex/msgNotificationService'>', hardenedRuntime='0'>'> are: {
    "application-identifier" = "X9NQ6V288C.app.voxtrio.voxtrio.msgNotificationService";
    "com.apple.developer.team-identifier" = X9NQ6V288C;
    "com.apple.security.application-groups" =     (
        "group.voxtrio.msgNotifService"
    );
    "get-task-allow" = 1;
    "keychain-access-groups" =     (
        "X9NQ6V288C.org.linphone.phone"
    );
}
2025-03-11 12:55:09 +0000  Writing entitlements for <IDEDistributionItem: 0x6000385877e0; bundleID='app.voxtrio.voxtrio.msgNotificationService', path='<DVTFilePath:0x60004c43c8c0:'/Users/ankitkhanna/Library/Developer/Xcode/Archives/2025-03-11/linphone 11-03-25, 6.04 PM.xcarchive/Products/Applications/linphone.app/PlugIns/msgNotificationService.appex'>', codeSigningInfo='<_DVTCodeSigningInformation_Path: 0x6000489aa490; isSigned='1', isAdHocSigned='0', signingCertificate='<DVTSigningCertificate: 0x600041ac4e40; name='Apple Development: Vaibhav Joon (R9939LLQHL)', hash='0D7F38274E3A9933A6AC531D4F9A199594391C24', serialNumber='4117F25914D6F4FD51FCEA063A3FDDB7', certificateKinds='(
    "1.2.840.113635.100.6.1.12",
    "1.2.840.113635.100.6.1.2"
), issueDate='2025-01-09 04:16:03 +0000''>', entitlements='{
    "application-identifier" = "X9NQ6V288C.app.voxtrio.voxtrio.msgNotificationService";
    "com.apple.developer.team-identifier" = X9NQ6V288C;
    "com.apple.security.application-groups" =     (
        "group.voxtrio.msgNotifService"
    );
    "get-task-allow" = 1;
    "keychain-access-groups" =     (
        "X9NQ6V288C.org.linphone.phone"
    );
}', teamID='X9NQ6V288C', identifier='app.voxtrio.voxtrio.msgNotificationService', executablePath='<DVTFilePath:0x60004c41abc0:'/Users/ankitkhanna/Library/Developer/Xcode/Archives/2025-03-11/linphone 11-03-25, 6.04 PM.xcarchive/Products/Applications/linphone.app/PlugIns/msgNotificationService.appex/msgNotificationService'>', hardenedRuntime='0'>'> to: /var/folders/xb/n6m0jmkx2yg22l7w31b445x40000gn/T/XcodeDistPipeline.~~~Joah3C/entitlements~~~6tbdYb
2025-03-11 12:55:09 +0000  invoking codesign: <NSConcreteTask: 0x600048f83520; launchPath='/usr/bin/codesign', arguments='(
    "-f",
    "-s",
    0D7F38274E3A9933A6AC531D4F9A199594391C24,
    "--entitlements",
    "/var/folders/xb/n6m0jmkx2yg22l7w31b445x40000gn/T/XcodeDistPipeline.~~~Joah3C/entitlements~~~6tbdYb",
    "--preserve-metadata=identifier,flags,runtime",
    "--generate-entitlement-der",
    "--strip-disallowed-xattrs",
    "-vvv",
    "/var/folders/xb/n6m0jmkx2yg22l7w31b445x40000gn/T/XcodeDistPipeline.~~~Joah3C/Root/Payload/linphone.app/PlugIns/msgNotificationService.appex"
)'>
2025-03-11 12:55:09 +0000  codesign output: /var/folders/xb/n6m0jmkx2yg22l7w31b445x40000gn/T/XcodeDistPipeline.~~~Joah3C/Root/Payload/linphone.app/PlugIns/msgNotificationService.appex: replacing existing signature
/var/folders/xb/n6m0jmkx2yg22l7w31b445x40000gn/T/XcodeDistPipeline.~~~Joah3C/Root/Payload/linphone.app/PlugIns/msgNotificationService.appex: signed bundle with Mach-O thin (arm64) [app.voxtrio.voxtrio.msgNotificationService]
2025-03-11 12:55:09 +0000  Entitlements for <IDEDistributionItem: 0x6000385b2b80; bundleID='app.voxtrio.voxtrio', path='<DVTFilePath:0x60005c5497a0:'/Users/ankitkhanna/Library/Developer/Xcode/Archives/2025-03-11/linphone 11-03-25, 6.04 PM.xcarchive/Products/Applications/linphone.app'>', codeSigningInfo='<_DVTCodeSigningInformation_Path: 0x600048991e50; isSigned='1', isAdHocSigned='0', signingCertificate='<DVTSigningCertificate: 0x600041ac4fc0; name='Apple Development: Vaibhav Joon (R9939LLQHL)', hash='0D7F38274E3A9933A6AC531D4F9A199594391C24', serialNumber='4117F25914D6F4FD51FCEA063A3FDDB7', certificateKinds='(
    "1.2.840.113635.100.6.1.12",
    "1.2.840.113635.100.6.1.2"
), issueDate='2025-01-09 04:16:03 +0000''>', entitlements='{
    "application-identifier" = "X9NQ6V288C.app.voxtrio.voxtrio";
    "aps-environment" = development;
    "com.apple.developer.icloud-container-identifiers" =     (
    );
    "com.apple.developer.networking.wifi-info" = 1;
    "com.apple.developer.team-identifier" = X9NQ6V288C;
    "com.apple.security.application-groups" =     (
        "group.voxtrio.linphoneExtension",
        "group.voxtrio.msgNotifContent",
        "group.voxtrio.msgNotifService"
    );
    "get-task-allow" = 1;
    "keychain-access-groups" =     (
        "X9NQ6V288C.org.linphone.phone"
    );
}', teamID='X9NQ6V288C', identifier='app.voxtrio.voxtrio', executablePath='<DVTFilePath:0x60005c54ed60:'/Users/ankitkhanna/Library/Developer/Xcode/Archives/2025-03-11/linphone 11-03-25, 6.04 PM.xcarchive/Products/Applications/linphone.app/linphone'>', hardenedRuntime='0'>'>: {
    "application-identifier" = "X9NQ6V288C.app.voxtrio.voxtrio";
    "aps-environment" = development;
    "com.apple.developer.icloud-container-identifiers" =     (
    );
    "com.apple.developer.networking.wifi-info" = 1;
    "com.apple.developer.team-identifier" = X9NQ6V288C;
    "com.apple.security.application-groups" =     (
        "group.voxtrio.linphoneExtension",
        "group.voxtrio.msgNotifContent",
        "group.voxtrio.msgNotifService"
    );
    "get-task-allow" = 1;
    "keychain-access-groups" =     (
        "X9NQ6V288C.org.linphone.phone"
    );
}
2025-03-11 12:55:09 +0000  Associated App Clip Identifiers Filter: Skipping because "com.apple.developer.associated-appclip-app-identifiers" is not present
2025-03-11 12:55:09 +0000  Entitlements for <IDEDistributionItem: 0x6000385b2b80; bundleID='app.voxtrio.voxtrio', path='<DVTFilePath:0x60005c5497a0:'/Users/ankitkhanna/Library/Developer/Xcode/Archives/2025-03-11/linphone 11-03-25, 6.04 PM.xcarchive/Products/Applications/linphone.app'>', codeSigningInfo='<_DVTCodeSigningInformation_Path: 0x600048991e50; isSigned='1', isAdHocSigned='0', signingCertificate='<DVTSigningCertificate: 0x600041ac58c0; name='Apple Development: Vaibhav Joon (R9939LLQHL)', hash='0D7F38274E3A9933A6AC531D4F9A199594391C24', serialNumber='4117F25914D6F4FD51FCEA063A3FDDB7', certificateKinds='(
    "1.2.840.113635.100.6.1.12",
    "1.2.840.113635.100.6.1.2"
), issueDate='2025-01-09 04:16:03 +0000''>', entitlements='{
    "application-identifier" = "X9NQ6V288C.app.voxtrio.voxtrio";
    "aps-environment" = development;
    "com.apple.developer.icloud-container-identifiers" =     (
    );
    "com.apple.developer.networking.wifi-info" = 1;
    "com.apple.developer.team-identifier" = X9NQ6V288C;
    "com.apple.security.application-groups" =     (
        "group.voxtrio.linphoneExtension",
        "group.voxtrio.msgNotifContent",
        "group.voxtrio.msgNotifService"
    );
    "get-task-allow" = 1;
    "keychain-access-groups" =     (
        "X9NQ6V288C.org.linphone.phone"
    );
}', teamID='X9NQ6V288C', identifier='app.voxtrio.voxtrio', executablePath='<DVTFilePath:0x60005c54ed60:'/Users/ankitkhanna/Library/Developer/Xcode/Archives/2025-03-11/linphone 11-03-25, 6.04 PM.xcarchive/Products/Applications/linphone.app/linphone'>', hardenedRuntime='0'>'> are: {
    "application-identifier" = "X9NQ6V288C.app.voxtrio.voxtrio";
    "aps-environment" = development;
    "com.apple.developer.icloud-container-identifiers" =     (
    );
    "com.apple.developer.networking.wifi-info" = 1;
    "com.apple.developer.team-identifier" = X9NQ6V288C;
    "com.apple.security.application-groups" =     (
        "group.voxtrio.linphoneExtension",
        "group.voxtrio.msgNotifContent",
        "group.voxtrio.msgNotifService"
    );
    "get-task-allow" = 1;
    "keychain-access-groups" =     (
        "X9NQ6V288C.org.linphone.phone"
    );
}
2025-03-11 12:55:09 +0000  Writing entitlements for <IDEDistributionItem: 0x6000385b2b80; bundleID='app.voxtrio.voxtrio', path='<DVTFilePath:0x60005c5497a0:'/Users/ankitkhanna/Library/Developer/Xcode/Archives/2025-03-11/linphone 11-03-25, 6.04 PM.xcarchive/Products/Applications/linphone.app'>', codeSigningInfo='<_DVTCodeSigningInformation_Path: 0x600048991e50; isSigned='1', isAdHocSigned='0', signingCertificate='<DVTSigningCertificate: 0x600041ac4e40; name='Apple Development: Vaibhav Joon (R9939LLQHL)', hash='0D7F38274E3A9933A6AC531D4F9A199594391C24', serialNumber='4117F25914D6F4FD51FCEA063A3FDDB7', certificateKinds='(
    "1.2.840.113635.100.6.1.12",
    "1.2.840.113635.100.6.1.2"
), issueDate='2025-01-09 04:16:03 +0000''>', entitlements='{
    "application-identifier" = "X9NQ6V288C.app.voxtrio.voxtrio";
    "aps-environment" = development;
    "com.apple.developer.icloud-container-identifiers" =     (
    );
    "com.apple.developer.networking.wifi-info" = 1;
    "com.apple.developer.team-identifier" = X9NQ6V288C;
    "com.apple.security.application-groups" =     (
        "group.voxtrio.linphoneExtension",
        "group.voxtrio.msgNotifContent",
        "group.voxtrio.msgNotifService"
    );
    "get-task-allow" = 1;
    "keychain-access-groups" =     (
        "X9NQ6V288C.org.linphone.phone"
    );
}', teamID='X9NQ6V288C', identifier='app.voxtrio.voxtrio', executablePath='<DVTFilePath:0x60005c54ed60:'/Users/ankitkhanna/Library/Developer/Xcode/Archives/2025-03-11/linphone 11-03-25, 6.04 PM.xcarchive/Products/Applications/linphone.app/linphone'>', hardenedRuntime='0'>'> to: /var/folders/xb/n6m0jmkx2yg22l7w31b445x40000gn/T/XcodeDistPipeline.~~~Joah3C/entitlements~~~gLDUG8
2025-03-11 12:55:09 +0000  invoking codesign: <NSConcreteTask: 0x600048f81040; launchPath='/usr/bin/codesign', arguments='(
    "-f",
    "-s",
    0D7F38274E3A9933A6AC531D4F9A199594391C24,
    "--entitlements",
    "/var/folders/xb/n6m0jmkx2yg22l7w31b445x40000gn/T/XcodeDistPipeline.~~~Joah3C/entitlements~~~gLDUG8",
    "--preserve-metadata=identifier,flags,runtime",
    "--generate-entitlement-der",
    "--strip-disallowed-xattrs",
    "-vvv",
    "/var/folders/xb/n6m0jmkx2yg22l7w31b445x40000gn/T/XcodeDistPipeline.~~~Joah3C/Root/Payload/linphone.app"
)'>
2025-03-11 12:55:10 +0000  codesign output: /var/folders/xb/n6m0jmkx2yg22l7w31b445x40000gn/T/XcodeDistPipeline.~~~Joah3C/Root/Payload/linphone.app: replacing existing signature
/var/folders/xb/n6m0jmkx2yg22l7w31b445x40000gn/T/XcodeDistPipeline.~~~Joah3C/Root/Payload/linphone.app: signed app bundle with Mach-O thin (arm64) [app.voxtrio.voxtrio]
2025-03-11 12:55:10 +0000  Processing step: IDEDistributionZipODRItemStep
2025-03-11 12:55:10 +0000  Skipping step: IDEDistributionZipODRItemStep because it said so
2025-03-11 12:55:10 +0000  Skipping step: IDEDistributionZipODRItemStep because it said so
2025-03-11 12:55:10 +0000  Skipping step: IDEDistributionZipODRItemStep because it said so
2025-03-11 12:55:10 +0000  Skipping step: IDEDistributionZipODRItemStep because it said so
2025-03-11 12:55:10 +0000  Skipping step: IDEDistributionZipODRItemStep because it said so
2025-03-11 12:55:10 +0000  Skipping step: IDEDistributionZipODRItemStep because it said so
2025-03-11 12:55:10 +0000  Skipping step: IDEDistributionZipODRItemStep because it said so
2025-03-11 12:55:10 +0000  Skipping step: IDEDistributionZipODRItemStep because it said so
2025-03-11 12:55:10 +0000  Skipping step: IDEDistributionZipODRItemStep because it said so
2025-03-11 12:55:10 +0000  Skipping step: IDEDistributionZipODRItemStep because it said so
2025-03-11 12:55:10 +0000  Skipping step: IDEDistributionZipODRItemStep because it said so
2025-03-11 12:55:10 +0000  Skipping step: IDEDistributionZipODRItemStep because it said so
2025-03-11 12:55:10 +0000  Skipping step: IDEDistributionZipODRItemStep because it said so
2025-03-11 12:55:10 +0000  Skipping step: IDEDistributionZipODRItemStep because it said so
2025-03-11 12:55:10 +0000  Skipping step: IDEDistributionZipODRItemStep because it said so
2025-03-11 12:55:10 +0000  Skipping step: IDEDistributionZipODRItemStep because it said so
2025-03-11 12:55:10 +0000  Skipping step: IDEDistributionZipODRItemStep because it said so
2025-03-11 12:55:10 +0000  Skipping step: IDEDistributionZipODRItemStep because it said so
2025-03-11 12:55:10 +0000  Skipping step: IDEDistributionZipODRItemStep because it said so
2025-03-11 12:55:10 +0000  Skipping step: IDEDistributionZipODRItemStep because it said so
2025-03-11 12:55:10 +0000  Skipping step: IDEDistributionZipODRItemStep because it said so
2025-03-11 12:55:10 +0000  Skipping step: IDEDistributionZipODRItemStep because it said so
2025-03-11 12:55:10 +0000  Skipping step: IDEDistributionZipODRItemStep because it said so
2025-03-11 12:55:10 +0000  Skipping step: IDEDistributionZipODRItemStep because it said so
2025-03-11 12:55:10 +0000  Skipping step: IDEDistributionZipODRItemStep because it said so
2025-03-11 12:55:10 +0000  Skipping step: IDEDistributionZipODRItemStep because it said so
2025-03-11 12:55:10 +0000  Skipping step: IDEDistributionZipODRItemStep because it said so
2025-03-11 12:55:10 +0000  Skipping step: IDEDistributionZipODRItemStep because it said so
2025-03-11 12:55:10 +0000  Skipping step: IDEDistributionZipODRItemStep because it said so
2025-03-11 12:55:10 +0000  Skipping step: IDEDistributionZipODRItemStep because it said so
2025-03-11 12:55:10 +0000  Skipping step: IDEDistributionZipODRItemStep because it said so
2025-03-11 12:55:10 +0000  Skipping step: IDEDistributionZipODRItemStep because it said so
2025-03-11 12:55:10 +0000  Skipping step: IDEDistributionZipODRItemStep because it said so
2025-03-11 12:55:10 +0000  Skipping step: IDEDistributionZipODRItemStep because it said so
2025-03-11 12:55:10 +0000  Processing step: IDEDistributionCreateIPAStep
2025-03-11 12:55:10 +0000  Running /usr/bin/ditto '-V' '-c' '-k' '--norsrc' '/var/folders/xb/n6m0jmkx2yg22l7w31b445x40000gn/T/XcodeDistPipeline.~~~Joah3C/Root' '/var/folders/xb/n6m0jmkx2yg22l7w31b445x40000gn/T/XcodeDistPipeline.~~~Joah3C/Packages/linphone.ipa'
2025-03-11 12:55:10 +0000  >>> Copying /var/folders/xb/n6m0jmkx2yg22l7w31b445x40000gn/T/XcodeDistPipeline.~~~Joah3C/Root 
2025-03-11 12:55:10 +0000  copying file ./Payload/linphone.app/de.lproj/Localizable.strings ... 
2025-03-11 12:55:10 +0000  34846 bytes for ./Payload/linphone.app/de.lproj/Localizable.strings
2025-03-11 12:55:10 +0000  copying file ./Payload/linphone.app/pause_big_disabled.png ... 
2025-03-11 12:55:10 +0000  986 bytes for ./Payload/linphone.app/pause_big_disabled.png
2025-03-11 12:55:10 +0000  copying file ./Payload/linphone.app/numpad_0_over~ipad.png ... 
2025-03-11 12:55:10 +0000  632 bytes for ./Payload/linphone.app/numpad_0_over~ipad.png
2025-03-11 12:55:10 +0000  copying file ./Payload/linphone.app/chat_start_body_over.png ... 
2025-03-11 12:55:10 +0000  1983 bytes for ./Payload/linphone.app/chat_start_body_over.png
2025-03-11 12:55:10 +0000  copying file ./Payload/linphone.app/options_disabled.png ... 
2025-03-11 12:55:10 +0000  581 bytes for ./Payload/linphone.app/options_disabled.png
2025-03-11 12:55:10 +0000  copying file ./Payload/linphone.app/route_earpiece_disabled@2x.png ... 
2025-03-11 12:55:10 +0000  973 bytes for ./Payload/linphone.app/route_earpiece_disabled@2x.png
2025-03-11 12:55:10 +0000  copying file ./Payload/linphone.app/numpad_2_over~ipad@2x.png ... 
2025-03-11 12:55:10 +0000  695 bytes for ./Payload/linphone.app/numpad_2_over~ipad@2x.png
2025-03-11 12:55:10 +0000  copying file ./Payload/linphone.app/contact_add_default.png ... 
2025-03-11 12:55:10 +0000  1383 bytes for ./Payload/linphone.app/contact_add_default.png
2025-03-11 12:55:10 +0000  copying file ./Payload/linphone.app/_CodeSignature/CodeResources ... 
2025-03-11 12:55:10 +0000  366919 bytes for ./Payload/linphone.app/_CodeSignature/CodeResources
2025-03-11 12:55:10 +0000  copying file ./Payload/linphone.app/security_pending.png ... 
2025-03-11 12:55:10 +0000  478 bytes for ./Payload/linphone.app/security_pending.png
2025-03-11 12:55:10 +0000  copying file ./Payload/linphone.app/list_details_default@2x.png ... 
2025-03-11 12:55:10 +0000  1985 bytes for ./Payload/linphone.app/list_details_default@2x.png
2025-03-11 12:55:10 +0000  copying file ./Payload/linphone.app/rec_off_default@2x.png ... 
2025-03-11 12:55:10 +0000  2117 bytes for ./Payload/linphone.app/rec_off_default@2x.png
2025-03-11 12:55:10 +0000  copying file ./Payload/linphone.app/camera_disabled.png ... 
2025-03-11 12:55:10 +0000  354 bytes for ./Payload/linphone.app/camera_disabled.png
2025-03-11 12:55:10 +0000  copying file ./Payload/linphone.app/camera_switch_default.png ... 
2025-03-11 12:55:10 +0000  1708 bytes for ./Payload/linphone.app/camera_switch_default.png
2025-03-11 12:55:10 +0000  copying file ./Payload/linphone.app/cancel_edit_default@2x.png ... 
2025-03-11 12:55:10 +0000  1762 bytes for ./Payload/linphone.app/cancel_edit_default@2x.png
2025-03-11 12:55:10 +0000  copying file ./Payload/linphone.app/list_details_over.png ... 
2025-03-11 12:55:10 +0000  1061 bytes for ./Payload/linphone.app/list_details_over.png
2025-03-11 12:55:10 +0000  copying file ./Payload/linphone.app/color_D.png ... 
2025-03-11 12:55:10 +0000  164 bytes for ./Payload/linphone.app/color_D.png
2025-03-11 12:55:10 +0000  copying file ./Payload/linphone.app/numpad_6_over@2x.png ... 
2025-03-11 12:55:10 +0000  1975 bytes for ./Payload/linphone.app/numpad_6_over@2x.png
2025-03-11 12:55:10 +0000  copying file ./Payload/linphone.app/voip_call_chat.png ... 
2025-03-11 12:55:10 +0000  3579 bytes for ./Payload/linphone.app/voip_call_chat.png
2025-03-11 12:55:10 +0000  copying file ./Payload/linphone.app/pause_small_default.png ... 
2025-03-11 12:55:10 +0000  930 bytes for ./Payload/linphone.app/pause_small_default.png
2025-03-11 12:55:10 +0000  copying file ./Payload/linphone.app/splashscreen.png ... 
2025-03-11 12:55:10 +0000  18436 bytes for ./Payload/linphone.app/splashscreen.png
2025-03-11 12:55:10 +0000  copying file ./Payload/linphone.app/call_hangup_disabled@2x.png ... 
2025-03-11 12:55:10 +0000  1234 bytes for ./Payload/linphone.app/call_hangup_disabled@2x.png
2025-03-11 12:55:10 +0000  copying file ./Payload/linphone.app/chevron_list_open.png ... 
2025-03-11 12:55:10 +0000  407 bytes for ./Payload/linphone.app/chevron_list_open.png
2025-03-11 12:55:10 +0000  copying file ./Payload/linphone.app/chat_unsecure.png ... 
2025-03-11 12:55:10 +0000  273 bytes for ./Payload/linphone.app/chat_unsecure.png
2025-03-11 12:55:10 +0000  copying file ./Payload/linphone.app/numpad_0~ipad@2x.png ... 
2025-03-11 12:55:10 +0000  1123 bytes for ./Payload/linphone.app/numpad_0~ipad@2x.png
2025-03-11 12:55:10 +0000  copying file ./Payload/linphone.app/menu_assistant@2x.png ... 
2025-03-11 12:55:10 +0000  3103 bytes for ./Payload/linphone.app/menu_assistant@2x.png
2025-03-11 12:55:10 +0000  copying file ./Payload/linphone.app/side_menu_voip_meeting_schedule@2x.png ... 
2025-03-11 12:55:10 +0000  2338 bytes for ./Payload/linphone.app/side_menu_voip_meeting_schedule@2x.png
2025-03-11 12:55:10 +0000  copying file ./Payload/linphone.app/numpad_0_default.png ... 
2025-03-11 12:55:10 +0000  1118 bytes for ./Payload/linphone.app/numpad_0_default.png
2025-03-11 12:55:10 +0000  copying file ./Payload/linphone.app/numpad_hash_over~ipad.png ... 
2025-03-11 12:55:10 +0000  426 bytes for ./Payload/linphone.app/numpad_hash_over~ipad.png
2025-03-11 12:55:10 +0000  copying file ./Payload/linphone.app/ar.lproj/HistoryListView.strings ... 
2025-03-11 12:55:10 +0000  1822 bytes for ./Payload/linphone.app/ar.lproj/HistoryListView.strings
2025-03-11 12:55:10 +0000  copying file ./Payload/linphone.app/ar.lproj/AssistantViewScreens.strings ... 
2025-03-11 12:55:10 +0000  34156 bytes for ./Payload/linphone.app/ar.lproj/AssistantViewScreens.strings
2025-03-11 12:55:10 +0000  copying file ./Payload/linphone.app/ar.lproj/TabBarView.strings ... 
2025-03-11 12:55:10 +0000  3742 bytes for ./Payload/linphone.app/ar.lproj/TabBarView.strings
2025-03-11 12:55:10 +0000  copying file ./Payload/linphone.app/ar.lproj/AssistantView.strings ... 
2025-03-11 12:55:10 +0000  722 bytes for ./Payload/linphone.app/ar.lproj/AssistantView.strings
2025-03-11 12:55:10 +0000  copying file ./Payload/linphone.app/ar.lproj/ChatsListView.strings ... 
2025-03-11 12:55:10 +0000  1854 bytes for ./Payload/linphone.app/ar.lproj/ChatsListView.strings
2025-03-11 12:55:10 +0000  copying file ./Payload/linphone.app/ar.lproj/ImageView.strings ... 
2025-03-11 12:55:10 +0000  284 bytes for ./Payload/linphone.app/ar.lproj/ImageView.strings
2025-03-11 12:55:10 +0000  copying file ./Payload/linphone.app/ar.lproj/ChatConversationView.strings ... 
2025-03-11 12:55:10 +0000  7438 bytes for ./Payload/linphone.app/ar.lproj/ChatConversationView.strings
2025-03-11 12:55:10 +0000  copying file ./Payload/linphone.app/ar.lproj/ContactDetailsView.strings ... 
2025-03-11 12:55:10 +0000  2874 bytes for ./Payload/linphone.app/ar.lproj/ContactDetailsView.strings
2025-03-11 12:55:10 +0000  copying file ./Payload/linphone.app/ar.lproj/StatusBarView.strings ... 
2025-03-11 12:55:10 +0000  1046 bytes for ./Payload/linphone.app/ar.lproj/StatusBarView.strings
2025-03-11 12:55:10 +0000  copying file ./Payload/linphone.app/ar.lproj/Localizable.strings ... 
2025-03-11 12:55:10 +0000  28550 bytes for ./Payload/linphone.app/ar.lproj/Localizable.strings
2025-03-11 12:55:10 +0000  copying file ./Payload/linphone.app/ar.lproj/UIHistoryCell.strings ... 
2025-03-11 12:55:10 +0000  462 bytes for ./Payload/linphone.app/ar.lproj/UIHistoryCell.strings
2025-03-11 12:55:10 +0000  copying file ./Payload/linphone.app/ar.lproj/UICompositeView.strings ... 
2025-03-11 12:55:10 +0000  0 bytes for ./Payload/linphone.app/ar.lproj/UICompositeView.strings
2025-03-11 12:55:10 +0000  copying file ./Payload/linphone.app/ar.lproj/AboutView.strings ... 
2025-03-11 12:55:10 +0000  3886 bytes for ./Payload/linphone.app/ar.lproj/AboutView.strings
2025-03-11 12:55:10 +0000  copying file ./Payload/linphone.app/ar.lproj/ContactsListView.strings ... 
2025-03-11 12:55:10 +0000  2196 bytes for ./Payload/linphone.app/ar.lproj/ContactsListView.strings
2025-03-11 12:55:10 +0000  copying file ./Payload/linphone.app/ar.lproj/SettingsView.strings ... 
2025-03-11 12:55:10 +0000  744 bytes for ./Payload/linphone.app/ar.lproj/SettingsView.strings
2025-03-11 12:55:10 +0000  copying file ./Payload/linphone.app/ar.lproj/DialerView.strings ... 
2025-03-11 12:55:10 +0000  3682 bytes for ./Payload/linphone.app/ar.lproj/DialerView.strings
2025-03-11 12:55:10 +0000  copying file ./Payload/linphone.app/ar.lproj/UIChatCell.strings ... 
2025-03-11 12:55:10 +0000  1534 bytes for ./Payload/linphone.app/ar.lproj/UIChatCell.strings
2025-03-11 12:55:10 +0000  copying file ./Payload/linphone.app/ar.lproj/UIContactCell.strings ... 
2025-03-11 12:55:10 +0000  390 bytes for ./Payload/linphone.app/ar.lproj/UIContactCell.strings
2025-03-11 12:55:10 +0000  copying file ./Payload/linphone.app/ar.lproj/HistoryDetailsView.strings ... 
2025-03-11 12:55:10 +0000  5174 bytes for ./Payload/linphone.app/ar.lproj/HistoryDetailsView.strings
2025-03-11 12:55:10 +0000  copying file ./Payload/linphone.app/voip_calls_list.png ... 
2025-03-11 12:55:10 +0000  7202 bytes for ./Payload/linphone.app/voip_calls_list.png
2025-03-11 12:55:10 +0000  copying file ./Payload/linphone.app/add_field_default.png ... 
2025-03-11 12:55:10 +0000  746 bytes for ./Payload/linphone.app/add_field_default.png
2025-03-11 12:55:10 +0000  copying file ./Payload/linphone.app/routes_disabled@2x.png ... 
2025-03-11 12:55:10 +0000  1174 bytes for ./Payload/linphone.app/routes_disabled@2x.png
2025-03-11 12:55:10 +0000  copying file ./Payload/linphone.app/numpad_4_over~ipad.png ... 
2025-03-11 12:55:10 +0000  426 bytes for ./Payload/linphone.app/numpad_4_over~ipad.png
2025-03-11 12:55:10 +0000  copying file ./Payload/linphone.app/ja.lproj/Localizable.strings ... 
2025-03-11 12:55:10 +0000  26359 bytes for ./Payload/linphone.app/ja.lproj/Localizable.strings
2025-03-11 12:55:10 +0000  copying file ./Payload/linphone.app/footer_history_disabled@2x.png ... 
2025-03-11 12:55:10 +0000  942 bytes for ./Payload/linphone.app/footer_history_disabled@2x.png
2025-03-11 12:55:10 +0000  copying file ./Payload/linphone.app/chat_add_disabled@2x.png ... 
2025-03-11 12:55:10 +0000  1461 bytes for ./Payload/linphone.app/chat_add_disabled@2x.png
2025-03-11 12:55:10 +0000  copying file ./Payload/linphone.app/routes_disabled.png ... 
2025-03-11 12:55:10 +0000  661 bytes for ./Payload/linphone.app/routes_disabled.png
2025-03-11 12:55:10 +0000  copying file ./Payload/linphone.app/color_E.png ... 
2025-03-11 12:55:10 +0000  164 bytes for ./Payload/linphone.app/color_E.png
2025-03-11 12:55:10 +0000  copying file ./Payload/linphone.app/presence_unregistered.png ... 
2025-03-11 12:55:10 +0000  308 bytes for ./Payload/linphone.app/presence_unregistered.png
2025-03-11 12:55:10 +0000  copying file ./Payload/linphone.app/contacts_sip_default.png ... 
2025-03-11 12:55:10 +0000  1547 bytes for ./Payload/linphone.app/contacts_sip_default.png
2025-03-11 12:55:10 +0000  copying file ./Payload/linphone.app/numpad_star_default@2x.png ... 
2025-03-11 12:55:10 +0000  1086 bytes for ./Payload/linphone.app/numpad_star_default@2x.png
2025-03-11 12:55:10 +0000  copying file ./Payload/linphone.app/chat_send_disabled.png ... 
2025-03-11 12:55:10 +0000  898 bytes for ./Payload/linphone.app/chat_send_disabled.png
2025-03-11 12:55:10 +0000  copying file ./Payload/linphone.app/chat_start_body_disabled.png ... 
2025-03-11 12:55:10 +0000  1629 bytes for ./Payload/linphone.app/chat_start_body_disabled.png
2025-03-11 12:55:10 +0000  copying file ./Payload/linphone.app/menu_reply_default.png ... 
2025-03-11 12:55:10 +0000  3116 bytes for ./Payload/linphone.app/menu_reply_default.png
2025-03-11 12:55:10 +0000  copying file ./Payload/linphone.app/Firebase_FirebaseCore.bundle/PrivacyInfo.xcprivacy ... 
2025-03-11 12:55:10 +0000  855 bytes for ./Payload/linphone.app/Firebase_FirebaseCore.bundle/PrivacyInfo.xcprivacy
2025-03-11 12:55:10 +0000  copying file ./Payload/linphone.app/Firebase_FirebaseCore.bundle/Info.plist ... 
2025-03-11 12:55:10 +0000  697 bytes for ./Payload/linphone.app/Firebase_FirebaseCore.bundle/Info.plist
2025-03-11 12:55:10 +0000  copying file ./Payload/linphone.app/backspace_disabled@2x.png ... 
2025-03-11 12:55:10 +0000  841 bytes for ./Payload/linphone.app/backspace_disabled@2x.png
2025-03-11 12:55:10 +0000  copying file ./Payload/linphone.app/chat_message_not_delivered.png ... 
2025-03-11 12:55:10 +0000  277 bytes for ./Payload/linphone.app/chat_message_not_delivered.png
2025-03-11 12:55:10 +0000  copying file ./Payload/linphone.app/call_alt_start_disabled@2x.png ... 
2025-03-11 12:55:10 +0000  1370 bytes for ./Payload/linphone.app/call_alt_start_disabled@2x.png
2025-03-11 12:55:10 +0000  copying file ./Payload/linphone.app/route_earpiece_selected@2x.png ... 
2025-03-11 12:55:10 +0000  1590 bytes for ./Payload/linphone.app/route_earpiece_selected@2x.png
2025-03-11 12:55:10 +0000  copying file ./Payload/linphone.app/linphone_logo.png ... 
2025-03-11 12:55:10 +0000  929 bytes for ./Payload/linphone.app/linphone_logo.png
2025-03-11 12:55:10 +0000  copying file ./Payload/linphone.app/splash-substract.png ... 
2025-03-11 12:55:10 +0000  11020 bytes for ./Payload/linphone.app/splash-substract.png
2025-03-11 12:55:10 +0000  copying file ./Payload/linphone.app/call_status_incoming.png ... 
2025-03-11 12:55:10 +0000  1212 bytes for ./Payload/linphone.app/call_status_incoming.png
2025-03-11 12:55:10 +0000  copying file ./Payload/linphone.app/footer_chat_default@2x.png ... 
2025-03-11 12:55:10 +0000  2155 bytes for ./Payload/linphone.app/footer_chat_default@2x.png
2025-03-11 12:55:10 +0000  copying file ./Payload/linphone.app/Firebase_FirebaseCrashlytics.bundle/PrivacyInfo.xcprivacy ... 
2025-03-11 12:55:10 +0000  1383 bytes for ./Payload/linphone.app/Firebase_FirebaseCrashlytics.bundle/PrivacyInfo.xcprivacy
2025-03-11 12:55:10 +0000  copying file ./Payload/linphone.app/Firebase_FirebaseCrashlytics.bundle/Info.plist ... 
2025-03-11 12:55:10 +0000  711 bytes for ./Payload/linphone.app/Firebase_FirebaseCrashlytics.bundle/Info.plist
2025-03-11 12:55:10 +0000  copying file ./Payload/linphone.app/security_1_indicator.png ... 
2025-03-11 12:55:10 +0000  1836 bytes for ./Payload/linphone.app/security_1_indicator.png
2025-03-11 12:55:10 +0000  copying file ./Payload/linphone.app/history_all_default.png ... 
2025-03-11 12:55:10 +0000  1584 bytes for ./Payload/linphone.app/history_all_default.png
2025-03-11 12:55:10 +0000  copying file ./Payload/linphone.app/call_back_disabled@2x.png ... 
2025-03-11 12:55:10 +0000  1603 bytes for ./Payload/linphone.app/call_back_disabled@2x.png
2025-03-11 12:55:10 +0000  copying file ./Payload/linphone.app/color_G.png ... 
2025-03-11 12:55:10 +0000  164 bytes for ./Payload/linphone.app/color_G.png
2025-03-11 12:55:10 +0000  copying file ./Payload/linphone.app/edit_disabled.png ... 
2025-03-11 12:55:10 +0000  564 bytes for ./Payload/linphone.app/edit_disabled.png
2025-03-11 12:55:10 +0000  copying file ./Payload/linphone.app/route_speaker_default.png ... 
2025-03-11 12:55:10 +0000  681 bytes for ./Payload/linphone.app/route_speaker_default.png
2025-03-11 12:55:10 +0000  copying file ./Payload/linphone.app/call_alt_start_default@2x.png ... 
2025-03-11 12:55:10 +0000  2400 bytes for ./Payload/linphone.app/call_alt_start_default@2x.png
2025-03-11 12:55:10 +0000  copying file ./Payload/linphone.app/numpad_9_over~ipad@2x.png ... 
2025-03-11 12:55:10 +0000  968 bytes for ./Payload/linphone.app/numpad_9_over~ipad@2x.png
2025-03-11 12:55:10 +0000  copying file ./Payload/linphone.app/menu_forward_default.png ... 
2025-03-11 12:55:10 +0000  3117 bytes for ./Payload/linphone.app/menu_forward_default.png
2025-03-11 12:55:10 +0000  copying file ./Payload/linphone.app/security_ko@2x.png ... 
2025-03-11 12:55:10 +0000  926 bytes for ./Payload/linphone.app/security_ko@2x.png
2025-03-11 12:55:10 +0000  copying file ./Payload/linphone.app/en.lproj/RecordingsListView.strings ... 
2025-03-11 12:55:10 +0000  773 bytes for ./Payload/linphone.app/en.lproj/RecordingsListView.strings
2025-03-11 12:55:10 +0000  copying file ./Payload/linphone.app/en.lproj/UIChatReplyBubbleView.strings ... 
2025-03-11 12:55:10 +0000  342 bytes for ./Payload/linphone.app/en.lproj/UIChatReplyBubbleView.strings
2025-03-11 12:55:10 +0000  copying file ./Payload/linphone.app/en.lproj/Localizable.strings ... 
2025-03-11 12:55:10 +0000  15044 bytes for ./Payload/linphone.app/en.lproj/Localizable.strings
2025-03-11 12:55:10 +0000  copying file ./Payload/linphone.app/delete_disabled.png ... 
2025-03-11 12:55:10 +0000  503 bytes for ./Payload/linphone.app/delete_disabled.png
2025-03-11 12:55:10 +0000  copying file ./Payload/linphone.app/camera_switch_disabled@2x.png ... 
2025-03-11 12:55:10 +0000  3217 bytes for ./Payload/linphone.app/camera_switch_disabled@2x.png
2025-03-11 12:55:10 +0000  copying file ./Payload/linphone.app/footer_chat_default.png ... 
2025-03-11 12:55:10 +0000  1103 bytes for ./Payload/linphone.app/footer_chat_default.png
2025-03-11 12:55:10 +0000  copying file ./Payload/linphone.app/list_details_default.png ... 
2025-03-11 12:55:10 +0000  953 bytes for ./Payload/linphone.app/list_details_default.png
2025-03-11 12:55:10 +0000  copying file ./Payload/linphone.app/nowebcamCIF.jpg ... 
2025-03-11 12:55:10 +0000  14247 bytes for ./Payload/linphone.app/nowebcamCIF.jpg
2025-03-11 12:55:10 +0000  copying file ./Payload/linphone.app/security_toogle_background_grey.png ... 
2025-03-11 12:55:10 +0000  1020 bytes for ./Payload/linphone.app/security_toogle_background_grey.png
2025-03-11 12:55:10 +0000  copying file ./Payload/linphone.app/gRPC_grpcppWrapper.bundle/PrivacyInfo.xcprivacy ... 
2025-03-11 12:55:10 +0000  817 bytes for ./Payload/linphone.app/gRPC_grpcppWrapper.bundle/PrivacyInfo.xcprivacy
2025-03-11 12:55:10 +0000  copying file ./Payload/linphone.app/gRPC_grpcppWrapper.bundle/Info.plist ... 
2025-03-11 12:55:10 +0000  690 bytes for ./Payload/linphone.app/gRPC_grpcppWrapper.bundle/Info.plist
2025-03-11 12:55:10 +0000  copying file ./Payload/linphone.app/numpad_9_default.png ... 
2025-03-11 12:55:10 +0000  1040 bytes for ./Payload/linphone.app/numpad_9_default.png
2025-03-11 12:55:10 +0000  copying file ./Payload/linphone.app/call_hangup_default.png ... 
2025-03-11 12:55:10 +0000  1311 bytes for ./Payload/linphone.app/call_hangup_default.png
2025-03-11 12:55:10 +0000  copying file ./Payload/linphone.app/callkit_logo@2x.png ... 
2025-03-11 12:55:10 +0000  2684 bytes for ./Payload/linphone.app/callkit_logo@2x.png
2025-03-11 12:55:10 +0000  copying file ./Payload/linphone.app/voip_checkbox_checked.png ... 
2025-03-11 12:55:10 +0000  396 bytes for ./Payload/linphone.app/voip_checkbox_checked.png
2025-03-11 12:55:10 +0000  copying file ./Payload/linphone.app/GTMSessionFetcher_GTMSessionFetcherCore.bundle/PrivacyInfo.xcprivacy ... 
2025-03-11 12:55:10 +0000  598 bytes for ./Payload/linphone.app/GTMSessionFetcher_GTMSessionFetcherCore.bundle/PrivacyInfo.xcprivacy
2025-03-11 12:55:10 +0000  copying file ./Payload/linphone.app/GTMSessionFetcher_GTMSessionFetcherCore.bundle/Info.plist ... 
2025-03-11 12:55:10 +0000  727 bytes for ./Payload/linphone.app/GTMSessionFetcher_GTMSessionFetcherCore.bundle/Info.plist
2025-03-11 12:55:10 +0000  copying file ./Payload/linphone.app/color_F.png ... 
2025-03-11 12:55:10 +0000  164 bytes for ./Payload/linphone.app/color_F.png
2025-03-11 12:55:10 +0000  copying file ./Payload/linphone.app/routes_selected@2x.png ... 
2025-03-11 12:55:10 +0000  1886 bytes for ./Payload/linphone.app/routes_selected@2x.png
2025-03-11 12:55:10 +0000  copying file ./Payload/linphone.app/numpad_9~ipad@2x.png ... 
2025-03-11 12:55:10 +0000  1050 bytes for ./Payload/linphone.app/numpad_9~ipad@2x.png
2025-03-11 12:55:10 +0000  copying file ./Payload/linphone.app/call_transfer_disabled.png ... 
2025-03-11 12:55:10 +0000  920 bytes for ./Payload/linphone.app/call_transfer_disabled.png
2025-03-11 12:55:10 +0000  copying file ./Payload/linphone.app/conference_schedule_participants_default.png ... 
2025-03-11 12:55:10 +0000  507 bytes for ./Payload/linphone.app/conference_schedule_participants_default.png
2025-03-11 12:55:10 +0000  copying file ./Payload/linphone.app/uk.lproj/Localizable.strings ... 
2025-03-11 12:55:10 +0000  38237 bytes for ./Payload/linphone.app/uk.lproj/Localizable.strings
2025-03-11 12:55:10 +0000  copying file ./Payload/linphone.app/options_add_call_disabled.png ... 
2025-03-11 12:55:10 +0000  773 bytes for ./Payload/linphone.app/options_add_call_disabled.png
2025-03-11 12:55:10 +0000  copying file ./Payload/linphone.app/chat_list_indicator@2x.png ... 
2025-03-11 12:55:10 +0000  519 bytes for ./Payload/linphone.app/chat_list_indicator@2x.png
2025-03-11 12:55:10 +0000  copying file ./Payload/linphone.app/options_start_conference_default.png ... 
2025-03-11 12:55:10 +0000  1584 bytes for ./Payload/linphone.app/options_start_conference_default.png
2025-03-11 12:55:10 +0000  copying file ./Payload/linphone.app/leveldb_leveldb.bundle/PrivacyInfo.xcprivacy ... 
2025-03-11 12:55:10 +0000  856 bytes for ./Payload/linphone.app/leveldb_leveldb.bundle/PrivacyInfo.xcprivacy
2025-03-11 12:55:10 +0000  copying file ./Payload/linphone.app/leveldb_leveldb.bundle/Info.plist ... 
2025-03-11 12:55:10 +0000  677 bytes for ./Payload/linphone.app/leveldb_leveldb.bundle/Info.plist
2025-03-11 12:55:10 +0000  copying file ./Payload/linphone.app/call_start_body_default~ipad.png ... 
2025-03-11 12:55:10 +0000  1239 bytes for ./Payload/linphone.app/call_start_body_default~ipad.png
2025-03-11 12:55:10 +0000  copying file ./Payload/linphone.app/numpad_0_over.png ... 
2025-03-11 12:55:10 +0000  1059 bytes for ./Payload/linphone.app/numpad_0_over.png
2025-03-11 12:55:10 +0000  copying file ./Payload/linphone.app/numpad_1_over.png ... 
2025-03-11 12:55:10 +0000  973 bytes for ./Payload/linphone.app/numpad_1_over.png
2025-03-11 12:55:10 +0000  copying file ./Payload/linphone.app/deselect_all@2x.png ... 
2025-03-11 12:55:10 +0000  627 bytes for ./Payload/linphone.app/deselect_all@2x.png
2025-03-11 12:55:10 +0000  copying file ./Payload/linphone.app/led_error@2x.png ... 
2025-03-11 12:55:10 +0000  783 bytes for ./Payload/linphone.app/led_error@2x.png
2025-03-11 12:55:10 +0000  copying file ./Payload/linphone.app/iTunesArtwork ... 
2025-03-11 12:55:10 +0000  25389 bytes for ./Payload/linphone.app/iTunesArtwork
2025-03-11 12:55:10 +0000  copying file ./Payload/linphone.app/security_2_indicator.png ... 
2025-03-11 12:55:10 +0000  1853 bytes for ./Payload/linphone.app/security_2_indicator.png
2025-03-11 12:55:10 +0000  copying file ./Payload/linphone.app/call_status_missed.png ... 
2025-03-11 12:55:10 +0000  1186 bytes for ./Payload/linphone.app/call_status_missed.png
2025-03-11 12:55:10 +0000  copying file ./Payload/linphone.app/lime_ko.png ... 
2025-03-11 12:55:10 +0000  450 bytes for ./Payload/linphone.app/lime_ko.png
2025-03-11 12:55:10 +0000  copying file ./Payload/linphone.app/check_unselected.png ... 
2025-03-11 12:55:10 +0000  820 bytes for ./Payload/linphone.app/check_unselected.png
2025-03-11 12:55:10 +0000  copying file ./Payload/linphone.app/call_transfer_default@2x.png ... 
2025-03-11 12:55:10 +0000  4048 bytes for ./Payload/linphone.app/call_transfer_default@2x.png
2025-03-11 12:55:10 +0000  copying file ./Payload/linphone.app/back_disabled.png ... 
2025-03-11 12:55:10 +0000  370 bytes for ./Payload/linphone.app/back_disabled.png
2025-03-11 12:55:10 +0000  copying file ./Payload/linphone.app/call_audio_start_default@2x.png ... 
2025-03-11 12:55:10 +0000  3442 bytes for ./Payload/linphone.app/call_audio_start_default@2x.png
2025-03-11 12:55:10 +0000  copying file ./Payload/linphone.app/file_default.png ... 
2025-03-11 12:55:10 +0000  1363 bytes for ./Payload/linphone.app/file_default.png
2025-03-11 12:55:10 +0000  copying file ./Payload/linphone.app/dialer_back_disabled.png ... 
2025-03-11 12:55:10 +0000  908 bytes for ./Payload/linphone.app/dialer_back_disabled.png
2025-03-11 12:55:10 +0000  copying file ./Payload/linphone.app/edit_default.png ... 
2025-03-11 12:55:10 +0000  943 bytes for ./Payload/linphone.app/edit_default.png
2025-03-11 12:55:10 +0000  copying file ./Payload/linphone.app/ephemeral_messages_default.png ... 
2025-03-11 12:55:10 +0000  7688 bytes for ./Payload/linphone.app/ephemeral_messages_default.png
2025-03-11 12:55:10 +0000  copying file ./Payload/linphone.app/security_toogle_icon_green.png ... 
2025-03-11 12:55:10 +0000  562 bytes for ./Payload/linphone.app/security_toogle_icon_green.png
2025-03-11 12:55:10 +0000  copying file ./Payload/linphone.app/pause_big_default.png ... 
2025-03-11 12:55:10 +0000  1246 bytes for ./Payload/linphone.app/pause_big_default.png
2025-03-11 12:55:10 +0000  copying file ./Payload/linphone.app/voip_hangup.png ... 
2025-03-11 12:55:10 +0000  3237 bytes for ./Payload/linphone.app/voip_hangup.png
2025-03-11 12:55:10 +0000  copying file ./Payload/linphone.app/emoji.png ... 
2025-03-11 12:55:10 +0000  826 bytes for ./Payload/linphone.app/emoji.png
2025-03-11 12:55:10 +0000  copying file ./Payload/linphone.app/history_all_selected@2x.png ... 
2025-03-11 12:55:10 +0000  3168 bytes for ./Payload/linphone.app/history_all_selected@2x.png
2025-03-11 12:55:10 +0000  copying file ./Payload/linphone.app/zh_CN.lproj/Localizable.strings ... 
2025-03-11 12:55:10 +0000  21199 bytes for ./Payload/linphone.app/zh_CN.lproj/Localizable.strings
2025-03-11 12:55:10 +0000  copying file ./Payload/linphone.app/numpad_hash_over@2x.png ... 
2025-03-11 12:55:10 +0000  640 bytes for ./Payload/linphone.app/numpad_hash_over@2x.png
2025-03-11 12:55:10 +0000  copying file ./Payload/linphone.app/menu_assistant.png ... 
2025-03-11 12:55:10 +0000  1569 bytes for ./Payload/linphone.app/menu_assistant.png
2025-03-11 12:55:10 +0000  copying file ./Payload/linphone.app/DevicesListView.nib ... 
2025-03-11 12:55:10 +0000  5247 bytes for ./Payload/linphone.app/DevicesListView.nib
2025-03-11 12:55:10 +0000  copying file ./Payload/linphone.app/menu_options.png ... 
2025-03-11 12:55:10 +0000  819 bytes for ./Payload/linphone.app/menu_options.png
2025-03-11 12:55:10 +0000  copying file ./Payload/linphone.app/menu_copy_text_default.png ... 
2025-03-11 12:55:10 +0000  1072 bytes for ./Payload/linphone.app/menu_copy_text_default.png
2025-03-11 12:55:10 +0000  copying file ./Payload/linphone.app/footer_chat_disabled@2x.png ... 
2025-03-11 12:55:10 +0000  970 bytes for ./Payload/linphone.app/footer_chat_disabled@2x.png
2025-03-11 12:55:10 +0000  copying file ./Payload/linphone.app/assistant_linphone_create.rc ... 
2025-03-11 12:55:10 +0000  2766 bytes for ./Payload/linphone.app/assistant_linphone_create.rc
2025-03-11 12:55:10 +0000  copying file ./Payload/linphone.app/call_video_start_default@2x.png ... 
2025-03-11 12:55:10 +0000  2906 bytes for ./Payload/linphone.app/call_video_start_default@2x.png
2025-03-11 12:55:10 +0000  copying file ./Payload/linphone.app/chat_attachment_default@2x.png ... 
2025-03-11 12:55:10 +0000  2818 bytes for ./Payload/linphone.app/chat_attachment_default@2x.png
2025-03-11 12:55:10 +0000  copying file ./Payload/linphone.app/history_missed_disabled@2x.png ... 
2025-03-11 12:55:10 +0000  1430 bytes for ./Payload/linphone.app/history_missed_disabled@2x.png
2025-03-11 12:55:10 +0000  copying file ./Payload/linphone.app/contacts_all_selected.png ... 
2025-03-11 12:55:10 +0000  1212 bytes for ./Payload/linphone.app/contacts_all_selected.png
2025-03-11 12:55:10 +0000  copying file ./Payload/linphone.app/add_field_default@2x.png ... 
2025-03-11 12:55:10 +0000  1372 bytes for ./Payload/linphone.app/add_field_default@2x.png
2025-03-11 12:55:10 +0000  copying file ./Payload/linphone.app/color_C.png ... 
2025-03-11 12:55:10 +0000  260 bytes for ./Payload/linphone.app/color_C.png
2025-03-11 12:55:10 +0000  copying file ./Payload/linphone.app/post_quantum_secure@3x.png ... 
2025-03-11 12:55:10 +0000  9649 bytes for ./Payload/linphone.app/post_quantum_secure@3x.png
2025-03-11 12:55:10 +0000  copying file ./Payload/linphone.app/chat_list_indicator~ipad.png ... 
2025-03-11 12:55:10 +0000  314 bytes for ./Payload/linphone.app/chat_list_indicator~ipad.png
2025-03-11 12:55:10 +0000  copying file ./Payload/linphone.app/next_default.png ... 
2025-03-11 12:55:10 +0000  514 bytes for ./Payload/linphone.app/next_default.png
2025-03-11 12:55:10 +0000  copying file ./Payload/linphone.app/nanopb_nanopb.bundle/PrivacyInfo.xcprivacy ... 
2025-03-11 12:55:10 +0000  374 bytes for ./Payload/linphone.app/nanopb_nanopb.bundle/PrivacyInfo.xcprivacy
2025-03-11 12:55:10 +0000  copying file ./Payload/linphone.app/nanopb_nanopb.bundle/Info.plist ... 
2025-03-11 12:55:10 +0000  671 bytes for ./Payload/linphone.app/nanopb_nanopb.bundle/Info.plist
2025-03-11 12:55:10 +0000  copying file ./Payload/linphone.app/check_unselected@2x.png ... 
2025-03-11 12:55:10 +0000  3925 bytes for ./Payload/linphone.app/check_unselected@2x.png
2025-03-11 12:55:10 +0000  copying file ./Payload/linphone.app/options_selected@2x.png ... 
2025-03-11 12:55:10 +0000  2171 bytes for ./Payload/linphone.app/options_selected@2x.png
2025-03-11 12:55:10 +0000  copying file ./Payload/linphone.app/history_missed_selected.png ... 
2025-03-11 12:55:10 +0000  1292 bytes for ./Payload/linphone.app/history_missed_selected.png
2025-03-11 12:55:10 +0000  copying file ./Payload/linphone.app/voip_call_forward.png ... 
2025-03-11 12:55:10 +0000  7195 bytes for ./Payload/linphone.app/voip_call_forward.png
2025-03-11 12:55:10 +0000  copying file ./Payload/linphone.app/contact_add_disabled.png ... 
2025-03-11 12:55:10 +0000  755 bytes for ./Payload/linphone.app/contact_add_disabled.png
2025-03-11 12:55:10 +0000  copying file ./Payload/linphone.app/voip_mandatory.png ... 
2025-03-11 12:55:10 +0000  961 bytes for ./Payload/linphone.app/voip_mandatory.png
2025-03-11 12:55:10 +0000  copying file ./Payload/linphone.app/es.lproj/Localizable.strings ... 
2025-03-11 12:55:10 +0000  36945 bytes for ./Payload/linphone.app/es.lproj/Localizable.strings
2025-03-11 12:55:10 +0000  copying file ./Payload/linphone.app/route_bluetooth_disabled.png ... 
2025-03-11 12:55:10 +0000  468 bytes for ./Payload/linphone.app/route_bluetooth_disabled.png
2025-03-11 12:55:10 +0000  copying file ./Payload/linphone.app/call_add_default@2x.png ... 
2025-03-11 12:55:10 +0000  3914 bytes for ./Payload/linphone.app/call_add_default@2x.png
2025-03-11 12:55:10 +0000  copying file ./Payload/linphone.app/numpad_3_over~ipad.png ... 
2025-03-11 12:55:10 +0000  492 bytes for ./Payload/linphone.app/numpad_3_over~ipad.png
2025-03-11 12:55:10 +0000  copying file ./Payload/linphone.app/chat_start_body_disabled~ipad.png ... 
2025-03-11 12:55:10 +0000  1075 bytes for ./Payload/linphone.app/chat_start_body_disabled~ipad.png
2025-03-11 12:55:10 +0000  copying file ./Payload/linphone.app/footer_history_default@2x.png ... 
2025-03-11 12:55:10 +0000  1884 bytes for ./Payload/linphone.app/footer_history_default@2x.png
2025-03-11 12:55:10 +0000  copying file ./Payload/linphone.app/numpad_3_over@2x.png ... 
2025-03-11 12:55:10 +0000  1675 bytes for ./Payload/linphone.app/numpad_3_over@2x.png
2025-03-11 12:55:10 +0000  copying file ./Payload/linphone.app/history_all_disabled@2x.png ... 
2025-03-11 12:55:10 +0000  1806 bytes for ./Payload/linphone.app/history_all_disabled@2x.png
2025-03-11 12:55:10 +0000  copying file ./Payload/linphone.app/options_default@2x.png ... 
2025-03-11 12:55:10 +0000  1579 bytes for ./Payload/linphone.app/options_default@2x.png
2025-03-11 12:55:10 +0000  copying file ./Payload/linphone.app/checkbox_checked@2x.png ... 
2025-03-11 12:55:10 +0000  651 bytes for ./Payload/linphone.app/checkbox_checked@2x.png
2025-03-11 12:55:10 +0000  copying file ./Payload/linphone.app/history_all_selected.png ... 
2025-03-11 12:55:10 +0000  1540 bytes for ./Payload/linphone.app/history_all_selected.png
2025-03-11 12:55:10 +0000  copying file ./Payload/linphone.app/color_A.png ... 
2025-03-11 12:55:10 +0000  728 bytes for ./Payload/linphone.app/color_A.png
2025-03-11 12:55:10 +0000  copying file ./Payload/linphone.app/avatar~ipad@2x.png ... 
2025-03-11 12:55:10 +0000  26613 bytes for ./Payload/linphone.app/avatar~ipad@2x.png
copying file ./Payload/linphone.app/call_alt_back_default@2x.png ... 
2025-03-11 12:55:10 +0000  3769 bytes for ./Payload/linphone.app/call_alt_back_default@2x.png
copying file ./Payload/linphone.app/chevron_list_close@2x.png ... 
2025-03-11 12:55:10 +0000  600 bytes for ./Payload/linphone.app/chevron_list_close@2x.png
2025-03-11 12:55:10 +0000  copying file ./Payload/linphone.app/chat_group_add.png ... 
2025-03-11 12:55:10 +0000  1499 bytes for ./Payload/linphone.app/chat_group_add.png
2025-03-11 12:55:10 +0000  copying file ./Payload/linphone.app/voip_camera_on.png ... 
2025-03-11 12:55:10 +0000  1797 bytes for ./Payload/linphone.app/voip_camera_on.png
2025-03-11 12:55:10 +0000  copying file ./Payload/linphone.app/menu_info.png ... 
2025-03-11 12:55:10 +0000  2352 bytes for ./Payload/linphone.app/menu_info.png
2025-03-11 12:55:10 +0000  copying file ./Payload/linphone.app/conference_exit_over@2x.png ... 
2025-03-11 12:55:10 +0000  2053 bytes for ./Payload/linphone.app/conference_exit_over@2x.png
2025-03-11 12:55:10 +0000  copying file ./Payload/linphone.app/led_connected.png ... 
2025-03-11 12:55:10 +0000  453 bytes for ./Payload/linphone.app/led_connected.png
2025-03-11 12:55:10 +0000  copying file ./Payload/linphone.app/numpad_7_over~ipad.png ... 
2025-03-11 12:55:10 +0000  390 bytes for ./Payload/linphone.app/numpad_7_over~ipad.png
2025-03-11 12:55:10 +0000  copying file ./Payload/linphone.app/numpad_0~ipad.png ... 
2025-03-11 12:55:10 +0000  668 bytes for ./Payload/linphone.app/numpad_0~ipad.png
2025-03-11 12:55:10 +0000  copying file ./Payload/linphone.app/numpad_1~ipad.png ... 
2025-03-11 12:55:10 +0000  593 bytes for ./Payload/linphone.app/numpad_1~ipad.png
2025-03-11 12:55:10 +0000  copying file ./Payload/linphone.app/voip_call_more.png ... 
2025-03-11 12:55:10 +0000  2758 bytes for ./Payload/linphone.app/voip_call_more.png
2025-03-11 12:55:10 +0000  copying file ./Payload/linphone.app/route_earpiece_selected.png ... 
2025-03-11 12:55:10 +0000  877 bytes for ./Payload/linphone.app/route_earpiece_selected.png
2025-03-11 12:55:10 +0000  copying file ./Payload/linphone.app/delete_field_default.png ... 
2025-03-11 12:55:10 +0000  672 bytes for ./Payload/linphone.app/delete_field_default.png
2025-03-11 12:55:10 +0000  copying file ./Payload/linphone.app/pt_BR.lproj/Localizable.strings ... 
2025-03-11 12:55:10 +0000  31525 bytes for ./Payload/linphone.app/pt_BR.lproj/Localizable.strings
2025-03-11 12:55:10 +0000  copying file ./Payload/linphone.app/numpad_6_over~ipad@2x.png ... 
2025-03-11 12:55:10 +0000  986 bytes for ./Payload/linphone.app/numpad_6_over~ipad@2x.png
2025-03-11 12:55:10 +0000  copying file ./Payload/linphone.app/history_missed_selected@2x.png ... 
2025-03-11 12:55:10 +0000  2406 bytes for ./Payload/linphone.app/history_missed_selected@2x.png
2025-03-11 12:55:10 +0000  copying file ./Payload/linphone.app/speaker_selected.png ... 
2025-03-11 12:55:10 +0000  652 bytes for ./Payload/linphone.app/speaker_selected.png
copying file ./Payload/linphone.app/voip_chat_rooms_list.png ... 
2025-03-11 12:55:10 +0000  3925 bytes for ./Payload/linphone.app/voip_chat_rooms_list.png
copying file ./Payload/linphone.app/vr_play.png ... 
2025-03-11 12:55:10 +0000  4925 bytes for ./Payload/linphone.app/vr_play.png
2025-03-11 12:55:10 +0000  copying file ./Payload/linphone.app/call_alt_start_disabled.png ... 
2025-03-11 12:55:10 +0000  734 bytes for ./Payload/linphone.app/call_alt_start_disabled.png
2025-03-11 12:55:10 +0000  copying file ./Payload/linphone.app/call_alt_back_default.png ... 
2025-03-11 12:55:10 +0000  1882 bytes for ./Payload/linphone.app/call_alt_back_default.png
2025-03-11 12:55:10 +0000  copying file ./Payload/linphone.app/checkbox_unchecked.png ... 
2025-03-11 12:55:10 +0000  191 bytes for ./Payload/linphone.app/checkbox_unchecked.png
2025-03-11 12:55:10 +0000  copying file ./Payload/linphone.app/call_quality_indicator_4@2x.png ... 
2025-03-11 12:55:10 +0000  882 bytes for ./Payload/linphone.app/call_quality_indicator_4@2x.png
2025-03-11 12:55:10 +0000  copying file ./Payload/linphone.app/voip_camera_off.png ... 
2025-03-11 12:55:10 +0000  2775 bytes for ./Payload/linphone.app/voip_camera_off.png
2025-03-11 12:55:10 +0000  copying file ./Payload/linphone.app/chat_message_not_delivered@2x.png ... 
2025-03-11 12:55:10 +0000  464 bytes for ./Payload/linphone.app/chat_message_not_delivered@2x.png
2025-03-11 12:55:10 +0000  copying file ./Payload/linphone.app/numpad_5_default.png ... 
2025-03-11 12:55:10 +0000  832 bytes for ./Payload/linphone.app/numpad_5_default.png
2025-03-11 12:55:10 +0000  copying file ./Payload/linphone.app/chat_add_group@2x.png ... 
2025-03-11 12:55:10 +0000  3234 bytes for ./Payload/linphone.app/chat_add_group@2x.png
2025-03-11 12:55:10 +0000  copying file ./Payload/linphone.app/options_disabled@2x.png ... 
2025-03-11 12:55:10 +0000  982 bytes for ./Payload/linphone.app/options_disabled@2x.png
2025-03-11 12:55:10 +0000  copying file ./Payload/linphone.app/Roboto-Regular.ttf ... 
2025-03-11 12:55:10 +0000  305972 bytes for ./Payload/linphone.app/Roboto-Regular.ttf
copying file ./Payload/linphone.app/footer_dialer_default.png ... 
2025-03-11 12:55:10 +0000  1968 bytes for ./Payload/linphone.app/footer_dialer_default.png
copying file ./Payload/linphone.app/linphone_logo@2x.png ... 
2025-03-11 12:55:10 +0000  1655 bytes for ./Payload/linphone.app/linphone_logo@2x.png
copying file ./Payload/linphone.app/numpad_5~ipad@2x.png ... 
2025-03-11 12:55:10 +0000  824 bytes for ./Payload/linphone.app/numpad_5~ipad@2x.png
2025-03-11 12:55:10 +0000  copying file ./Payload/linphone.app/backspace_over@2x.png ... 
2025-03-11 12:55:10 +0000  1058 bytes for ./Payload/linphone.app/backspace_over@2x.png
2025-03-11 12:55:10 +0000  copying file ./Payload/linphone.app/history_chat_indicator@2x.png ... 
2025-03-11 12:55:10 +0000  588 bytes for ./Payload/linphone.app/history_chat_indicator@2x.png
2025-03-11 12:55:10 +0000  copying file ./Payload/linphone.app/call_back_disabled.png ... 
2025-03-11 12:55:10 +0000  816 bytes for ./Payload/linphone.app/call_back_disabled.png
2025-03-11 12:55:10 +0000  copying file ./Payload/linphone.app/waiting_time@2x.png ... 
2025-03-11 12:55:10 +0000  3994 bytes for ./Payload/linphone.app/waiting_time@2x.png
copying file ./Payload/linphone.app/options_transfer_call_default@2x.png ... 
2025-03-11 12:55:10 +0000  2589 bytes for ./Payload/linphone.app/options_transfer_call_default@2x.png
copying file ./Payload/linphone.app/footer_history_default.png ... 
2025-03-11 12:55:10 +0000  879 bytes for ./Payload/linphone.app/footer_history_default.png
copying file ./Payload/linphone.app/voip_speaker_on.png ... 
2025-03-11 12:55:10 +0000  2599 bytes for ./Payload/linphone.app/voip_speaker_on.png
copying file ./Payload/linphone.app/edit_list_disabled.png ... 
2025-03-11 12:55:10 +0000  578 bytes for ./Payload/linphone.app/edit_list_disabled.png
2025-03-11 12:55:10 +0000  copying file ./Payload/linphone.app/voip_conference_play_big.png ... 
2025-03-11 12:55:10 +0000  7117 bytes for ./Payload/linphone.app/voip_conference_play_big.png
copying file ./Payload/linphone.app/contacts_sip_default@2x.png ... 
2025-03-11 12:55:10 +0000  3752 bytes for ./Payload/linphone.app/contacts_sip_default@2x.png
copying file ./Payload/linphone.app/numpad_6~ipad@2x.png ... 
2025-03-11 12:55:10 +0000  1017 bytes for ./Payload/linphone.app/numpad_6~ipad@2x.png
2025-03-11 12:55:10 +0000  copying file ./Payload/linphone.app/PlugIns/msgNotificationContent.appex/de.lproj/Localizable.strings ... 
2025-03-11 12:55:10 +0000  34846 bytes for ./Payload/linphone.app/PlugIns/msgNotificationContent.appex/de.lproj/Localizable.strings
2025-03-11 12:55:10 +0000  copying file ./Payload/linphone.app/PlugIns/msgNotificationContent.appex/_CodeSignature/CodeResources ... 
2025-03-11 12:55:10 +0000  10580 bytes for ./Payload/linphone.app/PlugIns/msgNotificationContent.appex/_CodeSignature/CodeResources
2025-03-11 12:55:10 +0000  copying file ./Payload/linphone.app/PlugIns/msgNotificationContent.appex/ar.lproj/Localizable.strings ... 
2025-03-11 12:55:10 +0000  28550 bytes for ./Payload/linphone.app/PlugIns/msgNotificationContent.appex/ar.lproj/Localizable.strings
2025-03-11 12:55:10 +0000  copying file ./Payload/linphone.app/PlugIns/msgNotificationContent.appex/ja.lproj/Localizable.strings ... 
2025-03-11 12:55:10 +0000  26359 bytes for ./Payload/linphone.app/PlugIns/msgNotificationContent.appex/ja.lproj/Localizable.strings
copying file ./Payload/linphone.app/PlugIns/msgNotificationContent.appex/splash-substract.png ... 
2025-03-11 12:55:10 +0000  11020 bytes for ./Payload/linphone.app/PlugIns/msgNotificationContent.appex/splash-substract.png
2025-03-11 12:55:10 +0000  copying file ./Payload/linphone.app/PlugIns/msgNotificationContent.appex/en.lproj/Localizable.strings ... 
2025-03-11 12:55:10 +0000  15044 bytes for ./Payload/linphone.app/PlugIns/msgNotificationContent.appex/en.lproj/Localizable.strings
2025-03-11 12:55:10 +0000  copying file ./Payload/linphone.app/PlugIns/msgNotificationContent.appex/uk.lproj/Localizable.strings ... 
2025-03-11 12:55:10 +0000  38237 bytes for ./Payload/linphone.app/PlugIns/msgNotificationContent.appex/uk.lproj/Localizable.strings
2025-03-11 12:55:10 +0000  copying file ./Payload/linphone.app/PlugIns/msgNotificationContent.appex/zh_CN.lproj/Localizable.strings ... 
2025-03-11 12:55:10 +0000  21199 bytes for ./Payload/linphone.app/PlugIns/msgNotificationContent.appex/zh_CN.lproj/Localizable.strings
2025-03-11 12:55:10 +0000  copying file ./Payload/linphone.app/PlugIns/msgNotificationContent.appex/es.lproj/Localizable.strings ... 
2025-03-11 12:55:10 +0000  36945 bytes for ./Payload/linphone.app/PlugIns/msgNotificationContent.appex/es.lproj/Localizable.strings
2025-03-11 12:55:10 +0000  copying file ./Payload/linphone.app/PlugIns/msgNotificationContent.appex/pt_BR.lproj/Localizable.strings ... 
2025-03-11 12:55:10 +0000  31525 bytes for ./Payload/linphone.app/PlugIns/msgNotificationContent.appex/pt_BR.lproj/Localizable.strings
2025-03-11 12:55:10 +0000  copying file ./Payload/linphone.app/PlugIns/msgNotificationContent.appex/it.lproj/Localizable.strings ... 
2025-03-11 12:55:10 +0000  32501 bytes for ./Payload/linphone.app/PlugIns/msgNotificationContent.appex/it.lproj/Localizable.strings
copying file ./Payload/linphone.app/PlugIns/msgNotificationContent.appex/sidebar-union.png ... 
2025-03-11 12:55:10 +0000  2670 bytes for ./Payload/linphone.app/PlugIns/msgNotificationContent.appex/sidebar-union.png
2025-03-11 12:55:10 +0000  copying file ./Payload/linphone.app/PlugIns/msgNotificationContent.appex/sv.lproj/Localizable.strings ... 
2025-03-11 12:55:10 +0000  34642 bytes for ./Payload/linphone.app/PlugIns/msgNotificationContent.appex/sv.lproj/Localizable.strings
2025-03-11 12:55:10 +0000  copying file ./Payload/linphone.app/PlugIns/msgNotificationContent.appex/cs.lproj/Localizable.strings ... 
2025-03-11 12:55:10 +0000  38068 bytes for ./Payload/linphone.app/PlugIns/msgNotificationContent.appex/cs.lproj/Localizable.strings
2025-03-11 12:55:10 +0000  copying file ./Payload/linphone.app/PlugIns/msgNotificationContent.appex/GoogleService-Info.plist ... 
2025-03-11 12:55:10 +0000  452 bytes for ./Payload/linphone.app/PlugIns/msgNotificationContent.appex/GoogleService-Info.plist
2025-03-11 12:55:10 +0000  copying file ./Payload/linphone.app/PlugIns/msgNotificationContent.appex/Base.lproj/MainInterface.storyboardc/UIViewController-M4Y-Lb-cyx.nib ... 
2025-03-11 12:55:10 +0000  906 bytes for ./Payload/linphone.app/PlugIns/msgNotificationContent.appex/Base.lproj/MainInterface.storyboardc/UIViewController-M4Y-Lb-cyx.nib
2025-03-11 12:55:10 +0000  copying file ./Payload/linphone.app/PlugIns/msgNotificationContent.appex/Base.lproj/MainInterface.storyboardc/Info.plist ... 
2025-03-11 12:55:10 +0000  258 bytes for ./Payload/linphone.app/PlugIns/msgNotificationContent.appex/Base.lproj/MainInterface.storyboardc/Info.plist
2025-03-11 12:55:10 +0000  copying file ./Payload/linphone.app/PlugIns/msgNotificationContent.appex/hu.lproj/Localizable.strings ... 
2025-03-11 12:55:10 +0000  37253 bytes for ./Payload/linphone.app/PlugIns/msgNotificationContent.appex/hu.lproj/Localizable.strings
copying file ./Payload/linphone.app/PlugIns/msgNotificationContent.appex/msgNotificationContent ... 
2025-03-11 12:55:10 +0000  153888 bytes for ./Payload/linphone.app/PlugIns/msgNotificationContent.appex/msgNotificationContent
2025-03-11 12:55:10 +0000  copying file ./Payload/linphone.app/PlugIns/msgNotificationContent.appex/ka.lproj/Localizable.strings ... 
2025-03-11 12:55:10 +0000  16892 bytes for ./Payload/linphone.app/PlugIns/msgNotificationContent.appex/ka.lproj/Localizable.strings
2025-03-11 12:55:10 +0000  copying file ./Payload/linphone.app/PlugIns/msgNotificationContent.appex/tr.lproj/Localizable.strings ... 
2025-03-11 12:55:10 +0000  35673 bytes for ./Payload/linphone.app/PlugIns/msgNotificationContent.appex/tr.lproj/Localizable.strings
2025-03-11 12:55:10 +0000  copying file ./Payload/linphone.app/PlugIns/msgNotificationContent.appex/pl.lproj/Localizable.strings ... 
2025-03-11 12:55:10 +0000  28391 bytes for ./Payload/linphone.app/PlugIns/msgNotificationContent.appex/pl.lproj/Localizable.strings
2025-03-11 12:55:10 +0000  copying file ./Payload/linphone.app/PlugIns/msgNotificationContent.appex/zh_TW.lproj/Localizable.strings ... 
2025-03-11 12:55:10 +0000  21437 bytes for ./Payload/linphone.app/PlugIns/msgNotificationContent.appex/zh_TW.lproj/Localizable.strings
2025-03-11 12:55:10 +0000  copying file ./Payload/linphone.app/PlugIns/msgNotificationContent.appex/ru.lproj/Localizable.strings ... 
2025-03-11 12:55:10 +0000  45169 bytes for ./Payload/linphone.app/PlugIns/msgNotificationContent.appex/ru.lproj/Localizable.strings
2025-03-11 12:55:10 +0000  copying file ./Payload/linphone.app/PlugIns/msgNotificationContent.appex/mango_logo.png ... 
2025-03-11 12:55:10 +0000  46448 bytes for ./Payload/linphone.app/PlugIns/msgNotificationContent.appex/mango_logo.png
2025-03-11 12:55:10 +0000  copying file ./Payload/linphone.app/PlugIns/msgNotificationContent.appex/fr.lproj/Localizable.strings ... 
2025-03-11 12:55:10 +0000  52372 bytes for ./Payload/linphone.app/PlugIns/msgNotificationContent.appex/fr.lproj/Localizable.strings
2025-03-11 12:55:10 +0000  copying file ./Payload/linphone.app/PlugIns/msgNotificationContent.appex/nl.lproj/Localizable.strings ... 
2025-03-11 12:55:10 +0000  18681 bytes for ./Payload/linphone.app/PlugIns/msgNotificationContent.appex/nl.lproj/Localizable.strings
2025-03-11 12:55:10 +0000  copying file ./Payload/linphone.app/PlugIns/msgNotificationContent.appex/embedded.mobileprovision ... 
2025-03-11 12:55:10 +0000  13056 bytes for ./Payload/linphone.app/PlugIns/msgNotificationContent.appex/embedded.mobileprovision
2025-03-11 12:55:10 +0000  copying file ./Payload/linphone.app/PlugIns/msgNotificationContent.appex/Info.plist ... 
2025-03-11 12:55:10 +0000  1261 bytes for ./Payload/linphone.app/PlugIns/msgNotificationContent.appex/Info.plist
2025-03-11 12:55:10 +0000  copying file ./Payload/linphone.app/PlugIns/msgNotificationContent.appex/es_AR.lproj/Localizable.strings ... 
2025-03-11 12:55:10 +0000  37003 bytes for ./Payload/linphone.app/PlugIns/msgNotificationContent.appex/es_AR.lproj/Localizable.strings
2025-03-11 12:55:10 +0000  copying file ./Payload/linphone.app/PlugIns/linphoneExtension.appex/_CodeSignature/CodeResources ... 
2025-03-11 12:55:10 +0000  3622 bytes for ./Payload/linphone.app/PlugIns/linphoneExtension.appex/_CodeSignature/CodeResources
2025-03-11 12:55:10 +0000  copying file ./Payload/linphone.app/PlugIns/linphoneExtension.appex/splash-substract.png ... 
2025-03-11 12:55:10 +0000  11020 bytes for ./Payload/linphone.app/PlugIns/linphoneExtension.appex/splash-substract.png
2025-03-11 12:55:10 +0000  copying file ./Payload/linphone.app/PlugIns/linphoneExtension.appex/sidebar-union.png ... 
2025-03-11 12:55:10 +0000  2670 bytes for ./Payload/linphone.app/PlugIns/linphoneExtension.appex/sidebar-union.png
2025-03-11 12:55:10 +0000  copying file ./Payload/linphone.app/PlugIns/linphoneExtension.appex/Base.lproj/MainInterface.storyboardc/UIViewController-j1y-V4-xli.nib ... 
2025-03-11 12:55:10 +0000  949 bytes for ./Payload/linphone.app/PlugIns/linphoneExtension.appex/Base.lproj/MainInterface.storyboardc/UIViewController-j1y-V4-xli.nib
2025-03-11 12:55:10 +0000  copying file ./Payload/linphone.app/PlugIns/linphoneExtension.appex/Base.lproj/MainInterface.storyboardc/j1y-V4-xli-view-wbc-yd-nQP.nib ... 
2025-03-11 12:55:10 +0000  1192 bytes for ./Payload/linphone.app/PlugIns/linphoneExtension.appex/Base.lproj/MainInterface.storyboardc/j1y-V4-xli-view-wbc-yd-nQP.nib
2025-03-11 12:55:10 +0000  copying file ./Payload/linphone.app/PlugIns/linphoneExtension.appex/Base.lproj/MainInterface.storyboardc/Info.plist ... 
2025-03-11 12:55:10 +0000  258 bytes for ./Payload/linphone.app/PlugIns/linphoneExtension.appex/Base.lproj/MainInterface.storyboardc/Info.plist
2025-03-11 12:55:10 +0000  copying file ./Payload/linphone.app/PlugIns/linphoneExtension.appex/mango_logo.png ... 
2025-03-11 12:55:10 +0000  46448 bytes for ./Payload/linphone.app/PlugIns/linphoneExtension.appex/mango_logo.png
2025-03-11 12:55:10 +0000  copying file ./Payload/linphone.app/PlugIns/linphoneExtension.appex/linphoneExtension ... 
2025-03-11 12:55:10 +0000  88480 bytes for ./Payload/linphone.app/PlugIns/linphoneExtension.appex/linphoneExtension
copying file ./Payload/linphone.app/PlugIns/linphoneExtension.appex/embedded.mobileprovision ... 
2025-03-11 12:55:10 +0000  13033 bytes for ./Payload/linphone.app/PlugIns/linphoneExtension.appex/embedded.mobileprovision
2025-03-11 12:55:10 +0000  copying file ./Payload/linphone.app/PlugIns/linphoneExtension.appex/Info.plist ... 
2025-03-11 12:55:10 +0000  1460 bytes for ./Payload/linphone.app/PlugIns/linphoneExtension.appex/Info.plist
2025-03-11 12:55:10 +0000  copying file ./Payload/linphone.app/PlugIns/msgNotificationService.appex/de.lproj/Localizable.strings ... 
2025-03-11 12:55:10 +0000  34846 bytes for ./Payload/linphone.app/PlugIns/msgNotificationService.appex/de.lproj/Localizable.strings
2025-03-11 12:55:10 +0000  copying file ./Payload/linphone.app/PlugIns/msgNotificationService.appex/_CodeSignature/CodeResources ... 
2025-03-11 12:55:10 +0000  9978 bytes for ./Payload/linphone.app/PlugIns/msgNotificationService.appex/_CodeSignature/CodeResources
2025-03-11 12:55:10 +0000  copying file ./Payload/linphone.app/PlugIns/msgNotificationService.appex/ar.lproj/Localizable.strings ... 
2025-03-11 12:55:10 +0000  28550 bytes for ./Payload/linphone.app/PlugIns/msgNotificationService.appex/ar.lproj/Localizable.strings
2025-03-11 12:55:10 +0000  copying file ./Payload/linphone.app/PlugIns/msgNotificationService.appex/ja.lproj/Localizable.strings ... 
2025-03-11 12:55:10 +0000  26359 bytes for ./Payload/linphone.app/PlugIns/msgNotificationService.appex/ja.lproj/Localizable.strings
copying file ./Payload/linphone.app/PlugIns/msgNotificationService.appex/splash-substract.png ... 
2025-03-11 12:55:10 +0000  11020 bytes for ./Payload/linphone.app/PlugIns/msgNotificationService.appex/splash-substract.png
2025-03-11 12:55:10 +0000  copying file ./Payload/linphone.app/PlugIns/msgNotificationService.appex/en.lproj/Localizable.strings ... 
2025-03-11 12:55:10 +0000  15044 bytes for ./Payload/linphone.app/PlugIns/msgNotificationService.appex/en.lproj/Localizable.strings
2025-03-11 12:55:10 +0000  copying file ./Payload/linphone.app/PlugIns/msgNotificationService.appex/uk.lproj/Localizable.strings ... 
2025-03-11 12:55:10 +0000  38237 bytes for ./Payload/linphone.app/PlugIns/msgNotificationService.appex/uk.lproj/Localizable.strings
2025-03-11 12:55:10 +0000  copying file ./Payload/linphone.app/PlugIns/msgNotificationService.appex/zh_CN.lproj/Localizable.strings ... 
2025-03-11 12:55:10 +0000  21199 bytes for ./Payload/linphone.app/PlugIns/msgNotificationService.appex/zh_CN.lproj/Localizable.strings
2025-03-11 12:55:10 +0000  copying file ./Payload/linphone.app/PlugIns/msgNotificationService.appex/es.lproj/Localizable.strings ... 
2025-03-11 12:55:10 +0000  36945 bytes for ./Payload/linphone.app/PlugIns/msgNotificationService.appex/es.lproj/Localizable.strings
copying file ./Payload/linphone.app/PlugIns/msgNotificationService.appex/msgNotificationService ... 
2025-03-11 12:55:10 +0000  154272 bytes for ./Payload/linphone.app/PlugIns/msgNotificationService.appex/msgNotificationService
2025-03-11 12:55:10 +0000  copying file ./Payload/linphone.app/PlugIns/msgNotificationService.appex/pt_BR.lproj/Localizable.strings ... 
2025-03-11 12:55:10 +0000  31525 bytes for ./Payload/linphone.app/PlugIns/msgNotificationService.appex/pt_BR.lproj/Localizable.strings
2025-03-11 12:55:10 +0000  copying file ./Payload/linphone.app/PlugIns/msgNotificationService.appex/it.lproj/Localizable.strings ... 
2025-03-11 12:55:10 +0000  32501 bytes for ./Payload/linphone.app/PlugIns/msgNotificationService.appex/it.lproj/Localizable.strings
copying file ./Payload/linphone.app/PlugIns/msgNotificationService.appex/sidebar-union.png ... 
2025-03-11 12:55:10 +0000  2670 bytes for ./Payload/linphone.app/PlugIns/msgNotificationService.appex/sidebar-union.png
2025-03-11 12:55:10 +0000  copying file ./Payload/linphone.app/PlugIns/msgNotificationService.appex/sv.lproj/Localizable.strings ... 
2025-03-11 12:55:10 +0000  34642 bytes for ./Payload/linphone.app/PlugIns/msgNotificationService.appex/sv.lproj/Localizable.strings
2025-03-11 12:55:10 +0000  copying file ./Payload/linphone.app/PlugIns/msgNotificationService.appex/cs.lproj/Localizable.strings ... 
2025-03-11 12:55:10 +0000  38068 bytes for ./Payload/linphone.app/PlugIns/msgNotificationService.appex/cs.lproj/Localizable.strings
copying file ./Payload/linphone.app/PlugIns/msgNotificationService.appex/GoogleService-Info.plist ... 
2025-03-11 12:55:10 +0000  452 bytes for ./Payload/linphone.app/PlugIns/msgNotificationService.appex/GoogleService-Info.plist
2025-03-11 12:55:10 +0000  copying file ./Payload/linphone.app/PlugIns/msgNotificationService.appex/hu.lproj/Localizable.strings ... 
2025-03-11 12:55:10 +0000  37253 bytes for ./Payload/linphone.app/PlugIns/msgNotificationService.appex/hu.lproj/Localizable.strings
2025-03-11 12:55:10 +0000  copying file ./Payload/linphone.app/PlugIns/msgNotificationService.appex/ka.lproj/Localizable.strings ... 
2025-03-11 12:55:10 +0000  16892 bytes for ./Payload/linphone.app/PlugIns/msgNotificationService.appex/ka.lproj/Localizable.strings
2025-03-11 12:55:10 +0000  copying file ./Payload/linphone.app/PlugIns/msgNotificationService.appex/tr.lproj/Localizable.strings ... 
2025-03-11 12:55:10 +0000  35673 bytes for ./Payload/linphone.app/PlugIns/msgNotificationService.appex/tr.lproj/Localizable.strings
2025-03-11 12:55:10 +0000  copying file ./Payload/linphone.app/PlugIns/msgNotificationService.appex/pl.lproj/Localizable.strings ... 
2025-03-11 12:55:10 +0000  28391 bytes for ./Payload/linphone.app/PlugIns/msgNotificationService.appex/pl.lproj/Localizable.strings
2025-03-11 12:55:10 +0000  copying file ./Payload/linphone.app/PlugIns/msgNotificationService.appex/zh_TW.lproj/Localizable.strings ... 
2025-03-11 12:55:10 +0000  21437 bytes for ./Payload/linphone.app/PlugIns/msgNotificationService.appex/zh_TW.lproj/Localizable.strings
2025-03-11 12:55:10 +0000  copying file ./Payload/linphone.app/PlugIns/msgNotificationService.appex/ru.lproj/Localizable.strings ... 
2025-03-11 12:55:10 +0000  45169 bytes for ./Payload/linphone.app/PlugIns/msgNotificationService.appex/ru.lproj/Localizable.strings
copying file ./Payload/linphone.app/PlugIns/msgNotificationService.appex/mango_logo.png ... 
2025-03-11 12:55:10 +0000  46448 bytes for ./Payload/linphone.app/PlugIns/msgNotificationService.appex/mango_logo.png
2025-03-11 12:55:10 +0000  copying file ./Payload/linphone.app/PlugIns/msgNotificationService.appex/fr.lproj/Localizable.strings ... 
2025-03-11 12:55:10 +0000  52372 bytes for ./Payload/linphone.app/PlugIns/msgNotificationService.appex/fr.lproj/Localizable.strings
2025-03-11 12:55:10 +0000  copying file ./Payload/linphone.app/PlugIns/msgNotificationService.appex/nl.lproj/Localizable.strings ... 
2025-03-11 12:55:10 +0000  18681 bytes for ./Payload/linphone.app/PlugIns/msgNotificationService.appex/nl.lproj/Localizable.strings
copying file ./Payload/linphone.app/PlugIns/msgNotificationService.appex/embedded.mobileprovision ... 
2025-03-11 12:55:10 +0000  13056 bytes for ./Payload/linphone.app/PlugIns/msgNotificationService.appex/embedded.mobileprovision
2025-03-11 12:55:10 +0000  copying file ./Payload/linphone.app/PlugIns/msgNotificationService.appex/Info.plist ... 
2025-03-11 12:55:10 +0000  1032 bytes for ./Payload/linphone.app/PlugIns/msgNotificationService.appex/Info.plist
2025-03-11 12:55:10 +0000  copying file ./Payload/linphone.app/PlugIns/msgNotificationService.appex/es_AR.lproj/Localizable.strings ... 
2025-03-11 12:55:10 +0000  37003 bytes for ./Payload/linphone.app/PlugIns/msgNotificationService.appex/es_AR.lproj/Localizable.strings
2025-03-11 12:55:10 +0000  copying file ./Payload/linphone.app/history_missed_default.png ... 
2025-03-11 12:55:10 +0000  1321 bytes for ./Payload/linphone.app/history_missed_default.png
copying file ./Payload/linphone.app/numpad_6_default.png ... 
2025-03-11 12:55:10 +0000  1030 bytes for ./Payload/linphone.app/numpad_6_default.png
copying file ./Payload/linphone.app/rec_off_default.png ... 
2025-03-11 12:55:10 +0000  1164 bytes for ./Payload/linphone.app/rec_off_default.png
2025-03-11 12:55:10 +0000  copying file ./Payload/linphone.app/it.lproj/Localizable.strings ... 
2025-03-11 12:55:10 +0000  32501 bytes for ./Payload/linphone.app/it.lproj/Localizable.strings
copying file ./Payload/linphone.app/camera_switch_over@2x.png ... 
2025-03-11 12:55:10 +0000  3380 bytes for ./Payload/linphone.app/camera_switch_over@2x.png
copying file ./Payload/linphone.app/route_speaker_default@2x.png ... 
2025-03-11 12:55:10 +0000  1213 bytes for ./Payload/linphone.app/route_speaker_default@2x.png
copying file ./Payload/linphone.app/voicemail.png ... 
2025-03-11 12:55:10 +0000  625 bytes for ./Payload/linphone.app/voicemail.png
copying file ./Payload/linphone.app/camera_default.png ... 
2025-03-11 12:55:10 +0000  434 bytes for ./Payload/linphone.app/camera_default.png
copying file ./Payload/linphone.app/ConversationsTableViewCell.nib ... 
2025-03-11 12:55:10 +0000  6877 bytes for ./Payload/linphone.app/ConversationsTableViewCell.nib
2025-03-11 12:55:10 +0000  copying file ./Payload/linphone.app/menu_recordings.png ... 
2025-03-11 12:55:10 +0000  866 bytes for ./Payload/linphone.app/menu_recordings.png
copying file ./Payload/linphone.app/call_status_missed@2x.png ... 
2025-03-11 12:55:10 +0000  1984 bytes for ./Payload/linphone.app/call_status_missed@2x.png
2025-03-11 12:55:10 +0000  copying file ./Payload/linphone.app/voip_call_header_outgoing.png ... 
2025-03-11 12:55:10 +0000  1369 bytes for ./Payload/linphone.app/voip_call_header_outgoing.png
2025-03-11 12:55:10 +0000  copying file ./Payload/linphone.app/menu_delete.png ... 
2025-03-11 12:55:10 +0000  2322 bytes for ./Payload/linphone.app/menu_delete.png
copying file ./Payload/linphone.app/dialer_alt_back@2x.png ... 
2025-03-11 12:55:10 +0000  1055 bytes for ./Payload/linphone.app/dialer_alt_back@2x.png
2025-03-11 12:55:10 +0000  copying file ./Payload/linphone.app/add_field_over.png ... 
2025-03-11 12:55:10 +0000  811 bytes for ./Payload/linphone.app/add_field_over.png
2025-03-11 12:55:10 +0000  copying file ./Payload/linphone.app/AppIcon60x60@2x.png ... 
2025-03-11 12:55:10 +0000  6231 bytes for ./Payload/linphone.app/AppIcon60x60@2x.png
2025-03-11 12:55:10 +0000  copying file ./Payload/linphone.app/chat_group_informations@2x.png ... 
2025-03-11 12:55:10 +0000  4219 bytes for ./Payload/linphone.app/chat_group_informations@2x.png
2025-03-11 12:55:10 +0000  copying file ./Payload/linphone.app/numpad_9_over~ipad.png ... 
2025-03-11 12:55:10 +0000  542 bytes for ./Payload/linphone.app/numpad_9_over~ipad.png
2025-03-11 12:55:10 +0000  copying file ./Payload/linphone.app/call_transfer_disabled@2x.png ... 
2025-03-11 12:55:10 +0000  1906 bytes for ./Payload/linphone.app/call_transfer_disabled@2x.png
2025-03-11 12:55:10 +0000  copying file ./Payload/linphone.app/presence_away.png ... 
2025-03-11 12:55:10 +0000  600 bytes for ./Payload/linphone.app/presence_away.png
copying file ./Payload/linphone.app/vr_wave.png ... 
2025-03-11 12:55:10 +0000  14950 bytes for ./Payload/linphone.app/vr_wave.png
2025-03-11 12:55:10 +0000  copying file ./Payload/linphone.app/footer_contacts_default@2x.png ... 
2025-03-11 12:55:10 +0000  2125 bytes for ./Payload/linphone.app/footer_contacts_default@2x.png
2025-03-11 12:55:10 +0000  copying file ./Payload/linphone.app/route_earpiece_default@2x.png ... 
2025-03-11 12:55:10 +0000  1690 bytes for ./Payload/linphone.app/route_earpiece_default@2x.png
2025-03-11 12:55:10 +0000  copying file ./Payload/linphone.app/call_hangup_default@2x.png ... 
2025-03-11 12:55:10 +0000  2482 bytes for ./Payload/linphone.app/call_hangup_default@2x.png
2025-03-11 12:55:10 +0000  copying file ./Payload/linphone.app/chat_send_over.png ... 
2025-03-11 12:55:10 +0000  1285 bytes for ./Payload/linphone.app/chat_send_over.png
2025-03-11 12:55:10 +0000  copying file ./Payload/linphone.app/call_status_missed~ipad.png ... 
2025-03-11 12:55:10 +0000  1040 bytes for ./Payload/linphone.app/call_status_missed~ipad.png
2025-03-11 12:55:10 +0000  copying file ./Payload/linphone.app/add_field_over@2x.png ... 
2025-03-11 12:55:10 +0000  1471 bytes for ./Payload/linphone.app/add_field_over@2x.png
2025-03-11 12:55:10 +0000  copying file ./Payload/linphone.app/GoogleUtilities_GoogleUtilities-AppDelegateSwizzler.bundle/PrivacyInfo.xcprivacy ... 
2025-03-11 12:55:10 +0000  478 bytes for ./Payload/linphone.app/GoogleUtilities_GoogleUtilities-AppDelegateSwizzler.bundle/PrivacyInfo.xcprivacy
2025-03-11 12:55:10 +0000  copying file ./Payload/linphone.app/GoogleUtilities_GoogleUtilities-AppDelegateSwizzler.bundle/Info.plist ... 
2025-03-11 12:55:10 +0000  749 bytes for ./Payload/linphone.app/GoogleUtilities_GoogleUtilities-AppDelegateSwizzler.bundle/Info.plist
2025-03-11 12:55:10 +0000  copying file ./Payload/linphone.app/GoogleUtilities_GoogleUtilities-NSData.bundle/PrivacyInfo.xcprivacy ... 
2025-03-11 12:55:10 +0000  478 bytes for ./Payload/linphone.app/GoogleUtilities_GoogleUtilities-NSData.bundle/PrivacyInfo.xcprivacy
2025-03-11 12:55:10 +0000  copying file ./Payload/linphone.app/GoogleUtilities_GoogleUtilities-NSData.bundle/Info.plist ... 
2025-03-11 12:55:10 +0000  723 bytes for ./Payload/linphone.app/GoogleUtilities_GoogleUtilities-NSData.bundle/Info.plist
2025-03-11 12:55:10 +0000  copying file ./Payload/linphone.app/numpad_0_over@2x.png ... 
2025-03-11 12:55:10 +0000  2046 bytes for ./Payload/linphone.app/numpad_0_over@2x.png
2025-03-11 12:55:10 +0000  copying file ./Payload/linphone.app/chat_start_body_disabled~ipad@2x.png ... 
2025-03-11 12:55:10 +0000  2272 bytes for ./Payload/linphone.app/chat_start_body_disabled~ipad@2x.png
2025-03-11 12:55:10 +0000  copying file ./Payload/linphone.app/EphemeralSettingsView.nib ... 
2025-03-11 12:55:10 +0000  8181 bytes for ./Payload/linphone.app/EphemeralSettingsView.nib
2025-03-11 12:55:10 +0000  copying file ./Payload/linphone.app/valid_default.png ... 
2025-03-11 12:55:10 +0000  594 bytes for ./Payload/linphone.app/valid_default.png
2025-03-11 12:55:10 +0000  copying file ./Payload/linphone.app/recording.png ... 
2025-03-11 12:55:10 +0000  1671 bytes for ./Payload/linphone.app/recording.png
2025-03-11 12:55:10 +0000  copying file ./Payload/linphone.app/options_start_conference_default@2x.png ... 
2025-03-11 12:55:10 +0000  3324 bytes for ./Payload/linphone.app/options_start_conference_default@2x.png
2025-03-11 12:55:10 +0000  copying file ./Payload/linphone.app/contacts_sip_selected@2x.png ... 
2025-03-11 12:55:10 +0000  3649 bytes for ./Payload/linphone.app/contacts_sip_selected@2x.png
2025-03-11 12:55:10 +0000  copying file ./Payload/linphone.app/edit_list_default.png ... 
2025-03-11 12:55:10 +0000  964 bytes for ./Payload/linphone.app/edit_list_default.png
2025-03-11 12:55:10 +0000  copying file ./Payload/linphone.app/numpad_3_over~ipad@2x.png ... 
2025-03-11 12:55:10 +0000  815 bytes for ./Payload/linphone.app/numpad_3_over~ipad@2x.png
2025-03-11 12:55:10 +0000  copying file ./Payload/linphone.app/waiting_time.png ... 
2025-03-11 12:55:10 +0000  2035 bytes for ./Payload/linphone.app/waiting_time.png
2025-03-11 12:55:10 +0000  copying file ./Payload/linphone.app/conference_delete@2x.png ... 
2025-03-11 12:55:10 +0000  592 bytes for ./Payload/linphone.app/conference_delete@2x.png
2025-03-11 12:55:10 +0000  copying file ./Payload/linphone.app/call_quality_indicator_0@2x.png ... 
2025-03-11 12:55:10 +0000  882 bytes for ./Payload/linphone.app/call_quality_indicator_0@2x.png
2025-03-11 12:55:10 +0000  copying file ./Payload/linphone.app/chat_start_body_default~ipad@2x.png ... 
2025-03-11 12:55:10 +0000  2452 bytes for ./Payload/linphone.app/chat_start_body_default~ipad@2x.png
2025-03-11 12:55:10 +0000  copying file ./Payload/linphone.app/call_video_start_disabled@2x.png ... 
2025-03-11 12:55:10 +0000  1478 bytes for ./Payload/linphone.app/call_video_start_disabled@2x.png
2025-03-11 12:55:10 +0000  copying file ./Payload/linphone.app/voip_micro_off.png ... 
2025-03-11 12:55:10 +0000  4099 bytes for ./Payload/linphone.app/voip_micro_off.png
2025-03-11 12:55:10 +0000  copying file ./Payload/linphone.app/dialer_back_default@2x.png ... 
2025-03-11 12:55:10 +0000  3286 bytes for ./Payload/linphone.app/dialer_back_default@2x.png
2025-03-11 12:55:10 +0000  copying file ./Payload/linphone.app/voip_call_list_menu.png ... 
2025-03-11 12:55:10 +0000  1877 bytes for ./Payload/linphone.app/voip_call_list_menu.png
2025-03-11 12:55:10 +0000  copying file ./Payload/linphone.app/check_selected.png ... 
2025-03-11 12:55:10 +0000  937 bytes for ./Payload/linphone.app/check_selected.png
2025-03-11 12:55:10 +0000  copying file ./Payload/linphone.app/UIShopTableCell.nib ... 
2025-03-11 12:55:10 +0000  3821 bytes for ./Payload/linphone.app/UIShopTableCell.nib
2025-03-11 12:55:10 +0000  copying file ./Payload/linphone.app/security_toogle_icon_green@2x.png ... 
2025-03-11 12:55:10 +0000  1011 bytes for ./Payload/linphone.app/security_toogle_icon_green@2x.png
2025-03-11 12:55:10 +0000  copying file ./Payload/linphone.app/Firebase_FirebaseInstallations.bundle/PrivacyInfo.xcprivacy ... 
2025-03-11 12:55:10 +0000  1105 bytes for ./Payload/linphone.app/Firebase_FirebaseInstallations.bundle/PrivacyInfo.xcprivacy
2025-03-11 12:55:10 +0000  copying file ./Payload/linphone.app/Firebase_FirebaseInstallations.bundle/Info.plist ... 
2025-03-11 12:55:10 +0000  715 bytes for ./Payload/linphone.app/Firebase_FirebaseInstallations.bundle/Info.plist
2025-03-11 12:55:10 +0000  copying file ./Payload/linphone.app/voip_numpad_8.png ... 
2025-03-11 12:55:10 +0000  3438 bytes for ./Payload/linphone.app/voip_numpad_8.png
2025-03-11 12:55:10 +0000  copying file ./Payload/linphone.app/call_audio_start_disabled.png ... 
2025-03-11 12:55:10 +0000  814 bytes for ./Payload/linphone.app/call_audio_start_disabled.png
2025-03-11 12:55:10 +0000  copying file ./Payload/linphone.app/rec_on_default.png ... 
2025-03-11 12:55:10 +0000  1153 bytes for ./Payload/linphone.app/rec_on_default.png
2025-03-11 12:55:10 +0000  copying file ./Payload/linphone.app/voip_earpiece.png ... 
2025-03-11 12:55:10 +0000  3410 bytes for ./Payload/linphone.app/voip_earpiece.png
2025-03-11 12:55:10 +0000  copying file ./Payload/linphone.app/backspace_over.png ... 
2025-03-11 12:55:10 +0000  604 bytes for ./Payload/linphone.app/backspace_over.png
2025-03-11 12:55:10 +0000  copying file ./Payload/linphone.app/conference_delete.png ... 
2025-03-11 12:55:10 +0000  287 bytes for ./Payload/linphone.app/conference_delete.png
2025-03-11 12:55:10 +0000  copying file ./Payload/linphone.app/chat_secure.png ... 
2025-03-11 12:55:10 +0000  411 bytes for ./Payload/linphone.app/chat_secure.png
2025-03-11 12:55:10 +0000  copying file ./Payload/linphone.app/options_add_call_default@2x.png ... 
2025-03-11 12:55:10 +0000  2553 bytes for ./Payload/linphone.app/options_add_call_default@2x.png
2025-03-11 12:55:10 +0000  copying file ./Payload/linphone.app/voip_numpad_9.png ... 
2025-03-11 12:55:10 +0000  3235 bytes for ./Payload/linphone.app/voip_numpad_9.png
2025-03-11 12:55:10 +0000  copying file ./Payload/linphone.app/security_toogle_icon_grey@2x.png ... 
2025-03-11 12:55:10 +0000  1056 bytes for ./Payload/linphone.app/security_toogle_icon_grey@2x.png
2025-03-11 12:55:10 +0000  copying file ./Payload/linphone.app/micro_disabled.png ... 
2025-03-11 12:55:10 +0000  725 bytes for ./Payload/linphone.app/micro_disabled.png
2025-03-11 12:55:10 +0000  copying file ./Payload/linphone.app/numpad_7~ipad.png ... 
2025-03-11 12:55:10 +0000  414 bytes for ./Payload/linphone.app/numpad_7~ipad.png
2025-03-11 12:55:10 +0000  copying file ./Payload/linphone.app/led_error.png ... 
2025-03-11 12:55:10 +0000  416 bytes for ./Payload/linphone.app/led_error.png
2025-03-11 12:55:10 +0000  copying file ./Payload/linphone.app/numpad_6~ipad.png ... 
2025-03-11 12:55:10 +0000  603 bytes for ./Payload/linphone.app/numpad_6~ipad.png
2025-03-11 12:55:10 +0000  copying file ./Payload/linphone.app/vr_pause.png ... 
2025-03-11 12:55:10 +0000  4750 bytes for ./Payload/linphone.app/vr_pause.png
2025-03-11 12:55:10 +0000  copying file ./Payload/linphone.app/numpad_8_over~ipad@2x.png ... 
2025-03-11 12:55:10 +0000  996 bytes for ./Payload/linphone.app/numpad_8_over~ipad@2x.png
2025-03-11 12:55:10 +0000  copying file ./Payload/linphone.app/edit_list_default@2x.png ... 
2025-03-11 12:55:10 +0000  1785 bytes for ./Payload/linphone.app/edit_list_default@2x.png
2025-03-11 12:55:10 +0000  copying file ./Payload/linphone.app/gRPC_grpcWrapper.bundle/PrivacyInfo.xcprivacy ... 
2025-03-11 12:55:10 +0000  817 bytes for ./Payload/linphone.app/gRPC_grpcWrapper.bundle/PrivacyInfo.xcprivacy
2025-03-11 12:55:10 +0000  copying file ./Payload/linphone.app/gRPC_grpcWrapper.bundle/Info.plist ... 
2025-03-11 12:55:10 +0000  686 bytes for ./Payload/linphone.app/gRPC_grpcWrapper.bundle/Info.plist
2025-03-11 12:55:10 +0000  copying file ./Payload/linphone.app/numpad_hash_over.png ... 
2025-03-11 12:55:10 +0000  387 bytes for ./Payload/linphone.app/numpad_hash_over.png
2025-03-11 12:55:10 +0000  copying file ./Payload/linphone.app/pause_small_disabled.png ... 
2025-03-11 12:55:10 +0000  761 bytes for ./Payload/linphone.app/pause_small_disabled.png
2025-03-11 12:55:10 +0000  copying file ./Payload/linphone.app/msg.caf ... 
2025-03-11 12:55:10 +0000  10696 bytes for ./Payload/linphone.app/msg.caf
2025-03-11 12:55:10 +0000  copying file ./Payload/linphone.app/vr_on.png ... 
2025-03-11 12:55:10 +0000  2689 bytes for ./Payload/linphone.app/vr_on.png
2025-03-11 12:55:10 +0000  copying file ./Payload/linphone.app/Firebase_FirebaseCoreInternal.bundle/PrivacyInfo.xcprivacy ... 
2025-03-11 12:55:10 +0000  855 bytes for ./Payload/linphone.app/Firebase_FirebaseCoreInternal.bundle/PrivacyInfo.xcprivacy
2025-03-11 12:55:10 +0000  copying file ./Payload/linphone.app/Firebase_FirebaseCoreInternal.bundle/Info.plist ... 
2025-03-11 12:55:10 +0000  713 bytes for ./Payload/linphone.app/Firebase_FirebaseCoreInternal.bundle/Info.plist
2025-03-11 12:55:10 +0000  copying file ./Payload/linphone.app/call_add_disabled.png ... 
2025-03-11 12:55:10 +0000  867 bytes for ./Payload/linphone.app/call_add_disabled.png
2025-03-11 12:55:10 +0000  copying file ./Payload/linphone.app/numpad_9_over@2x.png ... 
2025-03-11 12:55:10 +0000  1992 bytes for ./Payload/linphone.app/numpad_9_over@2x.png
2025-03-11 12:55:10 +0000  copying file ./Payload/linphone.app/linphonerc~ipad ... 
2025-03-11 12:55:10 +0000  1329 bytes for ./Payload/linphone.app/linphonerc~ipad
2025-03-11 12:55:10 +0000  copying file ./Payload/linphone.app/call_status_outgoing~ipad@2x.png ... 
2025-03-11 12:55:10 +0000  2135 bytes for ./Payload/linphone.app/call_status_outgoing~ipad@2x.png
2025-03-11 12:55:10 +0000  copying file ./Payload/linphone.app/led_connected@2x.png ... 
2025-03-11 12:55:10 +0000  851 bytes for ./Payload/linphone.app/led_connected@2x.png
2025-03-11 12:55:10 +0000  copying file ./Payload/linphone.app/backspace_disabled.png ... 
2025-03-11 12:55:10 +0000  494 bytes for ./Payload/linphone.app/backspace_disabled.png
2025-03-11 12:55:10 +0000  copying file ./Payload/linphone.app/Firebase_FirebaseAuth.bundle/PrivacyInfo.xcprivacy ... 
2025-03-11 12:55:10 +0000  2102 bytes for ./Payload/linphone.app/Firebase_FirebaseAuth.bundle/PrivacyInfo.xcprivacy
2025-03-11 12:55:10 +0000  copying file ./Payload/linphone.app/Firebase_FirebaseAuth.bundle/Info.plist ... 
2025-03-11 12:55:10 +0000  697 bytes for ./Payload/linphone.app/Firebase_FirebaseAuth.bundle/Info.plist
2025-03-11 12:55:10 +0000  copying file ./Payload/linphone.app/options_transfer_call_disabled.png ... 
2025-03-11 12:55:10 +0000  776 bytes for ./Payload/linphone.app/options_transfer_call_disabled.png
2025-03-11 12:55:10 +0000  copying file ./Payload/linphone.app/routes_default@2x.png ... 
2025-03-11 12:55:10 +0000  1942 bytes for ./Payload/linphone.app/routes_default@2x.png
2025-03-11 12:55:10 +0000  copying file ./Payload/linphone.app/list_details_over@2x.png ... 
2025-03-11 12:55:10 +0000  2209 bytes for ./Payload/linphone.app/list_details_over@2x.png
2025-03-11 12:55:10 +0000  copying file ./Payload/linphone.app/presence_offline@2x.png ... 
2025-03-11 12:55:10 +0000  411 bytes for ./Payload/linphone.app/presence_offline@2x.png
2025-03-11 12:55:10 +0000  copying file ./Payload/linphone.app/numpad_hash~ipad@2x.png ... 
2025-03-11 12:55:10 +0000  465 bytes for ./Payload/linphone.app/numpad_hash~ipad@2x.png
2025-03-11 12:55:10 +0000  copying file ./Payload/linphone.app/recording@2x.png ... 
2025-03-11 12:55:10 +0000  3579 bytes for ./Payload/linphone.app/recording@2x.png
2025-03-11 12:55:10 +0000  copying file ./Payload/linphone.app/numpad_hash_default.png ... 
2025-03-11 12:55:10 +0000  410 bytes for ./Payload/linphone.app/numpad_hash_default.png
2025-03-11 12:55:10 +0000  copying file ./Payload/linphone.app/call_alt_start_default.png ... 
2025-03-11 12:55:10 +0000  1304 bytes for ./Payload/linphone.app/call_alt_start_default.png
2025-03-11 12:55:10 +0000  copying file ./Payload/linphone.app/voip_remote_recording.png ... 
2025-03-11 12:55:10 +0000  2361 bytes for ./Payload/linphone.app/voip_remote_recording.png
2025-03-11 12:55:10 +0000  copying file ./Payload/linphone.app/sidebar-union.png ... 
2025-03-11 12:55:10 +0000  2670 bytes for ./Payload/linphone.app/sidebar-union.png
2025-03-11 12:55:10 +0000  copying file ./Payload/linphone.app/sv.lproj/Localizable.strings ... 
2025-03-11 12:55:10 +0000  34642 bytes for ./Payload/linphone.app/sv.lproj/Localizable.strings
2025-03-11 12:55:10 +0000  copying file ./Payload/linphone.app/call_start_body_default@2x.png ... 
2025-03-11 12:55:10 +0000  3833 bytes for ./Payload/linphone.app/call_start_body_default@2x.png
2025-03-11 12:55:10 +0000  copying file ./Payload/linphone.app/chevron_list_open@2x.png ... 
2025-03-11 12:55:10 +0000  698 bytes for ./Payload/linphone.app/chevron_list_open@2x.png
2025-03-11 12:55:10 +0000  copying file ./Payload/linphone.app/call_outgoing@2x.png ... 
2025-03-11 12:55:10 +0000  436 bytes for ./Payload/linphone.app/call_outgoing@2x.png
2025-03-11 12:55:10 +0000  copying file ./Payload/linphone.app/security_ko.png ... 
2025-03-11 12:55:10 +0000  546 bytes for ./Payload/linphone.app/security_ko.png
2025-03-11 12:55:10 +0000  copying file ./Payload/linphone.app/file_picture_default.png ... 
2025-03-11 12:55:10 +0000  1776 bytes for ./Payload/linphone.app/file_picture_default.png
2025-03-11 12:55:10 +0000  copying file ./Payload/linphone.app/new_chat_attachment_default.png ... 
2025-03-11 12:55:10 +0000  1524 bytes for ./Payload/linphone.app/new_chat_attachment_default.png
2025-03-11 12:55:10 +0000  copying file ./Payload/linphone.app/GoogleUtilities_GoogleUtilities-Logger.bundle/PrivacyInfo.xcprivacy ... 
2025-03-11 12:55:10 +0000  478 bytes for ./Payload/linphone.app/GoogleUtilities_GoogleUtilities-Logger.bundle/PrivacyInfo.xcprivacy
2025-03-11 12:55:10 +0000  copying file ./Payload/linphone.app/GoogleUtilities_GoogleUtilities-Logger.bundle/Info.plist ... 
2025-03-11 12:55:10 +0000  723 bytes for ./Payload/linphone.app/GoogleUtilities_GoogleUtilities-Logger.bundle/Info.plist
2025-03-11 12:55:10 +0000  copying file ./Payload/linphone.app/voip_info.png ... 
2025-03-11 12:55:10 +0000  2346 bytes for ./Payload/linphone.app/voip_info.png
2025-03-11 12:55:10 +0000  copying file ./Payload/linphone.app/chat_start_body_default~ipad.png ... 
2025-03-11 12:55:10 +0000  1143 bytes for ./Payload/linphone.app/chat_start_body_default~ipad.png
2025-03-11 12:55:10 +0000  copying file ./Payload/linphone.app/security_2_indicator@2x.png ... 
2025-03-11 12:55:10 +0000  1853 bytes for ./Payload/linphone.app/security_2_indicator@2x.png
2025-03-11 12:55:10 +0000  copying file ./Payload/linphone.app/call_add_disabled@2x.png ... 
2025-03-11 12:55:10 +0000  1858 bytes for ./Payload/linphone.app/call_add_disabled@2x.png
2025-03-11 12:55:10 +0000  copying file ./Payload/linphone.app/call_quality_indicator_2@2x.png ... 
2025-03-11 12:55:10 +0000  819 bytes for ./Payload/linphone.app/call_quality_indicator_2@2x.png
2025-03-11 12:55:10 +0000  copying file ./Payload/linphone.app/call_incoming@2x.png ... 
2025-03-11 12:55:10 +0000  575 bytes for ./Payload/linphone.app/call_incoming@2x.png
2025-03-11 12:55:10 +0000  copying file ./Payload/linphone.app/call_start_body_disabled~ipad@2x.png ... 
2025-03-11 12:55:10 +0000  2481 bytes for ./Payload/linphone.app/call_start_body_disabled~ipad@2x.png
2025-03-11 12:55:10 +0000  copying file ./Payload/linphone.app/GoogleUtilities_GoogleUtilities-Reachability.bundle/PrivacyInfo.xcprivacy ... 
2025-03-11 12:55:10 +0000  478 bytes for ./Payload/linphone.app/GoogleUtilities_GoogleUtilities-Reachability.bundle/PrivacyInfo.xcprivacy
2025-03-11 12:55:10 +0000  copying file ./Payload/linphone.app/GoogleUtilities_GoogleUtilities-Reachability.bundle/Info.plist ... 
2025-03-11 12:55:10 +0000  735 bytes for ./Payload/linphone.app/GoogleUtilities_GoogleUtilities-Reachability.bundle/Info.plist
2025-03-11 12:55:10 +0000  copying file ./Payload/linphone.app/deselect_all.png ... 
2025-03-11 12:55:10 +0000  399 bytes for ./Payload/linphone.app/deselect_all.png
2025-03-11 12:55:10 +0000  copying file ./Payload/linphone.app/cancel_edit_disabled.png ... 
2025-03-11 12:55:10 +0000  573 bytes for ./Payload/linphone.app/cancel_edit_disabled.png
2025-03-11 12:55:10 +0000  copying file ./Payload/linphone.app/route_speaker_selected.png ... 
2025-03-11 12:55:10 +0000  642 bytes for ./Payload/linphone.app/route_speaker_selected.png
2025-03-11 12:55:10 +0000  copying file ./Payload/linphone.app/cs.lproj/Localizable.strings ... 
2025-03-11 12:55:10 +0000  38068 bytes for ./Payload/linphone.app/cs.lproj/Localizable.strings
2025-03-11 12:55:10 +0000  copying file ./Payload/linphone.app/assistant_linphone_existing.rc ... 
2025-03-11 12:55:10 +0000  2800 bytes for ./Payload/linphone.app/assistant_linphone_existing.rc
2025-03-11 12:55:10 +0000  copying file ./Payload/linphone.app/Firebase_FirebaseFirestore.bundle/PrivacyInfo.xcprivacy ... 
2025-03-11 12:55:10 +0000  1105 bytes for ./Payload/linphone.app/Firebase_FirebaseFirestore.bundle/PrivacyInfo.xcprivacy
2025-03-11 12:55:10 +0000  copying file ./Payload/linphone.app/Firebase_FirebaseFirestore.bundle/Info.plist ... 
2025-03-11 12:55:10 +0000  707 bytes for ./Payload/linphone.app/Firebase_FirebaseFirestore.bundle/Info.plist
2025-03-11 12:55:10 +0000  copying file ./Payload/linphone.app/call_start_body_over.png ... 
2025-03-11 12:55:10 +0000  2210 bytes for ./Payload/linphone.app/call_start_body_over.png
2025-03-11 12:55:10 +0000  copying file ./Payload/linphone.app/chat_add_default.png ... 
2025-03-11 12:55:10 +0000  1280 bytes for ./Payload/linphone.app/chat_add_default.png
2025-03-11 12:55:10 +0000  copying file ./Payload/linphone.app/voip_numpad_star.png ... 
2025-03-11 12:55:10 +0000  2481 bytes for ./Payload/linphone.app/voip_numpad_star.png
2025-03-11 12:55:10 +0000  copying file ./Payload/linphone.app/Firebase_FirebaseMessaging.bundle/PrivacyInfo.xcprivacy ... 
2025-03-11 12:55:10 +0000  2357 bytes for ./Payload/linphone.app/Firebase_FirebaseMessaging.bundle/PrivacyInfo.xcprivacy
2025-03-11 12:55:10 +0000  copying file ./Payload/linphone.app/Firebase_FirebaseMessaging.bundle/Info.plist ... 
2025-03-11 12:55:10 +0000  707 bytes for ./Payload/linphone.app/Firebase_FirebaseMessaging.bundle/Info.plist
2025-03-11 12:55:10 +0000  copying file ./Payload/linphone.app/history_chat_indicator.png ... 
2025-03-11 12:55:10 +0000  340 bytes for ./Payload/linphone.app/history_chat_indicator.png
2025-03-11 12:55:10 +0000  copying file ./Payload/linphone.app/pause_big_over_selected.png ... 
2025-03-11 12:55:10 +0000  1250 bytes for ./Payload/linphone.app/pause_big_over_selected.png
2025-03-11 12:55:10 +0000  copying file ./Payload/linphone.app/options_transfer_call_disabled@2x.png ... 
2025-03-11 12:55:10 +0000  1479 bytes for ./Payload/linphone.app/options_transfer_call_disabled@2x.png
2025-03-11 12:55:10 +0000  copying file ./Payload/linphone.app/call_start_body_disabled.png ... 
2025-03-11 12:55:10 +0000  1732 bytes for ./Payload/linphone.app/call_start_body_disabled.png
2025-03-11 12:55:10 +0000  copying file ./Payload/linphone.app/UIRecordingCell.nib ... 
2025-03-11 12:55:10 +0000  2837 bytes for ./Payload/linphone.app/UIRecordingCell.nib
2025-03-11 12:55:10 +0000  copying file ./Payload/linphone.app/call_video_start_disabled.png ... 
2025-03-11 12:55:10 +0000  730 bytes for ./Payload/linphone.app/call_video_start_disabled.png
2025-03-11 12:55:10 +0000  copying file ./Payload/linphone.app/valid_disabled.png ... 
2025-03-11 12:55:10 +0000  411 bytes for ./Payload/linphone.app/valid_disabled.png
copying file ./Payload/linphone.app/new_vr_off.png ... 
2025-03-11 12:55:10 +0000  1390 bytes for ./Payload/linphone.app/new_vr_off.png
2025-03-11 12:55:10 +0000  copying file ./Payload/linphone.app/conference_exit_default.png ... 
2025-03-11 12:55:10 +0000  1368 bytes for ./Payload/linphone.app/conference_exit_default.png
copying file ./Payload/linphone.app/GoogleService-Info.plist ... 
2025-03-11 12:55:10 +0000  839 bytes for ./Payload/linphone.app/GoogleService-Info.plist
2025-03-11 12:55:10 +0000  copying file ./Payload/linphone.app/chat_start_body_disabled@2x.png ... 
2025-03-11 12:55:10 +0000  3290 bytes for ./Payload/linphone.app/chat_start_body_disabled@2x.png
2025-03-11 12:55:10 +0000  copying file ./Payload/linphone.app/LaunchScreen.nib ... 
2025-03-11 12:55:10 +0000  4276 bytes for ./Payload/linphone.app/LaunchScreen.nib
2025-03-11 12:55:10 +0000  copying file ./Payload/linphone.app/callkit_logo.png ... 
2025-03-11 12:55:10 +0000  1304 bytes for ./Payload/linphone.app/callkit_logo.png
2025-03-11 12:55:10 +0000  copying file ./Payload/linphone.app/numpad_star_over~ipad.png ... 
2025-03-11 12:55:10 +0000  334 bytes for ./Payload/linphone.app/numpad_star_over~ipad.png
2025-03-11 12:55:10 +0000  copying file ./Payload/linphone.app/call_start_body_default~ipad@2x.png ... 
2025-03-11 12:55:10 +0000  2662 bytes for ./Payload/linphone.app/call_start_body_default~ipad@2x.png
2025-03-11 12:55:10 +0000  copying file ./Payload/linphone.app/assistant_external_sip.rc ... 
2025-03-11 12:55:10 +0000  1972 bytes for ./Payload/linphone.app/assistant_external_sip.rc
2025-03-11 12:55:10 +0000  copying file ./Payload/linphone.app/numpad_3_default.png ... 
2025-03-11 12:55:10 +0000  891 bytes for ./Payload/linphone.app/numpad_3_default.png
2025-03-11 12:55:10 +0000  copying file ./Payload/linphone.app/numpad_7_over~ipad@2x.png ... 
2025-03-11 12:55:10 +0000  558 bytes for ./Payload/linphone.app/numpad_7_over~ipad@2x.png
2025-03-11 12:55:10 +0000  copying file ./Payload/linphone.app/numpad_over_background.png ... 
2025-03-11 12:55:10 +0000  290 bytes for ./Payload/linphone.app/numpad_over_background.png
2025-03-11 12:55:10 +0000  copying file ./Payload/linphone.app/menu_recordings@2x.png ... 
2025-03-11 12:55:10 +0000  1461 bytes for ./Payload/linphone.app/menu_recordings@2x.png
2025-03-11 12:55:10 +0000  copying file ./Payload/linphone.app/numpad_3~ipad@2x.png ... 
2025-03-11 12:55:10 +0000  873 bytes for ./Payload/linphone.app/numpad_3~ipad@2x.png
2025-03-11 12:55:10 +0000  copying file ./Payload/linphone.app/history_all_default@2x.png ... 
2025-03-11 12:55:10 +0000  3248 bytes for ./Payload/linphone.app/history_all_default@2x.png
2025-03-11 12:55:10 +0000  copying file ./Payload/linphone.app/dialer_background.png ... 
2025-03-11 12:55:10 +0000  43319 bytes for ./Payload/linphone.app/dialer_background.png
2025-03-11 12:55:10 +0000  copying file ./Payload/linphone.app/chat_start_body_default@2x.png ... 
2025-03-11 12:55:10 +0000  3433 bytes for ./Payload/linphone.app/chat_start_body_default@2x.png
2025-03-11 12:55:10 +0000  copying file ./Payload/linphone.app/linphone_user@2x.png ... 
2025-03-11 12:55:10 +0000  1655 bytes for ./Payload/linphone.app/linphone_user@2x.png
2025-03-11 12:55:10 +0000  copying file ./Payload/linphone.app/chat_start_body_over~ipad.png ... 
2025-03-11 12:55:10 +0000  1269 bytes for ./Payload/linphone.app/chat_start_body_over~ipad.png
2025-03-11 12:55:10 +0000  copying file ./Payload/linphone.app/chat_add_default@2x.png ... 
2025-03-11 12:55:10 +0000  2280 bytes for ./Payload/linphone.app/chat_add_default@2x.png
2025-03-11 12:55:10 +0000  copying file ./Payload/linphone.app/voip_multiple_contacts_avatar.png ... 
2025-03-11 12:55:10 +0000  5752 bytes for ./Payload/linphone.app/voip_multiple_contacts_avatar.png
2025-03-11 12:55:10 +0000  copying file ./Payload/linphone.app/scroll_to_bottom_default.png ... 
2025-03-11 12:55:10 +0000  3334 bytes for ./Payload/linphone.app/scroll_to_bottom_default.png
2025-03-11 12:55:10 +0000  copying file ./Payload/linphone.app/backspace_default.png ... 
2025-03-11 12:55:10 +0000  757 bytes for ./Payload/linphone.app/backspace_default.png
2025-03-11 12:55:10 +0000  copying file ./Payload/linphone.app/security_toogle_background_green@2x.png ... 
2025-03-11 12:55:10 +0000  1090 bytes for ./Payload/linphone.app/security_toogle_background_green@2x.png
2025-03-11 12:55:10 +0000  copying file ./Payload/linphone.app/voip_export.png ... 
2025-03-11 12:55:10 +0000  2602 bytes for ./Payload/linphone.app/voip_export.png
2025-03-11 12:55:10 +0000  copying file ./Payload/linphone.app/numpad_5_over@2x.png ... 
2025-03-11 12:55:10 +0000  1624 bytes for ./Payload/linphone.app/numpad_5_over@2x.png
2025-03-11 12:55:10 +0000  copying file ./Payload/linphone.app/Base.lproj/RecordingsListView.nib/runtime.nib ... 
2025-03-11 12:55:10 +0000  7936 bytes for ./Payload/linphone.app/Base.lproj/RecordingsListView.nib/runtime.nib
2025-03-11 12:55:10 +0000  copying file ./Payload/linphone.app/Base.lproj/RecordingsListView.nib/objects-14.0+.nib ... 
2025-03-11 12:55:10 +0000  7936 bytes for ./Payload/linphone.app/Base.lproj/RecordingsListView.nib/objects-14.0+.nib
2025-03-11 12:55:10 +0000  copying file ./Payload/linphone.app/Base.lproj/UIChatReplyBubbleView.nib ... 
2025-03-11 12:55:10 +0000  4942 bytes for ./Payload/linphone.app/Base.lproj/UIChatReplyBubbleView.nib
2025-03-11 12:55:10 +0000  copying file ./Payload/linphone.app/Base.lproj/ChatsListView.nib/runtime.nib ... 
2025-03-11 12:55:10 +0000  12895 bytes for ./Payload/linphone.app/Base.lproj/ChatsListView.nib/runtime.nib
2025-03-11 12:55:10 +0000  copying file ./Payload/linphone.app/Base.lproj/ChatsListView.nib/objects-14.0+.nib ... 
2025-03-11 12:55:10 +0000  11552 bytes for ./Payload/linphone.app/Base.lproj/ChatsListView.nib/objects-14.0+.nib
2025-03-11 12:55:10 +0000  copying file ./Payload/linphone.app/Base.lproj/UIContactDetailsCell.nib ... 
2025-03-11 12:55:10 +0000  7311 bytes for ./Payload/linphone.app/Base.lproj/UIContactDetailsCell.nib
2025-03-11 12:55:10 +0000  copying file ./Payload/linphone.app/Base.lproj/UICompositeView.nib ... 
2025-03-11 12:55:10 +0000  3486 bytes for ./Payload/linphone.app/Base.lproj/UICompositeView.nib
2025-03-11 12:55:10 +0000  copying file ./Payload/linphone.app/Base.lproj/ShopView.nib ... 
2025-03-11 12:55:10 +0000  5327 bytes for ./Payload/linphone.app/Base.lproj/ShopView.nib
2025-03-11 12:55:10 +0000  copying file ./Payload/linphone.app/Base.lproj/ChatConversationCreateView.nib ... 
2025-03-11 12:55:10 +0000  11241 bytes for ./Payload/linphone.app/Base.lproj/ChatConversationCreateView.nib
2025-03-11 12:55:10 +0000  copying file ./Payload/linphone.app/Base.lproj/UIChatConversationImdnTableViewCell.nib ... 
2025-03-11 12:55:10 +0000  3584 bytes for ./Payload/linphone.app/Base.lproj/UIChatConversationImdnTableViewCell.nib
2025-03-11 12:55:10 +0000  copying file ./Payload/linphone.app/Base.lproj/UIChatConversationInfoTableViewCell.nib ... 
2025-03-11 12:55:10 +0000  4915 bytes for ./Payload/linphone.app/Base.lproj/UIChatConversationInfoTableViewCell.nib
2025-03-11 12:55:10 +0000  copying file ./Payload/linphone.app/Base.lproj/UIHistoryCell.nib/runtime.nib ... 
2025-03-11 12:55:10 +0000  5151 bytes for ./Payload/linphone.app/Base.lproj/UIHistoryCell.nib/runtime.nib
2025-03-11 12:55:10 +0000  copying file ./Payload/linphone.app/Base.lproj/UIHistoryCell.nib/objects-14.0+.nib ... 
2025-03-11 12:55:10 +0000  3874 bytes for ./Payload/linphone.app/Base.lproj/UIHistoryCell.nib/objects-14.0+.nib
2025-03-11 12:55:10 +0000  copying file ./Payload/linphone.app/Base.lproj/ChatConversationInfoView.nib ... 
2025-03-11 12:55:10 +0000  8510 bytes for ./Payload/linphone.app/Base.lproj/ChatConversationInfoView.nib
2025-03-11 12:55:10 +0000  copying file ./Payload/linphone.app/Base.lproj/SettingsView.nib/runtime.nib ... 
2025-03-11 12:55:10 +0000  5177 bytes for ./Payload/linphone.app/Base.lproj/SettingsView.nib/runtime.nib
2025-03-11 12:55:10 +0000  copying file ./Payload/linphone.app/Base.lproj/SettingsView.nib/objects-14.0+.nib ... 
2025-03-11 12:55:10 +0000  5177 bytes for ./Payload/linphone.app/Base.lproj/SettingsView.nib/objects-14.0+.nib
2025-03-11 12:55:10 +0000  copying file ./Payload/linphone.app/Base.lproj/UIChatCreateCell.nib ... 
2025-03-11 12:55:10 +0000  4581 bytes for ./Payload/linphone.app/Base.lproj/UIChatCreateCell.nib
2025-03-11 12:55:10 +0000  copying file ./Payload/linphone.app/Base.lproj/StatusBarView.nib ... 
2025-03-11 12:55:10 +0000  6447 bytes for ./Payload/linphone.app/Base.lproj/StatusBarView.nib
2025-03-11 12:55:10 +0000  copying file ./Payload/linphone.app/Base.lproj/FirstLoginView.nib ... 
2025-03-11 12:55:10 +0000  11873 bytes for ./Payload/linphone.app/Base.lproj/FirstLoginView.nib
2025-03-11 12:55:10 +0000  copying file ./Payload/linphone.app/Base.lproj/HistoryListView.nib ... 
2025-03-11 12:55:10 +0000  12915 bytes for ./Payload/linphone.app/Base.lproj/HistoryListView.nib
2025-03-11 12:55:10 +0000  copying file ./Payload/linphone.app/Base.lproj/AboutView.nib ... 
2025-03-11 12:55:10 +0000  11152 bytes for ./Payload/linphone.app/Base.lproj/AboutView.nib
2025-03-11 12:55:10 +0000  copying file ./Payload/linphone.app/Base.lproj/TabBarView.nib/runtime.nib ... 
2025-03-11 12:55:10 +0000  17010 bytes for ./Payload/linphone.app/Base.lproj/TabBarView.nib/runtime.nib
2025-03-11 12:55:10 +0000  copying file ./Payload/linphone.app/Base.lproj/TabBarView.nib/objects-14.0+.nib ... 
2025-03-11 12:55:10 +0000  15638 bytes for ./Payload/linphone.app/Base.lproj/TabBarView.nib/objects-14.0+.nib
2025-03-11 12:55:10 +0000  copying file ./Payload/linphone.app/Base.lproj/ContactsListView.nib/runtime.nib ... 
2025-03-11 12:55:10 +0000  13886 bytes for ./Payload/linphone.app/Base.lproj/ContactsListView.nib/runtime.nib
2025-03-11 12:55:10 +0000  copying file ./Payload/linphone.app/Base.lproj/ContactsListView.nib/objects-14.0+.nib ... 
2025-03-11 12:55:10 +0000  12497 bytes for ./Payload/linphone.app/Base.lproj/ContactsListView.nib/objects-14.0+.nib
2025-03-11 12:55:10 +0000  copying file ./Payload/linphone.app/Base.lproj/AssistantView.nib ... 
2025-03-11 12:55:10 +0000  4816 bytes for ./Payload/linphone.app/Base.lproj/AssistantView.nib
2025-03-11 12:55:10 +0000  copying file ./Payload/linphone.app/Base.lproj/SideMenuView.nib ... 
2025-03-11 12:55:10 +0000  6907 bytes for ./Payload/linphone.app/Base.lproj/SideMenuView.nib
2025-03-11 12:55:10 +0000  copying file ./Payload/linphone.app/Base.lproj/UICompositeView~ipad.nib ... 
2025-03-11 12:55:10 +0000  2986 bytes for ./Payload/linphone.app/Base.lproj/UICompositeView~ipad.nib
2025-03-11 12:55:10 +0000  copying file ./Payload/linphone.app/Base.lproj/ChatConversationImdnView.nib ... 
2025-03-11 12:55:10 +0000  5123 bytes for ./Payload/linphone.app/Base.lproj/ChatConversationImdnView.nib
2025-03-11 12:55:10 +0000  copying file ./Payload/linphone.app/Base.lproj/AssistantLinkView.nib ... 
2025-03-11 12:55:10 +0000  12063 bytes for ./Payload/linphone.app/Base.lproj/AssistantLinkView.nib
2025-03-11 12:55:10 +0000  copying file ./Payload/linphone.app/Base.lproj/AssistantViewScreens.nib ... 
2025-03-11 12:55:10 +0000  67254 bytes for ./Payload/linphone.app/Base.lproj/AssistantViewScreens.nib
2025-03-11 12:55:10 +0000  copying file ./Payload/linphone.app/Base.lproj/DialerView.nib ... 
2025-03-11 12:55:10 +0000  22234 bytes for ./Payload/linphone.app/Base.lproj/DialerView.nib
2025-03-11 12:55:10 +0000  copying file ./Payload/linphone.app/Base.lproj/UIChatCell.nib ... 
2025-03-11 12:55:10 +0000  5508 bytes for ./Payload/linphone.app/Base.lproj/UIChatCell.nib
2025-03-11 12:55:10 +0000  copying file ./Payload/linphone.app/Base.lproj/DialerView~ipad.nib ... 
2025-03-11 12:55:10 +0000  19793 bytes for ./Payload/linphone.app/Base.lproj/DialerView~ipad.nib
2025-03-11 12:55:10 +0000  copying file ./Payload/linphone.app/Base.lproj/UIContactCell.nib ... 
2025-03-11 12:55:10 +0000  3364 bytes for ./Payload/linphone.app/Base.lproj/UIContactCell.nib
2025-03-11 12:55:10 +0000  copying file ./Payload/linphone.app/Base.lproj/ChatConversationView.nib ... 
2025-03-11 12:55:10 +0000  23509 bytes for ./Payload/linphone.app/Base.lproj/ChatConversationView.nib
2025-03-11 12:55:10 +0000  copying file ./Payload/linphone.app/Base.lproj/UIChatBubbleTextCell.nib ... 
2025-03-11 12:55:10 +0000  5780 bytes for ./Payload/linphone.app/Base.lproj/UIChatBubbleTextCell.nib
2025-03-11 12:55:10 +0000  copying file ./Payload/linphone.app/Base.lproj/UIConfirmationDialog.nib ... 
2025-03-11 12:55:10 +0000  6978 bytes for ./Payload/linphone.app/Base.lproj/UIConfirmationDialog.nib
2025-03-11 12:55:10 +0000  copying file ./Payload/linphone.app/Base.lproj/SideMenuView~ipad.nib ... 
2025-03-11 12:55:10 +0000  5981 bytes for ./Payload/linphone.app/Base.lproj/SideMenuView~ipad.nib
2025-03-11 12:55:10 +0000  copying file ./Payload/linphone.app/Base.lproj/ContactDetailsView.nib ... 
2025-03-11 12:55:10 +0000  12496 bytes for ./Payload/linphone.app/Base.lproj/ContactDetailsView.nib
2025-03-11 12:55:10 +0000  copying file ./Payload/linphone.app/Base.lproj/CountryListView.nib ... 
2025-03-11 12:55:10 +0000  4812 bytes for ./Payload/linphone.app/Base.lproj/CountryListView.nib
2025-03-11 12:55:10 +0000  copying file ./Payload/linphone.app/Base.lproj/HistoryDetailsView.nib/runtime.nib ... 
2025-03-11 12:55:10 +0000  15541 bytes for ./Payload/linphone.app/Base.lproj/HistoryDetailsView.nib/runtime.nib
2025-03-11 12:55:10 +0000  copying file ./Payload/linphone.app/Base.lproj/HistoryDetailsView.nib/objects-14.0+.nib ... 
2025-03-11 12:55:10 +0000  14211 bytes for ./Payload/linphone.app/Base.lproj/HistoryDetailsView.nib/objects-14.0+.nib
2025-03-11 12:55:10 +0000  copying file ./Payload/linphone.app/Base.lproj/PhoneMainView.nib ... 
2025-03-11 12:55:10 +0000  1760 bytes for ./Payload/linphone.app/Base.lproj/PhoneMainView.nib
2025-03-11 12:55:10 +0000  copying file ./Payload/linphone.app/Base.lproj/ImageView.nib ... 
2025-03-11 12:55:10 +0000  3649 bytes for ./Payload/linphone.app/Base.lproj/ImageView.nib
2025-03-11 12:55:10 +0000  copying file ./Payload/linphone.app/Base.lproj/UIChatBubblePhotoCell.nib ... 
2025-03-11 12:55:10 +0000  12168 bytes for ./Payload/linphone.app/Base.lproj/UIChatBubblePhotoCell.nib
2025-03-11 12:55:10 +0000  copying file ./Payload/linphone.app/chat_group_avatar.png ... 
2025-03-11 12:55:10 +0000  4330 bytes for ./Payload/linphone.app/chat_group_avatar.png
2025-03-11 12:55:10 +0000  copying file ./Payload/linphone.app/security_toogle_icon_grey.png ... 
2025-03-11 12:55:10 +0000  633 bytes for ./Payload/linphone.app/security_toogle_icon_grey.png
2025-03-11 12:55:10 +0000  copying file ./Payload/linphone.app/voip_cancel.png ... 
2025-03-11 12:55:10 +0000  1386 bytes for ./Payload/linphone.app/voip_cancel.png
2025-03-11 12:55:10 +0000  copying file ./Payload/linphone.app/numpad_hash~ipad.png ... 
2025-03-11 12:55:10 +0000  440 bytes for ./Payload/linphone.app/numpad_hash~ipad.png
2025-03-11 12:55:10 +0000  copying file ./Payload/linphone.app/backspace_default@2x.png ... 
2025-03-11 12:55:10 +0000  1354 bytes for ./Payload/linphone.app/backspace_default@2x.png
2025-03-11 12:55:10 +0000  copying file ./Payload/linphone.app/camera_default@2x.png ... 
2025-03-11 12:55:10 +0000  726 bytes for ./Payload/linphone.app/camera_default@2x.png
2025-03-11 12:55:10 +0000  copying file ./Payload/linphone.app/voip_radio_on.png ... 
2025-03-11 12:55:10 +0000  650 bytes for ./Payload/linphone.app/voip_radio_on.png
2025-03-11 12:55:10 +0000  copying file ./Payload/linphone.app/numpad_7_over.png ... 
2025-03-11 12:55:10 +0000  560 bytes for ./Payload/linphone.app/numpad_7_over.png
2025-03-11 12:55:10 +0000  copying file ./Payload/linphone.app/voip_bluetooth.png ... 
2025-03-11 12:55:10 +0000  2532 bytes for ./Payload/linphone.app/voip_bluetooth.png
2025-03-11 12:55:10 +0000  copying file ./Payload/linphone.app/numpad_6_over.png ... 
2025-03-11 12:55:10 +0000  982 bytes for ./Payload/linphone.app/numpad_6_over.png
2025-03-11 12:55:10 +0000  copying file ./Payload/linphone.app/history_missed_default@2x.png ... 
2025-03-11 12:55:10 +0000  2461 bytes for ./Payload/linphone.app/history_missed_default@2x.png
2025-03-11 12:55:10 +0000  copying file ./Payload/linphone.app/linphone_user~ipad.png ... 
2025-03-11 12:55:10 +0000  762 bytes for ./Payload/linphone.app/linphone_user~ipad.png
2025-03-11 12:55:10 +0000  copying file ./Payload/linphone.app/delete_field_over@2x.png ... 
2025-03-11 12:55:10 +0000  951 bytes for ./Payload/linphone.app/delete_field_over@2x.png
2025-03-11 12:55:10 +0000  copying file ./Payload/linphone.app/menu_options@2x.png ... 
2025-03-11 12:55:10 +0000  1416 bytes for ./Payload/linphone.app/menu_options@2x.png
2025-03-11 12:55:10 +0000  copying file ./Payload/linphone.app/call_incoming.png ... 
2025-03-11 12:55:10 +0000  341 bytes for ./Payload/linphone.app/call_incoming.png
2025-03-11 12:55:10 +0000  copying file ./Payload/linphone.app/call_quality_indicator_4.png ... 
2025-03-11 12:55:10 +0000  298 bytes for ./Payload/linphone.app/call_quality_indicator_4.png
2025-03-11 12:55:10 +0000  copying file ./Payload/linphone.app/options_add_call_disabled@2x.png ... 
2025-03-11 12:55:10 +0000  1448 bytes for ./Payload/linphone.app/options_add_call_disabled@2x.png
2025-03-11 12:55:10 +0000  copying file ./Payload/linphone.app/gRPC_opensslWrapper.bundle/PrivacyInfo.xcprivacy ... 
2025-03-11 12:55:10 +0000  817 bytes for ./Payload/linphone.app/gRPC_opensslWrapper.bundle/PrivacyInfo.xcprivacy
2025-03-11 12:55:10 +0000  copying file ./Payload/linphone.app/gRPC_opensslWrapper.bundle/Info.plist ... 
2025-03-11 12:55:10 +0000  692 bytes for ./Payload/linphone.app/gRPC_opensslWrapper.bundle/Info.plist
2025-03-11 12:55:10 +0000  copying file ./Payload/linphone.app/options_default.png ... 
2025-03-11 12:55:10 +0000  952 bytes for ./Payload/linphone.app/options_default.png
2025-03-11 12:55:10 +0000  copying file ./Payload/linphone.app/linphone ... 
2025-03-11 12:55:11 +0000  15857328 bytes for ./Payload/linphone.app/linphone
copying file ./Payload/linphone.app/footer_history_disabled.png ... 
2025-03-11 12:55:11 +0000  509 bytes for ./Payload/linphone.app/footer_history_disabled.png
copying file ./Payload/linphone.app/invite_linphone.png ... 
2025-03-11 12:55:11 +0000  2892 bytes for ./Payload/linphone.app/invite_linphone.png
copying file ./Payload/linphone.app/numpad_star_over@2x.png ... 
2025-03-11 12:55:11 +0000  1028 bytes for ./Payload/linphone.app/numpad_star_over@2x.png
2025-03-11 12:55:11 +0000  copying file ./Payload/linphone.app/voip_conference_paused_big.png ... 
2025-03-11 12:55:11 +0000  2885 bytes for ./Payload/linphone.app/voip_conference_paused_big.png
copying file ./Payload/linphone.app/numpad_4~ipad@2x.png ... 
2025-03-11 12:55:11 +0000  628 bytes for ./Payload/linphone.app/numpad_4~ipad@2x.png
2025-03-11 12:55:11 +0000  copying file ./Payload/linphone.app/numpad_4_default.png ... 
2025-03-11 12:55:11 +0000  592 bytes for ./Payload/linphone.app/numpad_4_default.png
2025-03-11 12:55:11 +0000  copying file ./Payload/linphone.app/numpad_star_over~ipad@2x.png ... 
2025-03-11 12:55:11 +0000  560 bytes for ./Payload/linphone.app/numpad_star_over~ipad@2x.png
2025-03-11 12:55:11 +0000  copying file ./Payload/linphone.app/voip_numpad_2.png ... 
2025-03-11 12:55:11 +0000  2342 bytes for ./Payload/linphone.app/voip_numpad_2.png
2025-03-11 12:55:11 +0000  copying file ./Payload/linphone.app/numpad_5_default@2x.png ... 
2025-03-11 12:55:11 +0000  1717 bytes for ./Payload/linphone.app/numpad_5_default@2x.png
2025-03-11 12:55:11 +0000  copying file ./Payload/linphone.app/voip_merge_calls.png ... 
2025-03-11 12:55:11 +0000  4413 bytes for ./Payload/linphone.app/voip_merge_calls.png
2025-03-11 12:55:11 +0000  copying file ./Payload/linphone.app/numpad_2_over@2x.png ... 
2025-03-11 12:55:11 +0000  1401 bytes for ./Payload/linphone.app/numpad_2_over@2x.png
2025-03-11 12:55:11 +0000  copying file ./Payload/linphone.app/voip_numpad_3.png ... 
2025-03-11 12:55:11 +0000  2710 bytes for ./Payload/linphone.app/voip_numpad_3.png
2025-03-11 12:55:11 +0000  copying file ./Payload/linphone.app/hu.lproj/HistoryListView.strings ... 
2025-03-11 12:55:11 +0000  1862 bytes for ./Payload/linphone.app/hu.lproj/HistoryListView.strings
2025-03-11 12:55:11 +0000  copying file ./Payload/linphone.app/hu.lproj/ChatConversationCreateView.strings ... 
2025-03-11 12:55:11 +0000  1432 bytes for ./Payload/linphone.app/hu.lproj/ChatConversationCreateView.strings
2025-03-11 12:55:11 +0000  copying file ./Payload/linphone.app/hu.lproj/ChatConversationInfoView.strings ... 
2025-03-11 12:55:11 +0000  2878 bytes for ./Payload/linphone.app/hu.lproj/ChatConversationInfoView.strings
2025-03-11 12:55:11 +0000  copying file ./Payload/linphone.app/hu.lproj/AssistantLinkView.strings ... 
2025-03-11 12:55:11 +0000  7102 bytes for ./Payload/linphone.app/hu.lproj/AssistantLinkView.strings
2025-03-11 12:55:11 +0000  copying file ./Payload/linphone.app/hu.lproj/UIConfirmationDialog.strings ... 
2025-03-11 12:55:11 +0000  1066 bytes for ./Payload/linphone.app/hu.lproj/UIConfirmationDialog.strings
2025-03-11 12:55:11 +0000  copying file ./Payload/linphone.app/hu.lproj/SideMenuView~ipad.strings ... 
2025-03-11 12:55:11 +0000  494 bytes for ./Payload/linphone.app/hu.lproj/SideMenuView~ipad.strings
2025-03-11 12:55:11 +0000  copying file ./Payload/linphone.app/hu.lproj/AssistantViewScreens.strings ... 
2025-03-11 12:55:11 +0000  35140 bytes for ./Payload/linphone.app/hu.lproj/AssistantViewScreens.strings
2025-03-11 12:55:11 +0000  copying file ./Payload/linphone.app/hu.lproj/TabBarView.strings ... 
2025-03-11 12:55:11 +0000  3738 bytes for ./Payload/linphone.app/hu.lproj/TabBarView.strings
2025-03-11 12:55:11 +0000  copying file ./Payload/linphone.app/hu.lproj/UIChatConversationInfoTableViewCell.strings ... 
2025-03-11 12:55:11 +0000  674 bytes for ./Payload/linphone.app/hu.lproj/UIChatConversationInfoTableViewCell.strings
2025-03-11 12:55:11 +0000  copying file ./Payload/linphone.app/hu.lproj/AssistantView.strings ... 
2025-03-11 12:55:11 +0000  712 bytes for ./Payload/linphone.app/hu.lproj/AssistantView.strings
2025-03-11 12:55:11 +0000  copying file ./Payload/linphone.app/hu.lproj/UIChatBubbleTextCell.strings ... 
2025-03-11 12:55:11 +0000  748 bytes for ./Payload/linphone.app/hu.lproj/UIChatBubbleTextCell.strings
2025-03-11 12:55:11 +0000  copying file ./Payload/linphone.app/hu.lproj/ShopView.strings ... 
2025-03-11 12:55:11 +0000  486 bytes for ./Payload/linphone.app/hu.lproj/ShopView.strings
2025-03-11 12:55:11 +0000  copying file ./Payload/linphone.app/hu.lproj/ChatsListView.strings ... 
2025-03-11 12:55:11 +0000  1926 bytes for ./Payload/linphone.app/hu.lproj/ChatsListView.strings
2025-03-11 12:55:11 +0000  copying file ./Payload/linphone.app/hu.lproj/ImageView.strings ... 
2025-03-11 12:55:11 +0000  288 bytes for ./Payload/linphone.app/hu.lproj/ImageView.strings
2025-03-11 12:55:11 +0000  copying file ./Payload/linphone.app/hu.lproj/ChatConversationView.strings ... 
2025-03-11 12:55:11 +0000  7502 bytes for ./Payload/linphone.app/hu.lproj/ChatConversationView.strings
2025-03-11 12:55:11 +0000  copying file ./Payload/linphone.app/hu.lproj/UIChatCreateCell.strings ... 
2025-03-11 12:55:11 +0000  746 bytes for ./Payload/linphone.app/hu.lproj/UIChatCreateCell.strings
2025-03-11 12:55:11 +0000  copying file ./Payload/linphone.app/hu.lproj/UIChatConversationImdnTableViewCell.strings ... 
2025-03-11 12:55:11 +0000  712 bytes for ./Payload/linphone.app/hu.lproj/UIChatConversationImdnTableViewCell.strings
2025-03-11 12:55:11 +0000  copying file ./Payload/linphone.app/hu.lproj/CountryListView.strings ... 
2025-03-11 12:55:11 +0000  500 bytes for ./Payload/linphone.app/hu.lproj/CountryListView.strings
2025-03-11 12:55:11 +0000  copying file ./Payload/linphone.app/hu.lproj/FirstLoginView.strings ... 
2025-03-11 12:55:11 +0000  7366 bytes for ./Payload/linphone.app/hu.lproj/FirstLoginView.strings
2025-03-11 12:55:11 +0000  copying file ./Payload/linphone.app/hu.lproj/ChatConversationImdnView.strings ... 
2025-03-11 12:55:11 +0000  1844 bytes for ./Payload/linphone.app/hu.lproj/ChatConversationImdnView.strings
2025-03-11 12:55:11 +0000  copying file ./Payload/linphone.app/hu.lproj/ContactDetailsView.strings ... 
2025-03-11 12:55:11 +0000  2962 bytes for ./Payload/linphone.app/hu.lproj/ContactDetailsView.strings
2025-03-11 12:55:11 +0000  copying file ./Payload/linphone.app/hu.lproj/StatusBarView.strings ... 
2025-03-11 12:55:11 +0000  1070 bytes for ./Payload/linphone.app/hu.lproj/StatusBarView.strings
2025-03-11 12:55:11 +0000  copying file ./Payload/linphone.app/hu.lproj/PhoneMainView.strings ... 
2025-03-11 12:55:11 +0000  1 bytes for ./Payload/linphone.app/hu.lproj/PhoneMainView.strings
2025-03-11 12:55:11 +0000  copying file ./Payload/linphone.app/hu.lproj/Localizable.strings ... 
2025-03-11 12:55:11 +0000  37253 bytes for ./Payload/linphone.app/hu.lproj/Localizable.strings
2025-03-11 12:55:11 +0000  copying file ./Payload/linphone.app/hu.lproj/UIHistoryCell.strings ... 
2025-03-11 12:55:11 +0000  480 bytes for ./Payload/linphone.app/hu.lproj/UIHistoryCell.strings
2025-03-11 12:55:11 +0000  copying file ./Payload/linphone.app/hu.lproj/UICompositeView.strings ... 
2025-03-11 12:55:11 +0000  1 bytes for ./Payload/linphone.app/hu.lproj/UICompositeView.strings
2025-03-11 12:55:11 +0000  copying file ./Payload/linphone.app/hu.lproj/AboutView.strings ... 
2025-03-11 12:55:11 +0000  4018 bytes for ./Payload/linphone.app/hu.lproj/AboutView.strings
2025-03-11 12:55:11 +0000  copying file ./Payload/linphone.app/hu.lproj/ContactsListView.strings ... 
2025-03-11 12:55:11 +0000  2236 bytes for ./Payload/linphone.app/hu.lproj/ContactsListView.strings
2025-03-11 12:55:11 +0000  copying file ./Payload/linphone.app/hu.lproj/SettingsView.strings ... 
2025-03-11 12:55:11 +0000  750 bytes for ./Payload/linphone.app/hu.lproj/SettingsView.strings
2025-03-11 12:55:11 +0000  copying file ./Payload/linphone.app/hu.lproj/UIChatBubblePhotoCell.strings ... 
2025-03-11 12:55:11 +0000  3260 bytes for ./Payload/linphone.app/hu.lproj/UIChatBubblePhotoCell.strings
2025-03-11 12:55:11 +0000  copying file ./Payload/linphone.app/hu.lproj/SideMenuView.strings ... 
2025-03-11 12:55:11 +0000  494 bytes for ./Payload/linphone.app/hu.lproj/SideMenuView.strings
2025-03-11 12:55:11 +0000  copying file ./Payload/linphone.app/hu.lproj/UIContactDetailsCell.strings ... 
2025-03-11 12:55:11 +0000  1526 bytes for ./Payload/linphone.app/hu.lproj/UIContactDetailsCell.strings
2025-03-11 12:55:11 +0000  copying file ./Payload/linphone.app/hu.lproj/UICompositeView~ipad.strings ... 
2025-03-11 12:55:11 +0000  1 bytes for ./Payload/linphone.app/hu.lproj/UICompositeView~ipad.strings
2025-03-11 12:55:11 +0000  copying file ./Payload/linphone.app/hu.lproj/DialerView.strings ... 
2025-03-11 12:55:11 +0000  3764 bytes for ./Payload/linphone.app/hu.lproj/DialerView.strings
2025-03-11 12:55:11 +0000  copying file ./Payload/linphone.app/hu.lproj/DialerView~ipad.strings ... 
2025-03-11 12:55:11 +0000  8658 bytes for ./Payload/linphone.app/hu.lproj/DialerView~ipad.strings
2025-03-11 12:55:11 +0000  copying file ./Payload/linphone.app/hu.lproj/UIChatCell.strings ... 
2025-03-11 12:55:11 +0000  1574 bytes for ./Payload/linphone.app/hu.lproj/UIChatCell.strings
2025-03-11 12:55:11 +0000  copying file ./Payload/linphone.app/hu.lproj/UIContactCell.strings ... 
2025-03-11 12:55:11 +0000  408 bytes for ./Payload/linphone.app/hu.lproj/UIContactCell.strings
2025-03-11 12:55:11 +0000  copying file ./Payload/linphone.app/hu.lproj/HistoryDetailsView.strings ... 
2025-03-11 12:55:11 +0000  5346 bytes for ./Payload/linphone.app/hu.lproj/HistoryDetailsView.strings
2025-03-11 12:55:11 +0000  copying file ./Payload/linphone.app/numpad_3~ipad.png ... 
2025-03-11 12:55:11 +0000  518 bytes for ./Payload/linphone.app/numpad_3~ipad.png
2025-03-11 12:55:11 +0000  copying file ./Payload/linphone.app/voip_audio_routes.png ... 
2025-03-11 12:55:11 +0000  3511 bytes for ./Payload/linphone.app/voip_audio_routes.png
2025-03-11 12:55:11 +0000  copying file ./Payload/linphone.app/numpad_2~ipad.png ... 
2025-03-11 12:55:11 +0000  429 bytes for ./Payload/linphone.app/numpad_2~ipad.png
2025-03-11 12:55:11 +0000  copying file ./Payload/linphone.app/voip_call_header_paused.png ... 
2025-03-11 12:55:11 +0000  1141 bytes for ./Payload/linphone.app/voip_call_header_paused.png
2025-03-11 12:55:11 +0000  copying file ./Payload/linphone.app/footer_contacts_disabled.png ... 
2025-03-11 12:55:11 +0000  548 bytes for ./Payload/linphone.app/footer_contacts_disabled.png
2025-03-11 12:55:11 +0000  copying file ./Payload/linphone.app/call_back_default@2x.png ... 
2025-03-11 12:55:11 +0000  2834 bytes for ./Payload/linphone.app/call_back_default@2x.png
2025-03-11 12:55:11 +0000  copying file ./Payload/linphone.app/GoogleDataTransport_GoogleDataTransport.bundle/PrivacyInfo.xcprivacy ... 
2025-03-11 12:55:11 +0000  1105 bytes for ./Payload/linphone.app/GoogleDataTransport_GoogleDataTransport.bundle/PrivacyInfo.xcprivacy
2025-03-11 12:55:11 +0000  copying file ./Payload/linphone.app/GoogleDataTransport_GoogleDataTransport.bundle/Info.plist ... 
2025-03-11 12:55:11 +0000  725 bytes for ./Payload/linphone.app/GoogleDataTransport_GoogleDataTransport.bundle/Info.plist
2025-03-11 12:55:11 +0000  copying file ./Payload/linphone.app/Promises_FBLPromises.bundle/PrivacyInfo.xcprivacy ... 
2025-03-11 12:55:11 +0000  373 bytes for ./Payload/linphone.app/Promises_FBLPromises.bundle/PrivacyInfo.xcprivacy
2025-03-11 12:55:11 +0000  copying file ./Payload/linphone.app/Promises_FBLPromises.bundle/Info.plist ... 
2025-03-11 12:55:11 +0000  687 bytes for ./Payload/linphone.app/Promises_FBLPromises.bundle/Info.plist
2025-03-11 12:55:11 +0000  copying file ./Payload/linphone.app/chat_start_body_over@2x.png ... 
2025-03-11 12:55:11 +0000  3965 bytes for ./Payload/linphone.app/chat_start_body_over@2x.png
2025-03-11 12:55:11 +0000  copying file ./Payload/linphone.app/voip_call_header_active.png ... 
2025-03-11 12:55:11 +0000  1606 bytes for ./Payload/linphone.app/voip_call_header_active.png
2025-03-11 12:55:11 +0000  copying file ./Payload/linphone.app/speaker_default@2x.png ... 
2025-03-11 12:55:11 +0000  1213 bytes for ./Payload/linphone.app/speaker_default@2x.png
2025-03-11 12:55:11 +0000  copying file ./Payload/linphone.app/MainStoryboard.storyboardc/eUP-Pz-8te-view-6Tz-cV-9RM.nib ... 
2025-03-11 12:55:11 +0000  1457 bytes for ./Payload/linphone.app/MainStoryboard.storyboardc/eUP-Pz-8te-view-6Tz-cV-9RM.nib
2025-03-11 12:55:11 +0000  copying file ./Payload/linphone.app/MainStoryboard.storyboardc/PhoneMainView.nib ... 
2025-03-11 12:55:11 +0000  1259 bytes for ./Payload/linphone.app/MainStoryboard.storyboardc/PhoneMainView.nib
2025-03-11 12:55:11 +0000  copying file ./Payload/linphone.app/MainStoryboard.storyboardc/Info.plist ... 
2025-03-11 12:55:11 +0000  195 bytes for ./Payload/linphone.app/MainStoryboard.storyboardc/Info.plist
2025-03-11 12:55:11 +0000  copying file ./Payload/linphone.app/vr_off.png ... 
2025-03-11 12:55:11 +0000  1588 bytes for ./Payload/linphone.app/vr_off.png
2025-03-11 12:55:11 +0000  copying file ./Payload/linphone.app/avatar.png ... 
2025-03-11 12:55:11 +0000  7680 bytes for ./Payload/linphone.app/avatar.png
2025-03-11 12:55:11 +0000  copying file ./Payload/linphone.app/call_status_outgoing~ipad.png ... 
2025-03-11 12:55:11 +0000  1143 bytes for ./Payload/linphone.app/call_status_outgoing~ipad.png
2025-03-11 12:55:11 +0000  copying file ./Payload/linphone.app/call_alt_back_disabled@2x.png ... 
2025-03-11 12:55:11 +0000  2052 bytes for ./Payload/linphone.app/call_alt_back_disabled@2x.png
2025-03-11 12:55:11 +0000  copying file ./Payload/linphone.app/chat_list_indicator~ipad@2x.png ... 
2025-03-11 12:55:11 +0000  519 bytes for ./Payload/linphone.app/chat_list_indicator~ipad@2x.png
2025-03-11 12:55:11 +0000  copying file ./Payload/linphone.app/delete_field_over.png ... 
2025-03-11 12:55:11 +0000  496 bytes for ./Payload/linphone.app/delete_field_over.png
2025-03-11 12:55:11 +0000  copying file ./Payload/linphone.app/contacts_all_disabled@2x.png ... 
2025-03-11 12:55:11 +0000  1325 bytes for ./Payload/linphone.app/contacts_all_disabled@2x.png
2025-03-11 12:55:11 +0000  copying file ./Payload/linphone.app/ka.lproj/Localizable.strings ... 
2025-03-11 12:55:11 +0000  16892 bytes for ./Payload/linphone.app/ka.lproj/Localizable.strings
2025-03-11 12:55:11 +0000  copying file ./Payload/linphone.app/menu_link_account@2x.png ... 
2025-03-11 12:55:11 +0000  2733 bytes for ./Payload/linphone.app/menu_link_account@2x.png
2025-03-11 12:55:11 +0000  copying file ./Payload/linphone.app/call_start_body_over~ipad@2x.png ... 
2025-03-11 12:55:11 +0000  3117 bytes for ./Payload/linphone.app/call_start_body_over~ipad@2x.png
2025-03-11 12:55:11 +0000  copying file ./Payload/linphone.app/voip_delete.png ... 
2025-03-11 12:55:11 +0000  2536 bytes for ./Payload/linphone.app/voip_delete.png
2025-03-11 12:55:11 +0000  copying file ./Payload/linphone.app/menu.png ... 
2025-03-11 12:55:11 +0000  228 bytes for ./Payload/linphone.app/menu.png
2025-03-11 12:55:11 +0000  copying file ./Payload/linphone.app/GoogleUtilities_GoogleUtilities-Network.bundle/PrivacyInfo.xcprivacy ... 
2025-03-11 12:55:11 +0000  856 bytes for ./Payload/linphone.app/GoogleUtilities_GoogleUtilities-Network.bundle/PrivacyInfo.xcprivacy
2025-03-11 12:55:11 +0000  copying file ./Payload/linphone.app/GoogleUtilities_GoogleUtilities-Network.bundle/Info.plist ... 
2025-03-11 12:55:11 +0000  725 bytes for ./Payload/linphone.app/GoogleUtilities_GoogleUtilities-Network.bundle/Info.plist
2025-03-11 12:55:11 +0000  copying file ./Payload/linphone.app/call_status_outgoing.png ... 
2025-03-11 12:55:11 +0000  1377 bytes for ./Payload/linphone.app/call_status_outgoing.png
2025-03-11 12:55:11 +0000  copying file ./Payload/linphone.app/camera_switch_over.png ... 
2025-03-11 12:55:11 +0000  1690 bytes for ./Payload/linphone.app/camera_switch_over.png
2025-03-11 12:55:11 +0000  copying file ./Payload/linphone.app/reply_cancel.png ... 
2025-03-11 12:55:11 +0000  2050 bytes for ./Payload/linphone.app/reply_cancel.png
2025-03-11 12:55:11 +0000  copying file ./Payload/linphone.app/voip_call_record.png ... 
2025-03-11 12:55:11 +0000  3426 bytes for ./Payload/linphone.app/voip_call_record.png
2025-03-11 12:55:11 +0000  copying file ./Payload/linphone.app/new_chat_send_default.png ... 
2025-03-11 12:55:11 +0000  1283 bytes for ./Payload/linphone.app/new_chat_send_default.png
2025-03-11 12:55:11 +0000  copying file ./Payload/linphone.app/voip_speaker_off.png ... 
2025-03-11 12:55:11 +0000  3533 bytes for ./Payload/linphone.app/voip_speaker_off.png
2025-03-11 12:55:11 +0000  copying file ./Payload/linphone.app/linphonerc-factory ... 
2025-03-11 12:55:11 +0000  1388 bytes for ./Payload/linphone.app/linphonerc-factory
2025-03-11 12:55:11 +0000  copying file ./Payload/linphone.app/edit_list_disabled@2x.png ... 
2025-03-11 12:55:11 +0000  1043 bytes for ./Payload/linphone.app/edit_list_disabled@2x.png
2025-03-11 12:55:11 +0000  copying file ./Payload/linphone.app/footer_contacts_disabled@2x.png ... 
2025-03-11 12:55:11 +0000  967 bytes for ./Payload/linphone.app/footer_contacts_disabled@2x.png
2025-03-11 12:55:11 +0000  copying file ./Payload/linphone.app/security_toogle_background_grey@2x.png ... 
2025-03-11 12:55:11 +0000  1020 bytes for ./Payload/linphone.app/security_toogle_background_grey@2x.png
2025-03-11 12:55:11 +0000  copying file ./Payload/linphone.app/numpad_star_over.png ... 
2025-03-11 12:55:11 +0000  534 bytes for ./Payload/linphone.app/numpad_star_over.png
2025-03-11 12:55:11 +0000  copying file ./Payload/linphone.app/numpad_2_default@2x.png ... 
2025-03-11 12:55:11 +0000  1464 bytes for ./Payload/linphone.app/numpad_2_default@2x.png
2025-03-11 12:55:11 +0000  copying file ./Payload/linphone.app/pause_small_disabled@2x.png ... 
2025-03-11 12:55:11 +0000  1836 bytes for ./Payload/linphone.app/pause_small_disabled@2x.png
2025-03-11 12:55:11 +0000  copying file ./Payload/linphone.app/chat_delivered.png ... 
2025-03-11 12:55:11 +0000  743 bytes for ./Payload/linphone.app/chat_delivered.png
2025-03-11 12:55:11 +0000  copying file ./Payload/linphone.app/security_alert_indicator.png ... 
2025-03-11 12:55:11 +0000  1167 bytes for ./Payload/linphone.app/security_alert_indicator.png
2025-03-11 12:55:11 +0000  copying file ./Payload/linphone.app/voip_numpad_1.png ... 
2025-03-11 12:55:11 +0000  2982 bytes for ./Payload/linphone.app/voip_numpad_1.png
2025-03-11 12:55:11 +0000  copying file ./Payload/linphone.app/Assets.car ... 
2025-03-11 12:55:11 +0000  1621599 bytes for ./Payload/linphone.app/Assets.car
copying file ./Payload/linphone.app/route_speaker_disabled.png ... 
2025-03-11 12:55:11 +0000  460 bytes for ./Payload/linphone.app/route_speaker_disabled.png
2025-03-11 12:55:11 +0000  copying file ./Payload/linphone.app/voip_conference_new.png ... 
2025-03-11 12:55:11 +0000  5366 bytes for ./Payload/linphone.app/voip_conference_new.png
2025-03-11 12:55:11 +0000  copying file ./Payload/linphone.app/voip_menu_more.png ... 
2025-03-11 12:55:11 +0000  1626 bytes for ./Payload/linphone.app/voip_menu_more.png
2025-03-11 12:55:11 +0000  copying file ./Payload/linphone.app/menu_voip_meeting_schedule.png ... 
2025-03-11 12:55:11 +0000  5579 bytes for ./Payload/linphone.app/menu_voip_meeting_schedule.png
2025-03-11 12:55:11 +0000  copying file ./Payload/linphone.app/voip_change_camera.png ... 
2025-03-11 12:55:11 +0000  1632 bytes for ./Payload/linphone.app/voip_change_camera.png
2025-03-11 12:55:11 +0000  copying file ./Payload/linphone.app/checkbox_unchecked@2x.png ... 
2025-03-11 12:55:11 +0000  331 bytes for ./Payload/linphone.app/checkbox_unchecked@2x.png
2025-03-11 12:55:11 +0000  copying file ./Payload/linphone.app/voip_numpad_0.png ... 
2025-03-11 12:55:11 +0000  6254 bytes for ./Payload/linphone.app/voip_numpad_0.png
2025-03-11 12:55:11 +0000  copying file ./Payload/linphone.app/linphonerc ... 
2025-03-11 12:55:11 +0000  2894 bytes for ./Payload/linphone.app/linphonerc
2025-03-11 12:55:11 +0000  copying file ./Payload/linphone.app/tr.lproj/Localizable.strings ... 
2025-03-11 12:55:11 +0000  35673 bytes for ./Payload/linphone.app/tr.lproj/Localizable.strings
2025-03-11 12:55:11 +0000  copying file ./Payload/linphone.app/footer_contacts_default.png ... 
2025-03-11 12:55:11 +0000  1115 bytes for ./Payload/linphone.app/footer_contacts_default.png
2025-03-11 12:55:11 +0000  copying file ./Payload/linphone.app/options_add_call_default.png ... 
2025-03-11 12:55:11 +0000  1445 bytes for ./Payload/linphone.app/options_add_call_default.png
2025-03-11 12:55:11 +0000  copying file ./Payload/linphone.app/chat_send_default@2x.png ... 
2025-03-11 12:55:11 +0000  2924 bytes for ./Payload/linphone.app/chat_send_default@2x.png
2025-03-11 12:55:11 +0000  copying file ./Payload/linphone.app/conference_exit_default@2x.png ... 
2025-03-11 12:55:11 +0000  2587 bytes for ./Payload/linphone.app/conference_exit_default@2x.png
2025-03-11 12:55:11 +0000  copying file ./Payload/linphone.app/pl.lproj/Localizable.strings ... 
2025-03-11 12:55:11 +0000  28391 bytes for ./Payload/linphone.app/pl.lproj/Localizable.strings
2025-03-11 12:55:11 +0000  copying file ./Payload/linphone.app/valid_disabled@2x.png ... 
2025-03-11 12:55:11 +0000  665 bytes for ./Payload/linphone.app/valid_disabled@2x.png
2025-03-11 12:55:11 +0000  copying file ./Payload/linphone.app/menu_link_account.png ... 
2025-03-11 12:55:11 +0000  1476 bytes for ./Payload/linphone.app/menu_link_account.png
2025-03-11 12:55:11 +0000  copying file ./Payload/linphone.app/numpad_0_over~ipad@2x.png ... 
2025-03-11 12:55:11 +0000  1088 bytes for ./Payload/linphone.app/numpad_0_over~ipad@2x.png
2025-03-11 12:55:11 +0000  copying file ./Payload/linphone.app/numpad_hash_over~ipad@2x.png ... 
2025-03-11 12:55:11 +0000  427 bytes for ./Payload/linphone.app/numpad_hash_over~ipad@2x.png
2025-03-11 12:55:11 +0000  copying file ./Payload/linphone.app/zh_TW.lproj/Localizable.strings ... 
2025-03-11 12:55:11 +0000  21437 bytes for ./Payload/linphone.app/zh_TW.lproj/Localizable.strings
2025-03-11 12:55:11 +0000  copying file ./Payload/linphone.app/presence_unregistered@2x.png ... 
2025-03-11 12:55:11 +0000  519 bytes for ./Payload/linphone.app/presence_unregistered@2x.png
2025-03-11 12:55:11 +0000  copying file ./Payload/linphone.app/chat_attachment_over@2x.png ... 
2025-03-11 12:55:11 +0000  2499 bytes for ./Payload/linphone.app/chat_attachment_over@2x.png
2025-03-11 12:55:11 +0000  copying file ./Payload/linphone.app/voip_copy.png ... 
2025-03-11 12:55:11 +0000  2050 bytes for ./Payload/linphone.app/voip_copy.png
2025-03-11 12:55:11 +0000  copying file ./Payload/linphone.app/footer_chat_disabled.png ... 
2025-03-11 12:55:11 +0000  547 bytes for ./Payload/linphone.app/footer_chat_disabled.png
2025-03-11 12:55:11 +0000  copying file ./Payload/linphone.app/call_audio_start_disabled@2x.png ... 
2025-03-11 12:55:11 +0000  1658 bytes for ./Payload/linphone.app/call_audio_start_disabled@2x.png
2025-03-11 12:55:11 +0000  copying file ./Payload/linphone.app/contacts_all_selected@2x.png ... 
2025-03-11 12:55:11 +0000  2276 bytes for ./Payload/linphone.app/contacts_all_selected@2x.png
2025-03-11 12:55:11 +0000  copying file ./Payload/linphone.app/numpad_9~ipad.png ... 
2025-03-11 12:55:11 +0000  577 bytes for ./Payload/linphone.app/numpad_9~ipad.png
2025-03-11 12:55:11 +0000  copying file ./Payload/linphone.app/numpad_8~ipad.png ... 
2025-03-11 12:55:11 +0000  595 bytes for ./Payload/linphone.app/numpad_8~ipad.png
2025-03-11 12:55:11 +0000  copying file ./Payload/linphone.app/AppIcon76x76@2x~ipad.png ... 
2025-03-11 12:55:11 +0000  8015 bytes for ./Payload/linphone.app/AppIcon76x76@2x~ipad.png
2025-03-11 12:55:11 +0000  copying file ./Payload/linphone.app/numpad_8~ipad@2x.png ... 
2025-03-11 12:55:11 +0000  1097 bytes for ./Payload/linphone.app/numpad_8~ipad@2x.png
2025-03-11 12:55:11 +0000  copying file ./Payload/linphone.app/checkbox_checked.png ... 
2025-03-11 12:55:11 +0000  357 bytes for ./Payload/linphone.app/checkbox_checked.png
2025-03-11 12:55:11 +0000  copying file ./Payload/linphone.app/call_quality_indicator_2.png ... 
2025-03-11 12:55:11 +0000  349 bytes for ./Payload/linphone.app/call_quality_indicator_2.png
2025-03-11 12:55:11 +0000  copying file ./Payload/linphone.app/numpad_8_default.png ... 
2025-03-11 12:55:11 +0000  1090 bytes for ./Payload/linphone.app/numpad_8_default.png
2025-03-11 12:55:11 +0000  copying file ./Payload/linphone.app/camera_switch_disabled.png ... 
2025-03-11 12:55:11 +0000  1570 bytes for ./Payload/linphone.app/camera_switch_disabled.png
2025-03-11 12:55:11 +0000  copying file ./Payload/linphone.app/delete_disabled@2x.png ... 
2025-03-11 12:55:11 +0000  846 bytes for ./Payload/linphone.app/delete_disabled@2x.png
2025-03-11 12:55:11 +0000  copying file ./Payload/linphone.app/delete_default.png ... 
2025-03-11 12:55:11 +0000  813 bytes for ./Payload/linphone.app/delete_default.png
2025-03-11 12:55:11 +0000  copying file ./Payload/linphone.app/voip_conference_new_selected.png ... 
2025-03-11 12:55:11 +0000  1890 bytes for ./Payload/linphone.app/voip_conference_new_selected.png
2025-03-11 12:55:11 +0000  copying file ./Payload/linphone.app/assistant_remote.rc ... 
2025-03-11 12:55:11 +0000  1403 bytes for ./Payload/linphone.app/assistant_remote.rc
2025-03-11 12:55:11 +0000  copying file ./Payload/linphone.app/micro_selected@2x.png ... 
2025-03-11 12:55:11 +0000  2228 bytes for ./Payload/linphone.app/micro_selected@2x.png
2025-03-11 12:55:11 +0000  copying file ./Payload/linphone.app/call_start_body_default.png ... 
2025-03-11 12:55:11 +0000  1840 bytes for ./Payload/linphone.app/call_start_body_default.png
2025-03-11 12:55:11 +0000  copying file ./Payload/linphone.app/micro_default.png ... 
2025-03-11 12:55:11 +0000  1253 bytes for ./Payload/linphone.app/micro_default.png
2025-03-11 12:55:11 +0000  copying file ./Payload/linphone.app/route_bluetooth_default@2x.png ... 
2025-03-11 12:55:11 +0000  1307 bytes for ./Payload/linphone.app/route_bluetooth_default@2x.png
2025-03-11 12:55:11 +0000  copying file ./Payload/linphone.app/call_video_start_default.png ... 
2025-03-11 12:55:11 +0000  1460 bytes for ./Payload/linphone.app/call_video_start_default.png
2025-03-11 12:55:11 +0000  copying file ./Payload/linphone.app/avatar@2x.png ... 
2025-03-11 12:55:11 +0000  17322 bytes for ./Payload/linphone.app/avatar@2x.png
2025-03-11 12:55:11 +0000  copying file ./Payload/linphone.app/UIChatNotifiedEventCell.nib ... 
2025-03-11 12:55:11 +0000  2833 bytes for ./Payload/linphone.app/UIChatNotifiedEventCell.nib
2025-03-11 12:55:11 +0000  copying file ./Payload/linphone.app/footer_dialer_disabled@2x.png ... 
2025-03-11 12:55:11 +0000  1542 bytes for ./Payload/linphone.app/footer_dialer_disabled@2x.png
2025-03-11 12:55:11 +0000  copying file ./Payload/linphone.app/micro_selected.png ... 
2025-03-11 12:55:11 +0000  1255 bytes for ./Payload/linphone.app/micro_selected.png
2025-03-11 12:55:11 +0000  copying file ./Payload/linphone.app/voip_single_contact_avatar.png ... 
2025-03-11 12:55:11 +0000  4390 bytes for ./Payload/linphone.app/voip_single_contact_avatar.png
2025-03-11 12:55:11 +0000  copying file ./Payload/linphone.app/numpad_8_over~ipad.png ... 
2025-03-11 12:55:11 +0000  560 bytes for ./Payload/linphone.app/numpad_8_over~ipad.png
2025-03-11 12:55:11 +0000  copying file ./Payload/linphone.app/call_status_incoming~ipad.png ... 
2025-03-11 12:55:11 +0000  1051 bytes for ./Payload/linphone.app/call_status_incoming~ipad.png
2025-03-11 12:55:11 +0000  copying file ./Payload/linphone.app/voip_numpad_4.png ... 
2025-03-11 12:55:11 +0000  1727 bytes for ./Payload/linphone.app/voip_numpad_4.png
2025-03-11 12:55:11 +0000  copying file ./Payload/linphone.app/hold.mkv ... 
2025-03-11 12:55:11 +0000  919618 bytes for ./Payload/linphone.app/hold.mkv
2025-03-11 12:55:11 +0000  copying file ./Payload/linphone.app/back_default.png ... 
2025-03-11 12:55:11 +0000  504 bytes for ./Payload/linphone.app/back_default.png
2025-03-11 12:55:11 +0000  copying file ./Payload/linphone.app/voip_conference_active_speaker.png ... 
2025-03-11 12:55:11 +0000  1336 bytes for ./Payload/linphone.app/voip_conference_active_speaker.png
2025-03-11 12:55:11 +0000  copying file ./Payload/linphone.app/numpad_4_over~ipad@2x.png ... 
2025-03-11 12:55:11 +0000  593 bytes for ./Payload/linphone.app/numpad_4_over~ipad@2x.png
2025-03-11 12:55:11 +0000  copying file ./Payload/linphone.app/invite_linphone@2x.png ... 
2025-03-11 12:55:11 +0000  2892 bytes for ./Payload/linphone.app/invite_linphone@2x.png
2025-03-11 12:55:11 +0000  copying file ./Payload/linphone.app/voip_edit.png ... 
2025-03-11 12:55:11 +0000  1890 bytes for ./Payload/linphone.app/voip_edit.png
2025-03-11 12:55:11 +0000  copying file ./Payload/linphone.app/route_earpiece_default.png ... 
2025-03-11 12:55:11 +0000  938 bytes for ./Payload/linphone.app/route_earpiece_default.png
2025-03-11 12:55:11 +0000  copying file ./Payload/linphone.app/call_missed@2x.png ... 
2025-03-11 12:55:11 +0000  592 bytes for ./Payload/linphone.app/call_missed@2x.png
2025-03-11 12:55:11 +0000  copying file ./Payload/linphone.app/back_default@2x.png ... 
2025-03-11 12:55:11 +0000  868 bytes for ./Payload/linphone.app/back_default@2x.png
2025-03-11 12:55:11 +0000  copying file ./Payload/linphone.app/forward_message_default.png ... 
2025-03-11 12:55:11 +0000  3572 bytes for ./Payload/linphone.app/forward_message_default.png
2025-03-11 12:55:11 +0000  copying file ./Payload/linphone.app/voip_numpad_5.png ... 
2025-03-11 12:55:11 +0000  2631 bytes for ./Payload/linphone.app/voip_numpad_5.png
2025-03-11 12:55:11 +0000  copying file ./Payload/linphone.app/voip_call_stats.png ... 
2025-03-11 12:55:11 +0000  1348 bytes for ./Payload/linphone.app/voip_call_stats.png
2025-03-11 12:55:11 +0000  copying file ./Payload/linphone.app/presence_online.png ... 
2025-03-11 12:55:11 +0000  590 bytes for ./Payload/linphone.app/presence_online.png
2025-03-11 12:55:11 +0000  copying file ./Payload/linphone.app/Firebase_FirebaseCoreExtension.bundle/PrivacyInfo.xcprivacy ... 
2025-03-11 12:55:11 +0000  478 bytes for ./Payload/linphone.app/Firebase_FirebaseCoreExtension.bundle/PrivacyInfo.xcprivacy
2025-03-11 12:55:11 +0000  copying file ./Payload/linphone.app/Firebase_FirebaseCoreExtension.bundle/Info.plist ... 
2025-03-11 12:55:11 +0000  715 bytes for ./Payload/linphone.app/Firebase_FirebaseCoreExtension.bundle/Info.plist
2025-03-11 12:55:11 +0000  copying file ./Payload/linphone.app/voip_pause.png ... 
2025-03-11 12:55:11 +0000  957 bytes for ./Payload/linphone.app/voip_pause.png
2025-03-11 12:55:11 +0000  copying file ./Payload/linphone.app/route_bluetooth_disabled@2x.png ... 
2025-03-11 12:55:11 +0000  804 bytes for ./Payload/linphone.app/route_bluetooth_disabled@2x.png
2025-03-11 12:55:11 +0000  copying file ./Payload/linphone.app/call_quality_indicator_3.png ... 
2025-03-11 12:55:11 +0000  332 bytes for ./Payload/linphone.app/call_quality_indicator_3.png
2025-03-11 12:55:11 +0000  copying file ./Payload/linphone.app/conference_schedule_calendar_default.png ... 
2025-03-11 12:55:11 +0000  186 bytes for ./Payload/linphone.app/conference_schedule_calendar_default.png
2025-03-11 12:55:11 +0000  copying file ./Payload/linphone.app/numpad_3_default@2x.png ... 
2025-03-11 12:55:11 +0000  1773 bytes for ./Payload/linphone.app/numpad_3_default@2x.png
2025-03-11 12:55:11 +0000  copying file ./Payload/linphone.app/call_audio_start_default.png ... 
2025-03-11 12:55:11 +0000  1728 bytes for ./Payload/linphone.app/call_audio_start_default.png
2025-03-11 12:55:11 +0000  copying file ./Payload/linphone.app/numpad_3_over.png ... 
2025-03-11 12:55:11 +0000  850 bytes for ./Payload/linphone.app/numpad_3_over.png
2025-03-11 12:55:11 +0000  copying file ./Payload/linphone.app/numpad_2_over.png ... 
2025-03-11 12:55:11 +0000  657 bytes for ./Payload/linphone.app/numpad_2_over.png
2025-03-11 12:55:11 +0000  copying file ./Payload/linphone.app/call_quality_indicator_1.png ... 
2025-03-11 12:55:11 +0000  315 bytes for ./Payload/linphone.app/call_quality_indicator_1.png
2025-03-11 12:55:11 +0000  copying file ./Payload/linphone.app/call_status_incoming~ipad@2x.png ... 
2025-03-11 12:55:11 +0000  1799 bytes for ./Payload/linphone.app/call_status_incoming~ipad@2x.png
2025-03-11 12:55:11 +0000  copying file ./Payload/linphone.app/pause_small_over_selected.png ... 
2025-03-11 12:55:11 +0000  918 bytes for ./Payload/linphone.app/pause_small_over_selected.png
2025-03-11 12:55:11 +0000  copying file ./Payload/linphone.app/security_ok@2x.png ... 
2025-03-11 12:55:11 +0000  900 bytes for ./Payload/linphone.app/security_ok@2x.png
2025-03-11 12:55:11 +0000  copying file ./Payload/linphone.app/chat_error.png ... 
2025-03-11 12:55:11 +0000  566 bytes for ./Payload/linphone.app/chat_error.png
2025-03-11 12:55:11 +0000  copying file ./Payload/linphone.app/pause_big_default@2x.png ... 
2025-03-11 12:55:11 +0000  2496 bytes for ./Payload/linphone.app/pause_big_default@2x.png
2025-03-11 12:55:11 +0000  copying file ./Payload/linphone.app/LaunchImage-700-568h@2x.png ... 
2025-03-11 12:55:11 +0000  15022 bytes for ./Payload/linphone.app/LaunchImage-700-568h@2x.png
2025-03-11 12:55:11 +0000  copying file ./Payload/linphone.app/voip_call_add.png ... 
2025-03-11 12:55:11 +0000  6915 bytes for ./Payload/linphone.app/voip_call_add.png
2025-03-11 12:55:11 +0000  copying file ./Payload/linphone.app/dialer_alt_back.png ... 
2025-03-11 12:55:11 +0000  564 bytes for ./Payload/linphone.app/dialer_alt_back.png
2025-03-11 12:55:11 +0000  copying file ./Payload/linphone.app/ru.lproj/HistoryListView.strings ... 
2025-03-11 12:55:11 +0000  1826 bytes for ./Payload/linphone.app/ru.lproj/HistoryListView.strings
2025-03-11 12:55:11 +0000  copying file ./Payload/linphone.app/ru.lproj/AssistantViewScreens.strings ... 
2025-03-11 12:55:11 +0000  36016 bytes for ./Payload/linphone.app/ru.lproj/AssistantViewScreens.strings
2025-03-11 12:55:11 +0000  copying file ./Payload/linphone.app/ru.lproj/TabBarView.strings ... 
2025-03-11 12:55:11 +0000  3694 bytes for ./Payload/linphone.app/ru.lproj/TabBarView.strings
2025-03-11 12:55:11 +0000  copying file ./Payload/linphone.app/ru.lproj/AssistantView.strings ... 
2025-03-11 12:55:11 +0000  720 bytes for ./Payload/linphone.app/ru.lproj/AssistantView.strings
2025-03-11 12:55:11 +0000  copying file ./Payload/linphone.app/ru.lproj/ChatsListView.strings ... 
2025-03-11 12:55:11 +0000  1896 bytes for ./Payload/linphone.app/ru.lproj/ChatsListView.strings
2025-03-11 12:55:11 +0000  copying file ./Payload/linphone.app/ru.lproj/ImageView.strings ... 
2025-03-11 12:55:11 +0000  292 bytes for ./Payload/linphone.app/ru.lproj/ImageView.strings
2025-03-11 12:55:11 +0000  copying file ./Payload/linphone.app/ru.lproj/ChatConversationView.strings ... 
2025-03-11 12:55:11 +0000  7498 bytes for ./Payload/linphone.app/ru.lproj/ChatConversationView.strings
2025-03-11 12:55:11 +0000  copying file ./Payload/linphone.app/ru.lproj/ContactDetailsView.strings ... 
2025-03-11 12:55:11 +0000  2930 bytes for ./Payload/linphone.app/ru.lproj/ContactDetailsView.strings
2025-03-11 12:55:11 +0000  copying file ./Payload/linphone.app/ru.lproj/Localizable.strings ... 
2025-03-11 12:55:11 +0000  45169 bytes for ./Payload/linphone.app/ru.lproj/Localizable.strings
2025-03-11 12:55:11 +0000  copying file ./Payload/linphone.app/ru.lproj/ContactsListView.strings ... 
2025-03-11 12:55:11 +0000  2200 bytes for ./Payload/linphone.app/ru.lproj/ContactsListView.strings
2025-03-11 12:55:11 +0000  copying file ./Payload/linphone.app/ru.lproj/DialerView.strings ... 
2025-03-11 12:55:11 +0000  3700 bytes for ./Payload/linphone.app/ru.lproj/DialerView.strings
2025-03-11 12:55:11 +0000  copying file ./Payload/linphone.app/ru.lproj/HistoryDetailsView.strings ... 
2025-03-11 12:55:11 +0000  5134 bytes for ./Payload/linphone.app/ru.lproj/HistoryDetailsView.strings
2025-03-11 12:55:11 +0000  copying file ./Payload/linphone.app/voip_call_numpad.png ... 
2025-03-11 12:55:11 +0000  6194 bytes for ./Payload/linphone.app/voip_call_numpad.png
2025-03-11 12:55:11 +0000  copying file ./Payload/linphone.app/numpad_star~ipad.png ... 
2025-03-11 12:55:11 +0000  340 bytes for ./Payload/linphone.app/numpad_star~ipad.png
2025-03-11 12:55:11 +0000  copying file ./Payload/linphone.app/conference_exit_over.png ... 
2025-03-11 12:55:11 +0000  1021 bytes for ./Payload/linphone.app/conference_exit_over.png
2025-03-11 12:55:11 +0000  copying file ./Payload/linphone.app/numpad_1_default.png ... 
2025-03-11 12:55:11 +0000  1023 bytes for ./Payload/linphone.app/numpad_1_default.png
2025-03-11 12:55:11 +0000  copying file ./Payload/linphone.app/file_audio_default.png ... 
2025-03-11 12:55:11 +0000  1581 bytes for ./Payload/linphone.app/file_audio_default.png
2025-03-11 12:55:11 +0000  copying file ./Payload/linphone.app/micro_disabled@2x.png ... 
2025-03-11 12:55:11 +0000  1486 bytes for ./Payload/linphone.app/micro_disabled@2x.png
2025-03-11 12:55:11 +0000  copying file ./Payload/linphone.app/chat_send_over@2x.png ... 
2025-03-11 12:55:11 +0000  2598 bytes for ./Payload/linphone.app/chat_send_over@2x.png
2025-03-11 12:55:11 +0000  copying file ./Payload/linphone.app/chat_group_informations.png ... 
2025-03-11 12:55:11 +0000  1178 bytes for ./Payload/linphone.app/chat_group_informations.png
2025-03-11 12:55:11 +0000  copying file ./Payload/linphone.app/voip_numpad_hash.png ... 
2025-03-11 12:55:11 +0000  3667 bytes for ./Payload/linphone.app/voip_numpad_hash.png
2025-03-11 12:55:11 +0000  copying file ./Payload/linphone.app/numpad_1~ipad@2x.png ... 
2025-03-11 12:55:11 +0000  1017 bytes for ./Payload/linphone.app/numpad_1~ipad@2x.png
2025-03-11 12:55:11 +0000  copying file ./Payload/linphone.app/next_disabled.png ... 
2025-03-11 12:55:11 +0000  305 bytes for ./Payload/linphone.app/next_disabled.png
2025-03-11 12:55:11 +0000  copying file ./Payload/linphone.app/call_transfer_default.png ... 
2025-03-11 12:55:11 +0000  2053 bytes for ./Payload/linphone.app/call_transfer_default.png
2025-03-11 12:55:11 +0000  copying file ./Payload/linphone.app/mango_logo.png ... 
2025-03-11 12:55:11 +0000  46448 bytes for ./Payload/linphone.app/mango_logo.png
2025-03-11 12:55:11 +0000  copying file ./Payload/linphone.app/security_toogle_background_green.png ... 
2025-03-11 12:55:11 +0000  1090 bytes for ./Payload/linphone.app/security_toogle_background_green.png
2025-03-11 12:55:11 +0000  copying file ./Payload/linphone.app/InAppSettings.bundle/de.lproj/Tunnel.strings ... 
2025-03-11 12:55:11 +0000  118 bytes for ./Payload/linphone.app/InAppSettings.bundle/de.lproj/Tunnel.strings
2025-03-11 12:55:11 +0000  copying file ./Payload/linphone.app/InAppSettings.bundle/de.lproj/Audio.strings ... 
2025-03-11 12:55:11 +0000  1604 bytes for ./Payload/linphone.app/InAppSettings.bundle/de.lproj/Audio.strings
2025-03-11 12:55:11 +0000  copying file ./Payload/linphone.app/InAppSettings.bundle/de.lproj/Call.strings ... 
2025-03-11 12:55:11 +0000  678 bytes for ./Payload/linphone.app/InAppSettings.bundle/de.lproj/Call.strings
2025-03-11 12:55:11 +0000  copying file ./Payload/linphone.app/InAppSettings.bundle/de.lproj/Chat.strings ... 
2025-03-11 12:55:11 +0000  528 bytes for ./Payload/linphone.app/InAppSettings.bundle/de.lproj/Chat.strings
2025-03-11 12:55:11 +0000  copying file ./Payload/linphone.app/InAppSettings.bundle/de.lproj/Account.strings ... 
2025-03-11 12:55:11 +0000  1336 bytes for ./Payload/linphone.app/InAppSettings.bundle/de.lproj/Account.strings
2025-03-11 12:55:11 +0000  copying file ./Payload/linphone.app/InAppSettings.bundle/de.lproj/Video.strings ... 
2025-03-11 12:55:11 +0000  908 bytes for ./Payload/linphone.app/InAppSettings.bundle/de.lproj/Video.strings
2025-03-11 12:55:11 +0000  copying file ./Payload/linphone.app/InAppSettings.bundle/de.lproj/Root.strings ... 
2025-03-11 12:55:11 +0000  1406 bytes for ./Payload/linphone.app/InAppSettings.bundle/de.lproj/Root.strings
2025-03-11 12:55:11 +0000  copying file ./Payload/linphone.app/InAppSettings.bundle/de.lproj/Network.strings ... 
2025-03-11 12:55:11 +0000  1008 bytes for ./Payload/linphone.app/InAppSettings.bundle/de.lproj/Network.strings
2025-03-11 12:55:11 +0000  copying file ./Payload/linphone.app/InAppSettings.bundle/de.lproj/Advanced.strings ... 
2025-03-11 12:55:11 +0000  1254 bytes for ./Payload/linphone.app/InAppSettings.bundle/de.lproj/Advanced.strings
2025-03-11 12:55:11 +0000  copying file ./Payload/linphone.app/InAppSettings.bundle/ar.lproj/Tunnel.strings ... 
2025-03-11 12:55:11 +0000  122 bytes for ./Payload/linphone.app/InAppSettings.bundle/ar.lproj/Tunnel.strings
2025-03-11 12:55:11 +0000  copying file ./Payload/linphone.app/InAppSettings.bundle/ar.lproj/Audio.strings ... 
2025-03-11 12:55:11 +0000  1494 bytes for ./Payload/linphone.app/InAppSettings.bundle/ar.lproj/Audio.strings
2025-03-11 12:55:11 +0000  copying file ./Payload/linphone.app/InAppSettings.bundle/ar.lproj/Call.strings ... 
2025-03-11 12:55:11 +0000  584 bytes for ./Payload/linphone.app/InAppSettings.bundle/ar.lproj/Call.strings
2025-03-11 12:55:11 +0000  copying file ./Payload/linphone.app/InAppSettings.bundle/ar.lproj/Chat.strings ... 
2025-03-11 12:55:11 +0000  506 bytes for ./Payload/linphone.app/InAppSettings.bundle/ar.lproj/Chat.strings
2025-03-11 12:55:11 +0000  copying file ./Payload/linphone.app/InAppSettings.bundle/ar.lproj/Account.strings ... 
2025-03-11 12:55:11 +0000  1268 bytes for ./Payload/linphone.app/InAppSettings.bundle/ar.lproj/Account.strings
2025-03-11 12:55:11 +0000  copying file ./Payload/linphone.app/InAppSettings.bundle/ar.lproj/Video.strings ... 
2025-03-11 12:55:11 +0000  846 bytes for ./Payload/linphone.app/InAppSettings.bundle/ar.lproj/Video.strings
2025-03-11 12:55:11 +0000  copying file ./Payload/linphone.app/InAppSettings.bundle/ar.lproj/Root.strings ... 
2025-03-11 12:55:11 +0000  1358 bytes for ./Payload/linphone.app/InAppSettings.bundle/ar.lproj/Root.strings
2025-03-11 12:55:11 +0000  copying file ./Payload/linphone.app/InAppSettings.bundle/ar.lproj/Network.strings ... 
2025-03-11 12:55:11 +0000  1004 bytes for ./Payload/linphone.app/InAppSettings.bundle/ar.lproj/Network.strings
2025-03-11 12:55:11 +0000  copying file ./Payload/linphone.app/InAppSettings.bundle/ar.lproj/Advanced.strings ... 
2025-03-11 12:55:11 +0000  1102 bytes for ./Payload/linphone.app/InAppSettings.bundle/ar.lproj/Advanced.strings
2025-03-11 12:55:11 +0000  copying file ./Payload/linphone.app/InAppSettings.bundle/ja.lproj/Tunnel.strings ... 
2025-03-11 12:55:11 +0000  110 bytes for ./Payload/linphone.app/InAppSettings.bundle/ja.lproj/Tunnel.strings
2025-03-11 12:55:11 +0000  copying file ./Payload/linphone.app/InAppSettings.bundle/ja.lproj/Audio.strings ... 
2025-03-11 12:55:11 +0000  1436 bytes for ./Payload/linphone.app/InAppSettings.bundle/ja.lproj/Audio.strings
2025-03-11 12:55:11 +0000  copying file ./Payload/linphone.app/InAppSettings.bundle/ja.lproj/Call.strings ... 
2025-03-11 12:55:11 +0000  480 bytes for ./Payload/linphone.app/InAppSettings.bundle/ja.lproj/Call.strings
2025-03-11 12:55:11 +0000  copying file ./Payload/linphone.app/InAppSettings.bundle/ja.lproj/Chat.strings ... 
2025-03-11 12:55:11 +0000  518 bytes for ./Payload/linphone.app/InAppSettings.bundle/ja.lproj/Chat.strings
2025-03-11 12:55:11 +0000  copying file ./Payload/linphone.app/InAppSettings.bundle/ja.lproj/Account.strings ... 
2025-03-11 12:55:11 +0000  1172 bytes for ./Payload/linphone.app/InAppSettings.bundle/ja.lproj/Account.strings
2025-03-11 12:55:11 +0000  copying file ./Payload/linphone.app/InAppSettings.bundle/ja.lproj/Video.strings ... 
2025-03-11 12:55:11 +0000  734 bytes for ./Payload/linphone.app/InAppSettings.bundle/ja.lproj/Video.strings
2025-03-11 12:55:11 +0000  copying file ./Payload/linphone.app/InAppSettings.bundle/ja.lproj/Root.strings ... 
2025-03-11 12:55:11 +0000  1178 bytes for ./Payload/linphone.app/InAppSettings.bundle/ja.lproj/Root.strings
2025-03-11 12:55:11 +0000  copying file ./Payload/linphone.app/InAppSettings.bundle/ja.lproj/Network.strings ... 
2025-03-11 12:55:11 +0000  828 bytes for ./Payload/linphone.app/InAppSettings.bundle/ja.lproj/Network.strings
2025-03-11 12:55:11 +0000  copying file ./Payload/linphone.app/InAppSettings.bundle/ja.lproj/Advanced.strings ... 
2025-03-11 12:55:11 +0000  900 bytes for ./Payload/linphone.app/InAppSettings.bundle/ja.lproj/Advanced.strings
2025-03-11 12:55:11 +0000  copying file ./Payload/linphone.app/InAppSettings.bundle/en.lproj/Tunnel.strings ... 
2025-03-11 12:55:11 +0000  116 bytes for ./Payload/linphone.app/InAppSettings.bundle/en.lproj/Tunnel.strings
2025-03-11 12:55:11 +0000  copying file ./Payload/linphone.app/InAppSettings.bundle/en.lproj/Audio.strings ... 
2025-03-11 12:55:11 +0000  1524 bytes for ./Payload/linphone.app/InAppSettings.bundle/en.lproj/Audio.strings
2025-03-11 12:55:11 +0000  copying file ./Payload/linphone.app/InAppSettings.bundle/en.lproj/Call.strings ... 
2025-03-11 12:55:11 +0000  754 bytes for ./Payload/linphone.app/InAppSettings.bundle/en.lproj/Call.strings
2025-03-11 12:55:11 +0000  copying file ./Payload/linphone.app/InAppSettings.bundle/en.lproj/Chat.strings ... 
2025-03-11 12:55:11 +0000  600 bytes for ./Payload/linphone.app/InAppSettings.bundle/en.lproj/Chat.strings
2025-03-11 12:55:11 +0000  copying file ./Payload/linphone.app/InAppSettings.bundle/en.lproj/Account.strings ... 
2025-03-11 12:55:11 +0000  1378 bytes for ./Payload/linphone.app/InAppSettings.bundle/en.lproj/Account.strings
2025-03-11 12:55:11 +0000  copying file ./Payload/linphone.app/InAppSettings.bundle/en.lproj/Video.strings ... 
2025-03-11 12:55:11 +0000  880 bytes for ./Payload/linphone.app/InAppSettings.bundle/en.lproj/Video.strings
2025-03-11 12:55:11 +0000  copying file ./Payload/linphone.app/InAppSettings.bundle/en.lproj/Root.strings ... 
2025-03-11 12:55:11 +0000  1362 bytes for ./Payload/linphone.app/InAppSettings.bundle/en.lproj/Root.strings
2025-03-11 12:55:11 +0000  copying file ./Payload/linphone.app/InAppSettings.bundle/en.lproj/Network.strings ... 
2025-03-11 12:55:11 +0000  902 bytes for ./Payload/linphone.app/InAppSettings.bundle/en.lproj/Network.strings
2025-03-11 12:55:11 +0000  copying file ./Payload/linphone.app/InAppSettings.bundle/en.lproj/Advanced.strings ... 
2025-03-11 12:55:11 +0000  1100 bytes for ./Payload/linphone.app/InAppSettings.bundle/en.lproj/Advanced.strings
2025-03-11 12:55:11 +0000  copying file ./Payload/linphone.app/InAppSettings.bundle/uk.lproj/Tunnel.strings ... 
2025-03-11 12:55:11 +0000  118 bytes for ./Payload/linphone.app/InAppSettings.bundle/uk.lproj/Tunnel.strings
2025-03-11 12:55:11 +0000  copying file ./Payload/linphone.app/InAppSettings.bundle/uk.lproj/Audio.strings ... 
2025-03-11 12:55:11 +0000  1554 bytes for ./Payload/linphone.app/InAppSettings.bundle/uk.lproj/Audio.strings
2025-03-11 12:55:11 +0000  copying file ./Payload/linphone.app/InAppSettings.bundle/uk.lproj/Call.strings ... 
2025-03-11 12:55:11 +0000  614 bytes for ./Payload/linphone.app/InAppSettings.bundle/uk.lproj/Call.strings
2025-03-11 12:55:11 +0000  copying file ./Payload/linphone.app/InAppSettings.bundle/uk.lproj/Chat.strings ... 
2025-03-11 12:55:11 +0000  566 bytes for ./Payload/linphone.app/InAppSettings.bundle/uk.lproj/Chat.strings
2025-03-11 12:55:11 +0000  copying file ./Payload/linphone.app/InAppSettings.bundle/uk.lproj/Account.strings ... 
2025-03-11 12:55:11 +0000  1346 bytes for ./Payload/linphone.app/InAppSettings.bundle/uk.lproj/Account.strings
2025-03-11 12:55:11 +0000  copying file ./Payload/linphone.app/InAppSettings.bundle/uk.lproj/Video.strings ... 
2025-03-11 12:55:11 +0000  934 bytes for ./Payload/linphone.app/InAppSettings.bundle/uk.lproj/Video.strings
2025-03-11 12:55:11 +0000  copying file ./Payload/linphone.app/InAppSettings.bundle/uk.lproj/Root.strings ... 
2025-03-11 12:55:11 +0000  1474 bytes for ./Payload/linphone.app/InAppSettings.bundle/uk.lproj/Root.strings
2025-03-11 12:55:11 +0000  copying file ./Payload/linphone.app/InAppSettings.bundle/uk.lproj/Network.strings ... 
2025-03-11 12:55:11 +0000  1006 bytes for ./Payload/linphone.app/InAppSettings.bundle/uk.lproj/Network.strings
2025-03-11 12:55:11 +0000  copying file ./Payload/linphone.app/InAppSettings.bundle/uk.lproj/Advanced.strings ... 
2025-03-11 12:55:11 +0000  1204 bytes for ./Payload/linphone.app/InAppSettings.bundle/uk.lproj/Advanced.strings
2025-03-11 12:55:11 +0000  copying file ./Payload/linphone.app/InAppSettings.bundle/zh_CN.lproj/Tunnel.strings ... 
2025-03-11 12:55:11 +0000  98 bytes for ./Payload/linphone.app/InAppSettings.bundle/zh_CN.lproj/Tunnel.strings
2025-03-11 12:55:11 +0000  copying file ./Payload/linphone.app/InAppSettings.bundle/zh_CN.lproj/Audio.strings ... 
2025-03-11 12:55:11 +0000  1394 bytes for ./Payload/linphone.app/InAppSettings.bundle/zh_CN.lproj/Audio.strings
2025-03-11 12:55:11 +0000  copying file ./Payload/linphone.app/InAppSettings.bundle/zh_CN.lproj/Call.strings ... 
2025-03-11 12:55:11 +0000  432 bytes for ./Payload/linphone.app/InAppSettings.bundle/zh_CN.lproj/Call.strings
2025-03-11 12:55:11 +0000  copying file ./Payload/linphone.app/InAppSettings.bundle/zh_CN.lproj/Chat.strings ... 
2025-03-11 12:55:11 +0000  442 bytes for ./Payload/linphone.app/InAppSettings.bundle/zh_CN.lproj/Chat.strings
2025-03-11 12:55:11 +0000  copying file ./Payload/linphone.app/InAppSettings.bundle/zh_CN.lproj/Account.strings ... 
2025-03-11 12:55:11 +0000  1036 bytes for ./Payload/linphone.app/InAppSettings.bundle/zh_CN.lproj/Account.strings
2025-03-11 12:55:11 +0000  copying file ./Payload/linphone.app/InAppSettings.bundle/zh_CN.lproj/Video.strings ... 
2025-03-11 12:55:11 +0000  698 bytes for ./Payload/linphone.app/InAppSettings.bundle/zh_CN.lproj/Video.strings
2025-03-11 12:55:11 +0000  copying file ./Payload/linphone.app/InAppSettings.bundle/zh_CN.lproj/Root.strings ... 
2025-03-11 12:55:11 +0000  1044 bytes for ./Payload/linphone.app/InAppSettings.bundle/zh_CN.lproj/Root.strings
2025-03-11 12:55:11 +0000  copying file ./Payload/linphone.app/InAppSettings.bundle/zh_CN.lproj/Network.strings ... 
2025-03-11 12:55:11 +0000  840 bytes for ./Payload/linphone.app/InAppSettings.bundle/zh_CN.lproj/Network.strings
2025-03-11 12:55:11 +0000  copying file ./Payload/linphone.app/InAppSettings.bundle/zh_CN.lproj/Advanced.strings ... 
2025-03-11 12:55:11 +0000  882 bytes for ./Payload/linphone.app/InAppSettings.bundle/zh_CN.lproj/Advanced.strings
2025-03-11 12:55:11 +0000  copying file ./Payload/linphone.app/InAppSettings.bundle/es.lproj/Tunnel.strings ... 
2025-03-11 12:55:11 +0000  124 bytes for ./Payload/linphone.app/InAppSettings.bundle/es.lproj/Tunnel.strings
2025-03-11 12:55:11 +0000  copying file ./Payload/linphone.app/InAppSettings.bundle/es.lproj/Audio.strings ... 
2025-03-11 12:55:11 +0000  1610 bytes for ./Payload/linphone.app/InAppSettings.bundle/es.lproj/Audio.strings
2025-03-11 12:55:11 +0000  copying file ./Payload/linphone.app/InAppSettings.bundle/es.lproj/Call.strings ... 
2025-03-11 12:55:11 +0000  656 bytes for ./Payload/linphone.app/InAppSettings.bundle/es.lproj/Call.strings
2025-03-11 12:55:11 +0000  copying file ./Payload/linphone.app/InAppSettings.bundle/es.lproj/Chat.strings ... 
2025-03-11 12:55:11 +0000  576 bytes for ./Payload/linphone.app/InAppSettings.bundle/es.lproj/Chat.strings
2025-03-11 12:55:11 +0000  copying file ./Payload/linphone.app/InAppSettings.bundle/es.lproj/Account.strings ... 
2025-03-11 12:55:11 +0000  1388 bytes for ./Payload/linphone.app/InAppSettings.bundle/es.lproj/Account.strings
2025-03-11 12:55:11 +0000  copying file ./Payload/linphone.app/InAppSettings.bundle/es.lproj/Video.strings ... 
2025-03-11 12:55:11 +0000  956 bytes for ./Payload/linphone.app/InAppSettings.bundle/es.lproj/Video.strings
2025-03-11 12:55:11 +0000  copying file ./Payload/linphone.app/InAppSettings.bundle/es.lproj/Root.strings ... 
2025-03-11 12:55:11 +0000  1484 bytes for ./Payload/linphone.app/InAppSettings.bundle/es.lproj/Root.strings
2025-03-11 12:55:11 +0000  copying file ./Payload/linphone.app/InAppSettings.bundle/es.lproj/Network.strings ... 
2025-03-11 12:55:11 +0000  1062 bytes for ./Payload/linphone.app/InAppSettings.bundle/es.lproj/Network.strings
2025-03-11 12:55:11 +0000  copying file ./Payload/linphone.app/InAppSettings.bundle/es.lproj/Advanced.strings ... 
2025-03-11 12:55:11 +0000  1288 bytes for ./Payload/linphone.app/InAppSettings.bundle/es.lproj/Advanced.strings
2025-03-11 12:55:11 +0000  copying file ./Payload/linphone.app/InAppSettings.bundle/pt_BR.lproj/Tunnel.strings ... 
2025-03-11 12:55:11 +0000  122 bytes for ./Payload/linphone.app/InAppSettings.bundle/pt_BR.lproj/Tunnel.strings
2025-03-11 12:55:11 +0000  copying file ./Payload/linphone.app/InAppSettings.bundle/pt_BR.lproj/Audio.strings ... 
2025-03-11 12:55:11 +0000  1572 bytes for ./Payload/linphone.app/InAppSettings.bundle/pt_BR.lproj/Audio.strings
2025-03-11 12:55:11 +0000  copying file ./Payload/linphone.app/InAppSettings.bundle/pt_BR.lproj/Call.strings ... 
2025-03-11 12:55:11 +0000  628 bytes for ./Payload/linphone.app/InAppSettings.bundle/pt_BR.lproj/Call.strings
2025-03-11 12:55:11 +0000  copying file ./Payload/linphone.app/InAppSettings.bundle/pt_BR.lproj/Chat.strings ... 
2025-03-11 12:55:11 +0000  536 bytes for ./Payload/linphone.app/InAppSettings.bundle/pt_BR.lproj/Chat.strings
2025-03-11 12:55:11 +0000  copying file ./Payload/linphone.app/InAppSettings.bundle/pt_BR.lproj/Account.strings ... 
2025-03-11 12:55:11 +0000  1290 bytes for ./Payload/linphone.app/InAppSettings.bundle/pt_BR.lproj/Account.strings
2025-03-11 12:55:11 +0000  copying file ./Payload/linphone.app/InAppSettings.bundle/pt_BR.lproj/Video.strings ... 
2025-03-11 12:55:11 +0000  932 bytes for ./Payload/linphone.app/InAppSettings.bundle/pt_BR.lproj/Video.strings
2025-03-11 12:55:11 +0000  copying file ./Payload/linphone.app/InAppSettings.bundle/pt_BR.lproj/Root.strings ... 
2025-03-11 12:55:11 +0000  1406 bytes for ./Payload/linphone.app/InAppSettings.bundle/pt_BR.lproj/Root.strings
2025-03-11 12:55:11 +0000  copying file ./Payload/linphone.app/InAppSettings.bundle/pt_BR.lproj/Network.strings ... 
2025-03-11 12:55:11 +0000  1012 bytes for ./Payload/linphone.app/InAppSettings.bundle/pt_BR.lproj/Network.strings
2025-03-11 12:55:11 +0000  copying file ./Payload/linphone.app/InAppSettings.bundle/pt_BR.lproj/Advanced.strings ... 
2025-03-11 12:55:11 +0000  1196 bytes for ./Payload/linphone.app/InAppSettings.bundle/pt_BR.lproj/Advanced.strings
2025-03-11 12:55:11 +0000  copying file ./Payload/linphone.app/InAppSettings.bundle/it.lproj/Tunnel.strings ... 
2025-03-11 12:55:11 +0000  130 bytes for ./Payload/linphone.app/InAppSettings.bundle/it.lproj/Tunnel.strings
2025-03-11 12:55:11 +0000  copying file ./Payload/linphone.app/InAppSettings.bundle/it.lproj/Audio.strings ... 
2025-03-11 12:55:11 +0000  1616 bytes for ./Payload/linphone.app/InAppSettings.bundle/it.lproj/Audio.strings
2025-03-11 12:55:11 +0000  copying file ./Payload/linphone.app/InAppSettings.bundle/it.lproj/Call.strings ... 
2025-03-11 12:55:11 +0000  622 bytes for ./Payload/linphone.app/InAppSettings.bundle/it.lproj/Call.strings
2025-03-11 12:55:11 +0000  copying file ./Payload/linphone.app/InAppSettings.bundle/it.lproj/Chat.strings ... 
2025-03-11 12:55:11 +0000  558 bytes for ./Payload/linphone.app/InAppSettings.bundle/it.lproj/Chat.strings
2025-03-11 12:55:11 +0000  copying file ./Payload/linphone.app/InAppSettings.bundle/it.lproj/Account.strings ... 
2025-03-11 12:55:11 +0000  1334 bytes for ./Payload/linphone.app/InAppSettings.bundle/it.lproj/Account.strings
2025-03-11 12:55:11 +0000  copying file ./Payload/linphone.app/InAppSettings.bundle/it.lproj/Video.strings ... 
2025-03-11 12:55:11 +0000  948 bytes for ./Payload/linphone.app/InAppSettings.bundle/it.lproj/Video.strings
2025-03-11 12:55:11 +0000  copying file ./Payload/linphone.app/InAppSettings.bundle/it.lproj/Root.strings ... 
2025-03-11 12:55:11 +0000  1438 bytes for ./Payload/linphone.app/InAppSettings.bundle/it.lproj/Root.strings
2025-03-11 12:55:11 +0000  copying file ./Payload/linphone.app/InAppSettings.bundle/it.lproj/Network.strings ... 
2025-03-11 12:55:11 +0000  1026 bytes for ./Payload/linphone.app/InAppSettings.bundle/it.lproj/Network.strings
2025-03-11 12:55:11 +0000  copying file ./Payload/linphone.app/InAppSettings.bundle/it.lproj/Advanced.strings ... 
2025-03-11 12:55:11 +0000  1192 bytes for ./Payload/linphone.app/InAppSettings.bundle/it.lproj/Advanced.strings
2025-03-11 12:55:11 +0000  copying file ./Payload/linphone.app/InAppSettings.bundle/Call.plist ... 
2025-03-11 12:55:11 +0000  4352 bytes for ./Payload/linphone.app/InAppSettings.bundle/Call.plist
2025-03-11 12:55:11 +0000  copying file ./Payload/linphone.app/InAppSettings.bundle/sv.lproj/Tunnel.strings ... 
2025-03-11 12:55:11 +0000  114 bytes for ./Payload/linphone.app/InAppSettings.bundle/sv.lproj/Tunnel.strings
2025-03-11 12:55:11 +0000  copying file ./Payload/linphone.app/InAppSettings.bundle/sv.lproj/Audio.strings ... 
2025-03-11 12:55:11 +0000  1596 bytes for ./Payload/linphone.app/InAppSettings.bundle/sv.lproj/Audio.strings
2025-03-11 12:55:11 +0000  copying file ./Payload/linphone.app/InAppSettings.bundle/sv.lproj/Call.strings ... 
2025-03-11 12:55:11 +0000  582 bytes for ./Payload/linphone.app/InAppSettings.bundle/sv.lproj/Call.strings
2025-03-11 12:55:11 +0000  copying file ./Payload/linphone.app/InAppSettings.bundle/sv.lproj/Chat.strings ... 
2025-03-11 12:55:11 +0000  538 bytes for ./Payload/linphone.app/InAppSettings.bundle/sv.lproj/Chat.strings
2025-03-11 12:55:11 +0000  copying file ./Payload/linphone.app/InAppSettings.bundle/sv.lproj/Account.strings ... 
2025-03-11 12:55:11 +0000  1270 bytes for ./Payload/linphone.app/InAppSettings.bundle/sv.lproj/Account.strings
2025-03-11 12:55:11 +0000  copying file ./Payload/linphone.app/InAppSettings.bundle/sv.lproj/Video.strings ... 
2025-03-11 12:55:11 +0000  910 bytes for ./Payload/linphone.app/InAppSettings.bundle/sv.lproj/Video.strings
2025-03-11 12:55:11 +0000  copying file ./Payload/linphone.app/InAppSettings.bundle/sv.lproj/Root.strings ... 
2025-03-11 12:55:11 +0000  1334 bytes for ./Payload/linphone.app/InAppSettings.bundle/sv.lproj/Root.strings
2025-03-11 12:55:11 +0000  copying file ./Payload/linphone.app/InAppSettings.bundle/sv.lproj/Network.strings ... 
2025-03-11 12:55:11 +0000  1004 bytes for ./Payload/linphone.app/InAppSettings.bundle/sv.lproj/Network.strings
2025-03-11 12:55:11 +0000  copying file ./Payload/linphone.app/InAppSettings.bundle/sv.lproj/Advanced.strings ... 
2025-03-11 12:55:11 +0000  1134 bytes for ./Payload/linphone.app/InAppSettings.bundle/sv.lproj/Advanced.strings
2025-03-11 12:55:11 +0000  copying file ./Payload/linphone.app/InAppSettings.bundle/Meetings.plist ... 
2025-03-11 12:55:11 +0000  499 bytes for ./Payload/linphone.app/InAppSettings.bundle/Meetings.plist
2025-03-11 12:55:11 +0000  copying file ./Payload/linphone.app/InAppSettings.bundle/cs.lproj/Account.strings ... 
2025-03-11 12:55:11 +0000  1418 bytes for ./Payload/linphone.app/InAppSettings.bundle/cs.lproj/Account.strings
2025-03-11 12:55:11 +0000  copying file ./Payload/linphone.app/InAppSettings.bundle/cs.lproj/Root.strings ... 
2025-03-11 12:55:11 +0000  1364 bytes for ./Payload/linphone.app/InAppSettings.bundle/cs.lproj/Root.strings
2025-03-11 12:55:11 +0000  copying file ./Payload/linphone.app/InAppSettings.bundle/cs.lproj/Advanced.strings ... 
2025-03-11 12:55:11 +0000  1184 bytes for ./Payload/linphone.app/InAppSettings.bundle/cs.lproj/Advanced.strings
2025-03-11 12:55:11 +0000  copying file ./Payload/linphone.app/InAppSettings.bundle/Tunnel.plist ... 
2025-03-11 12:55:11 +0000  1314 bytes for ./Payload/linphone.app/InAppSettings.bundle/Tunnel.plist
2025-03-11 12:55:11 +0000  copying file ./Payload/linphone.app/InAppSettings.bundle/Audio.plist ... 
2025-03-11 12:55:11 +0000  7080 bytes for ./Payload/linphone.app/InAppSettings.bundle/Audio.plist
2025-03-11 12:55:11 +0000  copying file ./Payload/linphone.app/InAppSettings.bundle/Video.plist ... 
2025-03-11 12:55:11 +0000  4376 bytes for ./Payload/linphone.app/InAppSettings.bundle/Video.plist
2025-03-11 12:55:11 +0000  copying file ./Payload/linphone.app/InAppSettings.bundle/Account.plist ... 
2025-03-11 12:55:11 +0000  8207 bytes for ./Payload/linphone.app/InAppSettings.bundle/Account.plist
2025-03-11 12:55:11 +0000  copying file ./Payload/linphone.app/InAppSettings.bundle/LDAP.plist ... 
2025-03-11 12:55:11 +0000  8068 bytes for ./Payload/linphone.app/InAppSettings.bundle/LDAP.plist
2025-03-11 12:55:11 +0000  copying file ./Payload/linphone.app/InAppSettings.bundle/hu.lproj/Tunnel.strings ... 
2025-03-11 12:55:11 +0000  110 bytes for ./Payload/linphone.app/InAppSettings.bundle/hu.lproj/Tunnel.strings
2025-03-11 12:55:11 +0000  copying file ./Payload/linphone.app/InAppSettings.bundle/hu.lproj/Audio.strings ... 
2025-03-11 12:55:11 +0000  1598 bytes for ./Payload/linphone.app/InAppSettings.bundle/hu.lproj/Audio.strings
2025-03-11 12:55:11 +0000  copying file ./Payload/linphone.app/InAppSettings.bundle/hu.lproj/Call.strings ... 
2025-03-11 12:55:11 +0000  636 bytes for ./Payload/linphone.app/InAppSettings.bundle/hu.lproj/Call.strings
2025-03-11 12:55:11 +0000  copying file ./Payload/linphone.app/InAppSettings.bundle/hu.lproj/Chat.strings ... 
2025-03-11 12:55:11 +0000  568 bytes for ./Payload/linphone.app/InAppSettings.bundle/hu.lproj/Chat.strings
2025-03-11 12:55:11 +0000  copying file ./Payload/linphone.app/InAppSettings.bundle/hu.lproj/Account.strings ... 
2025-03-11 12:55:11 +0000  1424 bytes for ./Payload/linphone.app/InAppSettings.bundle/hu.lproj/Account.strings
2025-03-11 12:55:11 +0000  copying file ./Payload/linphone.app/InAppSettings.bundle/hu.lproj/Video.strings ... 
2025-03-11 12:55:11 +0000  1036 bytes for ./Payload/linphone.app/InAppSettings.bundle/hu.lproj/Video.strings
2025-03-11 12:55:11 +0000  copying file ./Payload/linphone.app/InAppSettings.bundle/hu.lproj/Root.strings ... 
2025-03-11 12:55:11 +0000  1438 bytes for ./Payload/linphone.app/InAppSettings.bundle/hu.lproj/Root.strings
2025-03-11 12:55:11 +0000  copying file ./Payload/linphone.app/InAppSettings.bundle/hu.lproj/Network.strings ... 
2025-03-11 12:55:11 +0000  1054 bytes for ./Payload/linphone.app/InAppSettings.bundle/hu.lproj/Network.strings
2025-03-11 12:55:11 +0000  copying file ./Payload/linphone.app/InAppSettings.bundle/hu.lproj/Advanced.strings ... 
2025-03-11 12:55:11 +0000  1222 bytes for ./Payload/linphone.app/InAppSettings.bundle/hu.lproj/Advanced.strings
2025-03-11 12:55:11 +0000  copying file ./Payload/linphone.app/InAppSettings.bundle/ka.lproj/Tunnel.strings ... 
2025-03-11 12:55:11 +0000  126 bytes for ./Payload/linphone.app/InAppSettings.bundle/ka.lproj/Tunnel.strings
2025-03-11 12:55:11 +0000  copying file ./Payload/linphone.app/InAppSettings.bundle/ka.lproj/Audio.strings ... 
2025-03-11 12:55:11 +0000  1570 bytes for ./Payload/linphone.app/InAppSettings.bundle/ka.lproj/Audio.strings
2025-03-11 12:55:11 +0000  copying file ./Payload/linphone.app/InAppSettings.bundle/ka.lproj/Call.strings ... 
2025-03-11 12:55:11 +0000  596 bytes for ./Payload/linphone.app/InAppSettings.bundle/ka.lproj/Call.strings
2025-03-11 12:55:11 +0000  copying file ./Payload/linphone.app/InAppSettings.bundle/ka.lproj/Chat.strings ... 
2025-03-11 12:55:11 +0000  526 bytes for ./Payload/linphone.app/InAppSettings.bundle/ka.lproj/Chat.strings
2025-03-11 12:55:11 +0000  copying file ./Payload/linphone.app/InAppSettings.bundle/ka.lproj/Account.strings ... 
2025-03-11 12:55:11 +0000  1350 bytes for ./Payload/linphone.app/InAppSettings.bundle/ka.lproj/Account.strings
2025-03-11 12:55:11 +0000  copying file ./Payload/linphone.app/InAppSettings.bundle/ka.lproj/Video.strings ... 
2025-03-11 12:55:11 +0000  958 bytes for ./Payload/linphone.app/InAppSettings.bundle/ka.lproj/Video.strings
2025-03-11 12:55:11 +0000  copying file ./Payload/linphone.app/InAppSettings.bundle/ka.lproj/Root.strings ... 
2025-03-11 12:55:11 +0000  1462 bytes for ./Payload/linphone.app/InAppSettings.bundle/ka.lproj/Root.strings
2025-03-11 12:55:11 +0000  copying file ./Payload/linphone.app/InAppSettings.bundle/ka.lproj/Network.strings ... 
2025-03-11 12:55:11 +0000  1044 bytes for ./Payload/linphone.app/InAppSettings.bundle/ka.lproj/Network.strings
2025-03-11 12:55:11 +0000  copying file ./Payload/linphone.app/InAppSettings.bundle/ka.lproj/Advanced.strings ... 
2025-03-11 12:55:11 +0000  1196 bytes for ./Payload/linphone.app/InAppSettings.bundle/ka.lproj/Advanced.strings
2025-03-11 12:55:11 +0000  copying file ./Payload/linphone.app/InAppSettings.bundle/Chat.plist ... 
2025-03-11 12:55:11 +0000  2020 bytes for ./Payload/linphone.app/InAppSettings.bundle/Chat.plist
2025-03-11 12:55:11 +0000  copying file ./Payload/linphone.app/InAppSettings.bundle/tr.lproj/Tunnel.strings ... 
2025-03-11 12:55:11 +0000  110 bytes for ./Payload/linphone.app/InAppSettings.bundle/tr.lproj/Tunnel.strings
2025-03-11 12:55:11 +0000  copying file ./Payload/linphone.app/InAppSettings.bundle/tr.lproj/Audio.strings ... 
2025-03-11 12:55:11 +0000  1578 bytes for ./Payload/linphone.app/InAppSettings.bundle/tr.lproj/Audio.strings
2025-03-11 12:55:11 +0000  copying file ./Payload/linphone.app/InAppSettings.bundle/tr.lproj/Call.strings ... 
2025-03-11 12:55:11 +0000  564 bytes for ./Payload/linphone.app/InAppSettings.bundle/tr.lproj/Call.strings
2025-03-11 12:55:11 +0000  copying file ./Payload/linphone.app/InAppSettings.bundle/tr.lproj/Chat.strings ... 
2025-03-11 12:55:11 +0000  522 bytes for ./Payload/linphone.app/InAppSettings.bundle/tr.lproj/Chat.strings
2025-03-11 12:55:11 +0000  copying file ./Payload/linphone.app/InAppSettings.bundle/tr.lproj/Account.strings ... 
2025-03-11 12:55:11 +0000  1300 bytes for ./Payload/linphone.app/InAppSettings.bundle/tr.lproj/Account.strings
2025-03-11 12:55:11 +0000  copying file ./Payload/linphone.app/InAppSettings.bundle/tr.lproj/Video.strings ... 
2025-03-11 12:55:11 +0000  924 bytes for ./Payload/linphone.app/InAppSettings.bundle/tr.lproj/Video.strings
2025-03-11 12:55:11 +0000  copying file ./Payload/linphone.app/InAppSettings.bundle/tr.lproj/Root.strings ... 
2025-03-11 12:55:11 +0000  1416 bytes for ./Payload/linphone.app/InAppSettings.bundle/tr.lproj/Root.strings
2025-03-11 12:55:11 +0000  copying file ./Payload/linphone.app/InAppSettings.bundle/tr.lproj/Network.strings ... 
2025-03-11 12:55:11 +0000  1002 bytes for ./Payload/linphone.app/InAppSettings.bundle/tr.lproj/Network.strings
2025-03-11 12:55:11 +0000  copying file ./Payload/linphone.app/InAppSettings.bundle/tr.lproj/Advanced.strings ... 
2025-03-11 12:55:11 +0000  1182 bytes for ./Payload/linphone.app/InAppSettings.bundle/tr.lproj/Advanced.strings
2025-03-11 12:55:11 +0000  copying file ./Payload/linphone.app/InAppSettings.bundle/pl.lproj/Tunnel.strings ... 
2025-03-11 12:55:11 +0000  112 bytes for ./Payload/linphone.app/InAppSettings.bundle/pl.lproj/Tunnel.strings
2025-03-11 12:55:11 +0000  copying file ./Payload/linphone.app/InAppSettings.bundle/pl.lproj/Audio.strings ... 
2025-03-11 12:55:11 +0000  1596 bytes for ./Payload/linphone.app/InAppSettings.bundle/pl.lproj/Audio.strings
2025-03-11 12:55:11 +0000  copying file ./Payload/linphone.app/InAppSettings.bundle/pl.lproj/Call.strings ... 
2025-03-11 12:55:11 +0000  636 bytes for ./Payload/linphone.app/InAppSettings.bundle/pl.lproj/Call.strings
2025-03-11 12:55:11 +0000  copying file ./Payload/linphone.app/InAppSettings.bundle/pl.lproj/Chat.strings ... 
2025-03-11 12:55:11 +0000  518 bytes for ./Payload/linphone.app/InAppSettings.bundle/pl.lproj/Chat.strings
2025-03-11 12:55:11 +0000  copying file ./Payload/linphone.app/InAppSettings.bundle/pl.lproj/Account.strings ... 
2025-03-11 12:55:11 +0000  1304 bytes for ./Payload/linphone.app/InAppSettings.bundle/pl.lproj/Account.strings
2025-03-11 12:55:11 +0000  copying file ./Payload/linphone.app/InAppSettings.bundle/pl.lproj/Video.strings ... 
2025-03-11 12:55:11 +0000  934 bytes for ./Payload/linphone.app/InAppSettings.bundle/pl.lproj/Video.strings
2025-03-11 12:55:11 +0000  copying file ./Payload/linphone.app/InAppSettings.bundle/pl.lproj/Root.strings ... 
2025-03-11 12:55:11 +0000  1406 bytes for ./Payload/linphone.app/InAppSettings.bundle/pl.lproj/Root.strings
2025-03-11 12:55:11 +0000  copying file ./Payload/linphone.app/InAppSettings.bundle/pl.lproj/Network.strings ... 
2025-03-11 12:55:11 +0000  1050 bytes for ./Payload/linphone.app/InAppSettings.bundle/pl.lproj/Network.strings
2025-03-11 12:55:11 +0000  copying file ./Payload/linphone.app/InAppSettings.bundle/pl.lproj/Advanced.strings ... 
2025-03-11 12:55:11 +0000  1178 bytes for ./Payload/linphone.app/InAppSettings.bundle/pl.lproj/Advanced.strings
2025-03-11 12:55:11 +0000  copying file ./Payload/linphone.app/InAppSettings.bundle/zh_TW.lproj/Tunnel.strings ... 
2025-03-11 12:55:11 +0000  96 bytes for ./Payload/linphone.app/InAppSettings.bundle/zh_TW.lproj/Tunnel.strings
2025-03-11 12:55:11 +0000  copying file ./Payload/linphone.app/InAppSettings.bundle/zh_TW.lproj/Audio.strings ... 
2025-03-11 12:55:11 +0000  1434 bytes for ./Payload/linphone.app/InAppSettings.bundle/zh_TW.lproj/Audio.strings
2025-03-11 12:55:11 +0000  copying file ./Payload/linphone.app/InAppSettings.bundle/zh_TW.lproj/Call.strings ... 
2025-03-11 12:55:11 +0000  436 bytes for ./Payload/linphone.app/InAppSettings.bundle/zh_TW.lproj/Call.strings
2025-03-11 12:55:11 +0000  copying file ./Payload/linphone.app/InAppSettings.bundle/zh_TW.lproj/Chat.strings ... 
2025-03-11 12:55:11 +0000  378 bytes for ./Payload/linphone.app/InAppSettings.bundle/zh_TW.lproj/Chat.strings
2025-03-11 12:55:11 +0000  copying file ./Payload/linphone.app/InAppSettings.bundle/zh_TW.lproj/Account.strings ... 
2025-03-11 12:55:11 +0000  1016 bytes for ./Payload/linphone.app/InAppSettings.bundle/zh_TW.lproj/Account.strings
2025-03-11 12:55:11 +0000  copying file ./Payload/linphone.app/InAppSettings.bundle/zh_TW.lproj/Video.strings ... 
2025-03-11 12:55:11 +0000  694 bytes for ./Payload/linphone.app/InAppSettings.bundle/zh_TW.lproj/Video.strings
2025-03-11 12:55:11 +0000  copying file ./Payload/linphone.app/InAppSettings.bundle/zh_TW.lproj/Root.strings ... 
2025-03-11 12:55:11 +0000  1090 bytes for ./Payload/linphone.app/InAppSettings.bundle/zh_TW.lproj/Root.strings
2025-03-11 12:55:11 +0000  copying file ./Payload/linphone.app/InAppSettings.bundle/zh_TW.lproj/Network.strings ... 
2025-03-11 12:55:11 +0000  840 bytes for ./Payload/linphone.app/InAppSettings.bundle/zh_TW.lproj/Network.strings
2025-03-11 12:55:11 +0000  copying file ./Payload/linphone.app/InAppSettings.bundle/zh_TW.lproj/Advanced.strings ... 
2025-03-11 12:55:11 +0000  910 bytes for ./Payload/linphone.app/InAppSettings.bundle/zh_TW.lproj/Advanced.strings
2025-03-11 12:55:11 +0000  copying file ./Payload/linphone.app/InAppSettings.bundle/ru.lproj/Tunnel.strings ... 
2025-03-11 12:55:11 +0000  116 bytes for ./Payload/linphone.app/InAppSettings.bundle/ru.lproj/Tunnel.strings
2025-03-11 12:55:11 +0000  copying file ./Payload/linphone.app/InAppSettings.bundle/ru.lproj/Audio.strings ... 
2025-03-11 12:55:11 +0000  1560 bytes for ./Payload/linphone.app/InAppSettings.bundle/ru.lproj/Audio.strings
2025-03-11 12:55:11 +0000  copying file ./Payload/linphone.app/InAppSettings.bundle/ru.lproj/Call.strings ... 
2025-03-11 12:55:11 +0000  612 bytes for ./Payload/linphone.app/InAppSettings.bundle/ru.lproj/Call.strings
2025-03-11 12:55:11 +0000  copying file ./Payload/linphone.app/InAppSettings.bundle/ru.lproj/Chat.strings ... 
2025-03-11 12:55:11 +0000  558 bytes for ./Payload/linphone.app/InAppSettings.bundle/ru.lproj/Chat.strings
2025-03-11 12:55:11 +0000  copying file ./Payload/linphone.app/InAppSettings.bundle/ru.lproj/Account.strings ... 
2025-03-11 12:55:11 +0000  1332 bytes for ./Payload/linphone.app/InAppSettings.bundle/ru.lproj/Account.strings
2025-03-11 12:55:11 +0000  copying file ./Payload/linphone.app/InAppSettings.bundle/ru.lproj/Video.strings ... 
2025-03-11 12:55:11 +0000  1016 bytes for ./Payload/linphone.app/InAppSettings.bundle/ru.lproj/Video.strings
2025-03-11 12:55:11 +0000  copying file ./Payload/linphone.app/InAppSettings.bundle/ru.lproj/Root.strings ... 
2025-03-11 12:55:11 +0000  1460 bytes for ./Payload/linphone.app/InAppSettings.bundle/ru.lproj/Root.strings
2025-03-11 12:55:11 +0000  copying file ./Payload/linphone.app/InAppSettings.bundle/ru.lproj/Network.strings ... 
2025-03-11 12:55:11 +0000  1010 bytes for ./Payload/linphone.app/InAppSettings.bundle/ru.lproj/Network.strings
2025-03-11 12:55:11 +0000  copying file ./Payload/linphone.app/InAppSettings.bundle/ru.lproj/Advanced.strings ... 
2025-03-11 12:55:11 +0000  1190 bytes for ./Payload/linphone.app/InAppSettings.bundle/ru.lproj/Advanced.strings
2025-03-11 12:55:11 +0000  copying file ./Payload/linphone.app/InAppSettings.bundle/Network.plist ... 
2025-03-11 12:55:11 +0000  5138 bytes for ./Payload/linphone.app/InAppSettings.bundle/Network.plist
2025-03-11 12:55:11 +0000  copying file ./Payload/linphone.app/InAppSettings.bundle/Root.plist ... 
2025-03-11 12:55:11 +0000  5277 bytes for ./Payload/linphone.app/InAppSettings.bundle/Root.plist
2025-03-11 12:55:11 +0000  copying file ./Payload/linphone.app/InAppSettings.bundle/fr.lproj/Tunnel.strings ... 
2025-03-11 12:55:11 +0000  116 bytes for ./Payload/linphone.app/InAppSettings.bundle/fr.lproj/Tunnel.strings
2025-03-11 12:55:11 +0000  copying file ./Payload/linphone.app/InAppSettings.bundle/fr.lproj/Audio.strings ... 
2025-03-11 12:55:11 +0000  1534 bytes for ./Payload/linphone.app/InAppSettings.bundle/fr.lproj/Audio.strings
2025-03-11 12:55:11 +0000  copying file ./Payload/linphone.app/InAppSettings.bundle/fr.lproj/Call.strings ... 
2025-03-11 12:55:11 +0000  860 bytes for ./Payload/linphone.app/InAppSettings.bundle/fr.lproj/Call.strings
2025-03-11 12:55:11 +0000  copying file ./Payload/linphone.app/InAppSettings.bundle/fr.lproj/Chat.strings ... 
2025-03-11 12:55:11 +0000  662 bytes for ./Payload/linphone.app/InAppSettings.bundle/fr.lproj/Chat.strings
2025-03-11 12:55:11 +0000  copying file ./Payload/linphone.app/InAppSettings.bundle/fr.lproj/Account.strings ... 
2025-03-11 12:55:11 +0000  1496 bytes for ./Payload/linphone.app/InAppSettings.bundle/fr.lproj/Account.strings
2025-03-11 12:55:11 +0000  copying file ./Payload/linphone.app/InAppSettings.bundle/fr.lproj/Video.strings ... 
2025-03-11 12:55:11 +0000  984 bytes for ./Payload/linphone.app/InAppSettings.bundle/fr.lproj/Video.strings
2025-03-11 12:55:11 +0000  copying file ./Payload/linphone.app/InAppSettings.bundle/fr.lproj/Root.strings ... 
2025-03-11 12:55:11 +0000  1430 bytes for ./Payload/linphone.app/InAppSettings.bundle/fr.lproj/Root.strings
2025-03-11 12:55:11 +0000  copying file ./Payload/linphone.app/InAppSettings.bundle/fr.lproj/Network.strings ... 
2025-03-11 12:55:11 +0000  1000 bytes for ./Payload/linphone.app/InAppSettings.bundle/fr.lproj/Network.strings
2025-03-11 12:55:11 +0000  copying file ./Payload/linphone.app/InAppSettings.bundle/fr.lproj/Advanced.strings ... 
2025-03-11 12:55:11 +0000  1702 bytes for ./Payload/linphone.app/InAppSettings.bundle/fr.lproj/Advanced.strings
2025-03-11 12:55:11 +0000  copying file ./Payload/linphone.app/InAppSettings.bundle/nl.lproj/Tunnel.strings ... 
2025-03-11 12:55:11 +0000  112 bytes for ./Payload/linphone.app/InAppSettings.bundle/nl.lproj/Tunnel.strings
2025-03-11 12:55:11 +0000  copying file ./Payload/linphone.app/InAppSettings.bundle/nl.lproj/Audio.strings ... 
2025-03-11 12:55:11 +0000  1560 bytes for ./Payload/linphone.app/InAppSettings.bundle/nl.lproj/Audio.strings
2025-03-11 12:55:11 +0000  copying file ./Payload/linphone.app/InAppSettings.bundle/nl.lproj/Call.strings ... 
2025-03-11 12:55:11 +0000  812 bytes for ./Payload/linphone.app/InAppSettings.bundle/nl.lproj/Call.strings
2025-03-11 12:55:11 +0000  copying file ./Payload/linphone.app/InAppSettings.bundle/nl.lproj/Chat.strings ... 
2025-03-11 12:55:11 +0000  500 bytes for ./Payload/linphone.app/InAppSettings.bundle/nl.lproj/Chat.strings
2025-03-11 12:55:11 +0000  copying file ./Payload/linphone.app/InAppSettings.bundle/nl.lproj/Account.strings ... 
2025-03-11 12:55:11 +0000  1454 bytes for ./Payload/linphone.app/InAppSettings.bundle/nl.lproj/Account.strings
2025-03-11 12:55:11 +0000  copying file ./Payload/linphone.app/InAppSettings.bundle/nl.lproj/Video.strings ... 
2025-03-11 12:55:11 +0000  880 bytes for ./Payload/linphone.app/InAppSettings.bundle/nl.lproj/Video.strings
2025-03-11 12:55:11 +0000  copying file ./Payload/linphone.app/InAppSettings.bundle/nl.lproj/Root.strings ... 
2025-03-11 12:55:11 +0000  1382 bytes for ./Payload/linphone.app/InAppSettings.bundle/nl.lproj/Root.strings
2025-03-11 12:55:11 +0000  copying file ./Payload/linphone.app/InAppSettings.bundle/nl.lproj/Network.strings ... 
2025-03-11 12:55:11 +0000  984 bytes for ./Payload/linphone.app/InAppSettings.bundle/nl.lproj/Network.strings
2025-03-11 12:55:11 +0000  copying file ./Payload/linphone.app/InAppSettings.bundle/nl.lproj/Advanced.strings ... 
2025-03-11 12:55:11 +0000  1112 bytes for ./Payload/linphone.app/InAppSettings.bundle/nl.lproj/Advanced.strings
2025-03-11 12:55:11 +0000  copying file ./Payload/linphone.app/InAppSettings.bundle/Contacts.plist ... 
2025-03-11 12:55:11 +0000  1888 bytes for ./Payload/linphone.app/InAppSettings.bundle/Contacts.plist
2025-03-11 12:55:11 +0000  copying file ./Payload/linphone.app/InAppSettings.bundle/Advanced.plist ... 
2025-03-11 12:55:11 +0000  5237 bytes for ./Payload/linphone.app/InAppSettings.bundle/Advanced.plist
2025-03-11 12:55:11 +0000  copying file ./Payload/linphone.app/InAppSettings.bundle/es_AR.lproj/Tunnel.strings ... 
2025-03-11 12:55:11 +0000  124 bytes for ./Payload/linphone.app/InAppSettings.bundle/es_AR.lproj/Tunnel.strings
2025-03-11 12:55:11 +0000  copying file ./Payload/linphone.app/InAppSettings.bundle/es_AR.lproj/Audio.strings ... 
2025-03-11 12:55:11 +0000  1610 bytes for ./Payload/linphone.app/InAppSettings.bundle/es_AR.lproj/Audio.strings
2025-03-11 12:55:11 +0000  copying file ./Payload/linphone.app/InAppSettings.bundle/es_AR.lproj/Call.strings ... 
2025-03-11 12:55:11 +0000  656 bytes for ./Payload/linphone.app/InAppSettings.bundle/es_AR.lproj/Call.strings
2025-03-11 12:55:11 +0000  copying file ./Payload/linphone.app/InAppSettings.bundle/es_AR.lproj/Chat.strings ... 
2025-03-11 12:55:11 +0000  576 bytes for ./Payload/linphone.app/InAppSettings.bundle/es_AR.lproj/Chat.strings
2025-03-11 12:55:11 +0000  copying file ./Payload/linphone.app/InAppSettings.bundle/es_AR.lproj/Account.strings ... 
2025-03-11 12:55:11 +0000  1388 bytes for ./Payload/linphone.app/InAppSettings.bundle/es_AR.lproj/Account.strings
2025-03-11 12:55:11 +0000  copying file ./Payload/linphone.app/InAppSettings.bundle/es_AR.lproj/Video.strings ... 
2025-03-11 12:55:11 +0000  956 bytes for ./Payload/linphone.app/InAppSettings.bundle/es_AR.lproj/Video.strings
2025-03-11 12:55:11 +0000  copying file ./Payload/linphone.app/InAppSettings.bundle/es_AR.lproj/Root.strings ... 
2025-03-11 12:55:11 +0000  1484 bytes for ./Payload/linphone.app/InAppSettings.bundle/es_AR.lproj/Root.strings
2025-03-11 12:55:11 +0000  copying file ./Payload/linphone.app/InAppSettings.bundle/es_AR.lproj/Network.strings ... 
2025-03-11 12:55:11 +0000  1062 bytes for ./Payload/linphone.app/InAppSettings.bundle/es_AR.lproj/Network.strings
2025-03-11 12:55:11 +0000  copying file ./Payload/linphone.app/InAppSettings.bundle/es_AR.lproj/Advanced.strings ... 
2025-03-11 12:55:11 +0000  1288 bytes for ./Payload/linphone.app/InAppSettings.bundle/es_AR.lproj/Advanced.strings
2025-03-11 12:55:11 +0000  copying file ./Payload/linphone.app/camera_switch_default@2x.png ... 
2025-03-11 12:55:11 +0000  3421 bytes for ./Payload/linphone.app/camera_switch_default@2x.png
2025-03-11 12:55:11 +0000  copying file ./Payload/linphone.app/security_1_indicator@2x.png ... 
2025-03-11 12:55:11 +0000  1836 bytes for ./Payload/linphone.app/security_1_indicator@2x.png
2025-03-11 12:55:11 +0000  copying file ./Payload/linphone.app/voip_numpad_7.png ... 
2025-03-11 12:55:11 +0000  1884 bytes for ./Payload/linphone.app/voip_numpad_7.png
2025-03-11 12:55:11 +0000  copying file ./Payload/linphone.app/linphone_user~ipad@2x.png ... 
2025-03-11 12:55:11 +0000  1416 bytes for ./Payload/linphone.app/linphone_user~ipad@2x.png
2025-03-11 12:55:11 +0000  copying file ./Payload/linphone.app/next_default@2x.png ... 
2025-03-11 12:55:11 +0000  874 bytes for ./Payload/linphone.app/next_default@2x.png
2025-03-11 12:55:11 +0000  copying file ./Payload/linphone.app/cancel_forward.png ... 
2025-03-11 12:55:11 +0000  879 bytes for ./Payload/linphone.app/cancel_forward.png
2025-03-11 12:55:11 +0000  copying file ./Payload/linphone.app/numpad_9_over.png ... 
2025-03-11 12:55:11 +0000  986 bytes for ./Payload/linphone.app/numpad_9_over.png
2025-03-11 12:55:11 +0000  copying file ./Payload/linphone.app/menu_about@2x.png ... 
2025-03-11 12:55:11 +0000  1928 bytes for ./Payload/linphone.app/menu_about@2x.png
2025-03-11 12:55:11 +0000  copying file ./Payload/linphone.app/numpad_8_over.png ... 
2025-03-11 12:55:11 +0000  1034 bytes for ./Payload/linphone.app/numpad_8_over.png
2025-03-11 12:55:11 +0000  copying file ./Payload/linphone.app/voip_conference_mosaic.png ... 
2025-03-11 12:55:11 +0000  1473 bytes for ./Payload/linphone.app/voip_conference_mosaic.png
2025-03-11 12:55:11 +0000  copying file ./Payload/linphone.app/GoogleUtilities_GoogleUtilities-UserDefaults.bundle/PrivacyInfo.xcprivacy ... 
2025-03-11 12:55:11 +0000  911 bytes for ./Payload/linphone.app/GoogleUtilities_GoogleUtilities-UserDefaults.bundle/PrivacyInfo.xcprivacy
2025-03-11 12:55:11 +0000  copying file ./Payload/linphone.app/GoogleUtilities_GoogleUtilities-UserDefaults.bundle/Info.plist ... 
2025-03-11 12:55:11 +0000  735 bytes for ./Payload/linphone.app/GoogleUtilities_GoogleUtilities-UserDefaults.bundle/Info.plist
2025-03-11 12:55:11 +0000  copying file ./Payload/linphone.app/voip_numpad_6.png ... 
2025-03-11 12:55:11 +0000  3205 bytes for ./Payload/linphone.app/voip_numpad_6.png
2025-03-11 12:55:11 +0000  copying file ./Payload/linphone.app/dialer_back_disabled@2x.png ... 
2025-03-11 12:55:11 +0000  1793 bytes for ./Payload/linphone.app/dialer_back_disabled@2x.png
2025-03-11 12:55:11 +0000  copying file ./Payload/linphone.app/check_selected@2x.png ... 
2025-03-11 12:55:11 +0000  1923 bytes for ./Payload/linphone.app/check_selected@2x.png
2025-03-11 12:55:11 +0000  copying file ./Payload/linphone.app/Promises_Promises.bundle/PrivacyInfo.xcprivacy ... 
2025-03-11 12:55:11 +0000  373 bytes for ./Payload/linphone.app/Promises_Promises.bundle/PrivacyInfo.xcprivacy
2025-03-11 12:55:11 +0000  copying file ./Payload/linphone.app/Promises_Promises.bundle/Info.plist ... 
2025-03-11 12:55:11 +0000  681 bytes for ./Payload/linphone.app/Promises_Promises.bundle/Info.plist
2025-03-11 12:55:11 +0000  copying file ./Payload/linphone.app/chat_attachment_disabled.png ... 
2025-03-11 12:55:11 +0000  811 bytes for ./Payload/linphone.app/chat_attachment_disabled.png
2025-03-11 12:55:11 +0000  copying file ./Payload/linphone.app/contacts_all_default.png ... 
2025-03-11 12:55:11 +0000  1268 bytes for ./Payload/linphone.app/contacts_all_default.png
2025-03-11 12:55:11 +0000  copying file ./Payload/linphone.app/numpad_4_default@2x.png ... 
2025-03-11 12:55:11 +0000  1104 bytes for ./Payload/linphone.app/numpad_4_default@2x.png
2025-03-11 12:55:11 +0000  copying file ./Payload/linphone.app/speaker_default.png ... 
2025-03-11 12:55:11 +0000  681 bytes for ./Payload/linphone.app/speaker_default.png
2025-03-11 12:55:11 +0000  copying file ./Payload/linphone.app/avatar~ipad.png ... 
2025-03-11 12:55:11 +0000  11772 bytes for ./Payload/linphone.app/avatar~ipad.png
2025-03-11 12:55:11 +0000  copying file ./Payload/linphone.app/led_disconnected@2x.png ... 
2025-03-11 12:55:11 +0000  777 bytes for ./Payload/linphone.app/led_disconnected@2x.png
2025-03-11 12:55:11 +0000  copying file ./Payload/linphone.app/conference_schedule_time_default.png ... 
2025-03-11 12:55:11 +0000  442 bytes for ./Payload/linphone.app/conference_schedule_time_default.png
2025-03-11 12:55:11 +0000  copying file ./Payload/linphone.app/presence_online@2x.png ... 
2025-03-11 12:55:11 +0000  1109 bytes for ./Payload/linphone.app/presence_online@2x.png
2025-03-11 12:55:11 +0000  copying file ./Payload/linphone.app/delete_field_default@2x.png ... 
2025-03-11 12:55:11 +0000  1214 bytes for ./Payload/linphone.app/delete_field_default@2x.png
2025-03-11 12:55:11 +0000  copying file ./Payload/linphone.app/numpad_hash_default@2x.png ... 
2025-03-11 12:55:11 +0000  676 bytes for ./Payload/linphone.app/numpad_hash_default@2x.png
2025-03-11 12:55:11 +0000  copying file ./Payload/linphone.app/DropDownCell.nib ... 
2025-03-11 12:55:11 +0000  8085 bytes for ./Payload/linphone.app/DropDownCell.nib
2025-03-11 12:55:11 +0000  copying file ./Payload/linphone.app/numpad_7_over@2x.png ... 
2025-03-11 12:55:11 +0000  1113 bytes for ./Payload/linphone.app/numpad_7_over@2x.png
2025-03-11 12:55:11 +0000  copying file ./Payload/linphone.app/route_bluetooth_selected@2x.png ... 
2025-03-11 12:55:11 +0000  1248 bytes for ./Payload/linphone.app/route_bluetooth_selected@2x.png
2025-03-11 12:55:11 +0000  copying file ./Payload/linphone.app/call_quality_indicator_0.png ... 
2025-03-11 12:55:11 +0000  298 bytes for ./Payload/linphone.app/call_quality_indicator_0.png
2025-03-11 12:55:11 +0000  copying file ./Payload/linphone.app/UIDeviceCell.nib ... 
2025-03-11 12:55:11 +0000  3920 bytes for ./Payload/linphone.app/UIDeviceCell.nib
2025-03-11 12:55:11 +0000  copying file ./Payload/linphone.app/options_start_conference_disabled.png ... 
2025-03-11 12:55:11 +0000  869 bytes for ./Payload/linphone.app/options_start_conference_disabled.png
2025-03-11 12:55:11 +0000  copying file ./Payload/linphone.app/led_disconnected.png ... 
2025-03-11 12:55:11 +0000  402 bytes for ./Payload/linphone.app/led_disconnected.png
2025-03-11 12:55:11 +0000  copying file ./Payload/linphone.app/call_start_body_over~ipad.png ... 
2025-03-11 12:55:11 +0000  1400 bytes for ./Payload/linphone.app/call_start_body_over~ipad.png
2025-03-11 12:55:11 +0000  copying file ./Payload/linphone.app/numpad_4_over@2x.png ... 
2025-03-11 12:55:11 +0000  1059 bytes for ./Payload/linphone.app/numpad_4_over@2x.png
2025-03-11 12:55:11 +0000  copying file ./Payload/linphone.app/security_ok.png ... 
2025-03-11 12:55:11 +0000  483 bytes for ./Payload/linphone.app/security_ok.png
2025-03-11 12:55:11 +0000  copying file ./Payload/linphone.app/speaker_disabled.png ... 
2025-03-11 12:55:11 +0000  460 bytes for ./Payload/linphone.app/speaker_disabled.png
2025-03-11 12:55:11 +0000  copying file ./Payload/linphone.app/notes_of_the_optimistic.caf ... 
2025-03-11 12:55:11 +0000  182919 bytes for ./Payload/linphone.app/notes_of_the_optimistic.caf
2025-03-11 12:55:11 +0000  copying file ./Payload/linphone.app/menu_about.png ... 
2025-03-11 12:55:11 +0000  1088 bytes for ./Payload/linphone.app/menu_about.png
2025-03-11 12:55:11 +0000  copying file ./Payload/linphone.app/color_M.png ... 
2025-03-11 12:55:11 +0000  277 bytes for ./Payload/linphone.app/color_M.png
2025-03-11 12:55:11 +0000  copying file ./Payload/linphone.app/numpad_star_default.png ... 
2025-03-11 12:55:11 +0000  571 bytes for ./Payload/linphone.app/numpad_star_default.png
2025-03-11 12:55:11 +0000  copying file ./Payload/linphone.app/numpad_star~ipad@2x.png ... 
2025-03-11 12:55:11 +0000  610 bytes for ./Payload/linphone.app/numpad_star~ipad@2x.png
2025-03-11 12:55:11 +0000  copying file ./Payload/linphone.app/route_earpiece_disabled.png ... 
2025-03-11 12:55:11 +0000  555 bytes for ./Payload/linphone.app/route_earpiece_disabled.png
2025-03-11 12:55:11 +0000  copying file ./Payload/linphone.app/voip_call_participants.png ... 
2025-03-11 12:55:11 +0000  4358 bytes for ./Payload/linphone.app/voip_call_participants.png
2025-03-11 12:55:11 +0000  copying file ./Payload/linphone.app/call_status_missed~ipad@2x.png ... 
2025-03-11 12:55:11 +0000  1782 bytes for ./Payload/linphone.app/call_status_missed~ipad@2x.png
2025-03-11 12:55:11 +0000  copying file ./Payload/linphone.app/chat_read.png ... 
2025-03-11 12:55:11 +0000  859 bytes for ./Payload/linphone.app/chat_read.png
2025-03-11 12:55:11 +0000  copying file ./Payload/linphone.app/chat_group_avatar@2x.png ... 
2025-03-11 12:55:11 +0000  9330 bytes for ./Payload/linphone.app/chat_group_avatar@2x.png
2025-03-11 12:55:11 +0000  copying file ./Payload/linphone.app/voip_call_header_incoming.png ... 
2025-03-11 12:55:11 +0000  1309 bytes for ./Payload/linphone.app/voip_call_header_incoming.png
2025-03-11 12:55:11 +0000  copying file ./Payload/linphone.app/GoogleUtilities_GoogleUtilities-Environment.bundle/PrivacyInfo.xcprivacy ... 
2025-03-11 12:55:11 +0000  855 bytes for ./Payload/linphone.app/GoogleUtilities_GoogleUtilities-Environment.bundle/PrivacyInfo.xcprivacy
2025-03-11 12:55:11 +0000  copying file ./Payload/linphone.app/GoogleUtilities_GoogleUtilities-Environment.bundle/Info.plist ... 
2025-03-11 12:55:11 +0000  733 bytes for ./Payload/linphone.app/GoogleUtilities_GoogleUtilities-Environment.bundle/Info.plist
2025-03-11 12:55:11 +0000  copying file ./Payload/linphone.app/vr_stop.png ... 
2025-03-11 12:55:11 +0000  4072 bytes for ./Payload/linphone.app/vr_stop.png
2025-03-11 12:55:11 +0000  copying file ./Payload/linphone.app/chat_add_disabled.png ... 
2025-03-11 12:55:11 +0000  757 bytes for ./Payload/linphone.app/chat_add_disabled.png
2025-03-11 12:55:11 +0000  copying file ./Payload/linphone.app/select_all_disabled.png ... 
2025-03-11 12:55:11 +0000  430 bytes for ./Payload/linphone.app/select_all_disabled.png
2025-03-11 12:55:11 +0000  copying file ./Payload/linphone.app/micro_default@2x.png ... 
2025-03-11 12:55:11 +0000  2571 bytes for ./Payload/linphone.app/micro_default@2x.png
2025-03-11 12:55:11 +0000  copying file ./Payload/linphone.app/security_toogle_button.png ... 
2025-03-11 12:55:11 +0000  469 bytes for ./Payload/linphone.app/security_toogle_button.png
2025-03-11 12:55:11 +0000  copying file ./Payload/linphone.app/select_all_default@2x.png ... 
2025-03-11 12:55:11 +0000  1015 bytes for ./Payload/linphone.app/select_all_default@2x.png
2025-03-11 12:55:11 +0000  copying file ./Payload/linphone.app/ringback.wav ... 
2025-03-11 12:55:11 +0000  24620 bytes for ./Payload/linphone.app/ringback.wav
2025-03-11 12:55:11 +0000  copying file ./Payload/linphone.app/delete_default@2x.png ... 
2025-03-11 12:55:11 +0000  1363 bytes for ./Payload/linphone.app/delete_default@2x.png
2025-03-11 12:55:11 +0000  copying file ./Payload/linphone.app/fr.lproj/HistoryListView.strings ... 
2025-03-11 12:55:11 +0000  1856 bytes for ./Payload/linphone.app/fr.lproj/HistoryListView.strings
2025-03-11 12:55:11 +0000  copying file ./Payload/linphone.app/fr.lproj/RecordingsListView.strings ... 
2025-03-11 12:55:11 +0000  804 bytes for ./Payload/linphone.app/fr.lproj/RecordingsListView.strings
2025-03-11 12:55:11 +0000  copying file ./Payload/linphone.app/fr.lproj/ChatConversationCreateView.strings ... 
2025-03-11 12:55:11 +0000  1444 bytes for ./Payload/linphone.app/fr.lproj/ChatConversationCreateView.strings
2025-03-11 12:55:11 +0000  copying file ./Payload/linphone.app/fr.lproj/ChatConversationInfoView.strings ... 
2025-03-11 12:55:11 +0000  2860 bytes for ./Payload/linphone.app/fr.lproj/ChatConversationInfoView.strings
2025-03-11 12:55:11 +0000  copying file ./Payload/linphone.app/fr.lproj/AssistantLinkView.strings ... 
2025-03-11 12:55:11 +0000  7328 bytes for ./Payload/linphone.app/fr.lproj/AssistantLinkView.strings
2025-03-11 12:55:11 +0000  copying file ./Payload/linphone.app/fr.lproj/UIConfirmationDialog.strings ... 
2025-03-11 12:55:11 +0000  1070 bytes for ./Payload/linphone.app/fr.lproj/UIConfirmationDialog.strings
2025-03-11 12:55:11 +0000  copying file ./Payload/linphone.app/fr.lproj/SideMenuView~ipad.strings ... 
2025-03-11 12:55:11 +0000  478 bytes for ./Payload/linphone.app/fr.lproj/SideMenuView~ipad.strings
2025-03-11 12:55:11 +0000  copying file ./Payload/linphone.app/fr.lproj/AssistantViewScreens.strings ... 
2025-03-11 12:55:11 +0000  36298 bytes for ./Payload/linphone.app/fr.lproj/AssistantViewScreens.strings
2025-03-11 12:55:11 +0000  copying file ./Payload/linphone.app/fr.lproj/TabBarView.strings ... 
2025-03-11 12:55:11 +0000  3702 bytes for ./Payload/linphone.app/fr.lproj/TabBarView.strings
2025-03-11 12:55:11 +0000  copying file ./Payload/linphone.app/fr.lproj/UIChatConversationInfoTableViewCell.strings ... 
2025-03-11 12:55:11 +0000  648 bytes for ./Payload/linphone.app/fr.lproj/UIChatConversationInfoTableViewCell.strings
2025-03-11 12:55:11 +0000  copying file ./Payload/linphone.app/fr.lproj/AssistantView.strings ... 
2025-03-11 12:55:11 +0000  716 bytes for ./Payload/linphone.app/fr.lproj/AssistantView.strings
2025-03-11 12:55:11 +0000  copying file ./Payload/linphone.app/fr.lproj/UIChatBubbleTextCell.strings ... 
2025-03-11 12:55:11 +0000  740 bytes for ./Payload/linphone.app/fr.lproj/UIChatBubbleTextCell.strings
2025-03-11 12:55:11 +0000  copying file ./Payload/linphone.app/fr.lproj/ShopView.strings ... 
2025-03-11 12:55:11 +0000  482 bytes for ./Payload/linphone.app/fr.lproj/ShopView.strings
2025-03-11 12:55:11 +0000  copying file ./Payload/linphone.app/fr.lproj/ChatsListView.strings ... 
2025-03-11 12:55:11 +0000  1922 bytes for ./Payload/linphone.app/fr.lproj/ChatsListView.strings
2025-03-11 12:55:11 +0000  copying file ./Payload/linphone.app/fr.lproj/ImageView.strings ... 
2025-03-11 12:55:11 +0000  298 bytes for ./Payload/linphone.app/fr.lproj/ImageView.strings
2025-03-11 12:55:11 +0000  copying file ./Payload/linphone.app/fr.lproj/UIChatReplyBubbleView.strings ... 
2025-03-11 12:55:11 +0000  336 bytes for ./Payload/linphone.app/fr.lproj/UIChatReplyBubbleView.strings
2025-03-11 12:55:11 +0000  copying file ./Payload/linphone.app/fr.lproj/ChatConversationView.strings ... 
2025-03-11 12:55:11 +0000  7594 bytes for ./Payload/linphone.app/fr.lproj/ChatConversationView.strings
2025-03-11 12:55:11 +0000  copying file ./Payload/linphone.app/fr.lproj/UIChatCreateCell.strings ... 
2025-03-11 12:55:11 +0000  730 bytes for ./Payload/linphone.app/fr.lproj/UIChatCreateCell.strings
2025-03-11 12:55:11 +0000  copying file ./Payload/linphone.app/fr.lproj/UIChatConversationImdnTableViewCell.strings ... 
2025-03-11 12:55:11 +0000  722 bytes for ./Payload/linphone.app/fr.lproj/UIChatConversationImdnTableViewCell.strings
2025-03-11 12:55:11 +0000  copying file ./Payload/linphone.app/fr.lproj/CountryListView.strings ... 
2025-03-11 12:55:11 +0000  486 bytes for ./Payload/linphone.app/fr.lproj/CountryListView.strings
2025-03-11 12:55:11 +0000  copying file ./Payload/linphone.app/fr.lproj/FirstLoginView.strings ... 
2025-03-11 12:55:11 +0000  7398 bytes for ./Payload/linphone.app/fr.lproj/FirstLoginView.strings
2025-03-11 12:55:11 +0000  copying file ./Payload/linphone.app/fr.lproj/ChatConversationImdnView.strings ... 
2025-03-11 12:55:11 +0000  1800 bytes for ./Payload/linphone.app/fr.lproj/ChatConversationImdnView.strings
2025-03-11 12:55:11 +0000  copying file ./Payload/linphone.app/fr.lproj/ContactDetailsView.strings ... 
2025-03-11 12:55:11 +0000  2934 bytes for ./Payload/linphone.app/fr.lproj/ContactDetailsView.strings
2025-03-11 12:55:11 +0000  copying file ./Payload/linphone.app/fr.lproj/StatusBarView.strings ... 
2025-03-11 12:55:11 +0000  1076 bytes for ./Payload/linphone.app/fr.lproj/StatusBarView.strings
2025-03-11 12:55:11 +0000  copying file ./Payload/linphone.app/fr.lproj/PhoneMainView.strings ... 
2025-03-11 12:55:11 +0000  1 bytes for ./Payload/linphone.app/fr.lproj/PhoneMainView.strings
2025-03-11 12:55:11 +0000  copying file ./Payload/linphone.app/fr.lproj/Localizable.strings ... 
2025-03-11 12:55:11 +0000  52372 bytes for ./Payload/linphone.app/fr.lproj/Localizable.strings
2025-03-11 12:55:11 +0000  copying file ./Payload/linphone.app/fr.lproj/UIHistoryCell.strings ... 
2025-03-11 12:55:11 +0000  462 bytes for ./Payload/linphone.app/fr.lproj/UIHistoryCell.strings
2025-03-11 12:55:11 +0000  copying file ./Payload/linphone.app/fr.lproj/UICompositeView.strings ... 
2025-03-11 12:55:11 +0000  1 bytes for ./Payload/linphone.app/fr.lproj/UICompositeView.strings
2025-03-11 12:55:11 +0000  copying file ./Payload/linphone.app/fr.lproj/AboutView.strings ... 
2025-03-11 12:55:11 +0000  3994 bytes for ./Payload/linphone.app/fr.lproj/AboutView.strings
2025-03-11 12:55:11 +0000  copying file ./Payload/linphone.app/fr.lproj/ContactsListView.strings ... 
2025-03-11 12:55:11 +0000  2276 bytes for ./Payload/linphone.app/fr.lproj/ContactsListView.strings
2025-03-11 12:55:11 +0000  copying file ./Payload/linphone.app/fr.lproj/SettingsView.strings ... 
2025-03-11 12:55:11 +0000  748 bytes for ./Payload/linphone.app/fr.lproj/SettingsView.strings
2025-03-11 12:55:11 +0000  copying file ./Payload/linphone.app/fr.lproj/UIChatBubblePhotoCell.strings ... 
2025-03-11 12:55:11 +0000  3220 bytes for ./Payload/linphone.app/fr.lproj/UIChatBubblePhotoCell.strings
2025-03-11 12:55:11 +0000  copying file ./Payload/linphone.app/fr.lproj/SideMenuView.strings ... 
2025-03-11 12:55:11 +0000  478 bytes for ./Payload/linphone.app/fr.lproj/SideMenuView.strings
2025-03-11 12:55:11 +0000  copying file ./Payload/linphone.app/fr.lproj/UIContactDetailsCell.strings ... 
2025-03-11 12:55:11 +0000  1502 bytes for ./Payload/linphone.app/fr.lproj/UIContactDetailsCell.strings
2025-03-11 12:55:11 +0000  copying file ./Payload/linphone.app/fr.lproj/UICompositeView~ipad.strings ... 
2025-03-11 12:55:11 +0000  1 bytes for ./Payload/linphone.app/fr.lproj/UICompositeView~ipad.strings
2025-03-11 12:55:11 +0000  copying file ./Payload/linphone.app/fr.lproj/DialerView.strings ... 
2025-03-11 12:55:11 +0000  3764 bytes for ./Payload/linphone.app/fr.lproj/DialerView.strings
2025-03-11 12:55:11 +0000  copying file ./Payload/linphone.app/fr.lproj/DialerView~ipad.strings ... 
2025-03-11 12:55:11 +0000  8646 bytes for ./Payload/linphone.app/fr.lproj/DialerView~ipad.strings
2025-03-11 12:55:11 +0000  copying file ./Payload/linphone.app/fr.lproj/UIChatCell.strings ... 
2025-03-11 12:55:11 +0000  1552 bytes for ./Payload/linphone.app/fr.lproj/UIChatCell.strings
2025-03-11 12:55:11 +0000  copying file ./Payload/linphone.app/fr.lproj/UIContactCell.strings ... 
2025-03-11 12:55:11 +0000  390 bytes for ./Payload/linphone.app/fr.lproj/UIContactCell.strings
2025-03-11 12:55:11 +0000  copying file ./Payload/linphone.app/fr.lproj/HistoryDetailsView.strings ... 
2025-03-11 12:55:11 +0000  5220 bytes for ./Payload/linphone.app/fr.lproj/HistoryDetailsView.strings
2025-03-11 12:55:11 +0000  copying file ./Payload/linphone.app/voip_meeting_schedule.png ... 
2025-03-11 12:55:11 +0000  3759 bytes for ./Payload/linphone.app/voip_meeting_schedule.png
2025-03-11 12:55:11 +0000  copying file ./Payload/linphone.app/voip_micro_on.png ... 
2025-03-11 12:55:11 +0000  3030 bytes for ./Payload/linphone.app/voip_micro_on.png
2025-03-11 12:55:11 +0000  copying file ./Payload/linphone.app/cancel_edit_disabled@2x.png ... 
2025-03-11 12:55:11 +0000  1051 bytes for ./Payload/linphone.app/cancel_edit_disabled@2x.png
2025-03-11 12:55:11 +0000  copying file ./Payload/linphone.app/history_all_disabled.png ... 
2025-03-11 12:55:11 +0000  859 bytes for ./Payload/linphone.app/history_all_disabled.png
2025-03-11 12:55:11 +0000  copying file ./Payload/linphone.app/color_L.png ... 
2025-03-11 12:55:11 +0000  277 bytes for ./Payload/linphone.app/color_L.png
2025-03-11 12:55:11 +0000  copying file ./Payload/linphone.app/call_quality_indicator_1@2x.png ... 
2025-03-11 12:55:11 +0000  729 bytes for ./Payload/linphone.app/call_quality_indicator_1@2x.png
2025-03-11 12:55:11 +0000  copying file ./Payload/linphone.app/chat_start_body_default.png ... 
2025-03-11 12:55:11 +0000  1684 bytes for ./Payload/linphone.app/chat_start_body_default.png
2025-03-11 12:55:11 +0000  copying file ./Payload/linphone.app/numpad_6_default@2x.png ... 
2025-03-11 12:55:11 +0000  2091 bytes for ./Payload/linphone.app/numpad_6_default@2x.png
2025-03-11 12:55:11 +0000  copying file ./Payload/linphone.app/nl.lproj/Localizable.strings ... 
2025-03-11 12:55:11 +0000  18681 bytes for ./Payload/linphone.app/nl.lproj/Localizable.strings
2025-03-11 12:55:11 +0000  copying file ./Payload/linphone.app/menu_security_default.png ... 
2025-03-11 12:55:11 +0000  3035 bytes for ./Payload/linphone.app/menu_security_default.png
2025-03-11 12:55:11 +0000  copying file ./Payload/linphone.app/contacts_sip_selected.png ... 
2025-03-11 12:55:11 +0000  1472 bytes for ./Payload/linphone.app/contacts_sip_selected.png
2025-03-11 12:55:11 +0000  copying file ./Payload/linphone.app/numpad_4_over.png ... 
2025-03-11 12:55:11 +0000  560 bytes for ./Payload/linphone.app/numpad_4_over.png
copying file ./Payload/linphone.app/presence_away@2x.png ... 
2025-03-11 12:55:11 +0000  1126 bytes for ./Payload/linphone.app/presence_away@2x.png
copying file ./Payload/linphone.app/route_bluetooth_selected.png ... 
2025-03-11 12:55:11 +0000  704 bytes for ./Payload/linphone.app/route_bluetooth_selected.png
2025-03-11 12:55:11 +0000  copying file ./Payload/linphone.app/numpad_5_over.png ... 
2025-03-11 12:55:11 +0000  773 bytes for ./Payload/linphone.app/numpad_5_over.png
2025-03-11 12:55:11 +0000  copying file ./Payload/linphone.app/numpad_2~ipad@2x.png ... 
2025-03-11 12:55:11 +0000  718 bytes for ./Payload/linphone.app/numpad_2~ipad@2x.png
copying file ./Payload/linphone.app/numpad_2_default.png ... 
2025-03-11 12:55:11 +0000  683 bytes for ./Payload/linphone.app/numpad_2_default.png
copying file ./Payload/linphone.app/chat_send_disabled@2x.png ... 
2025-03-11 12:55:11 +0000  1764 bytes for ./Payload/linphone.app/chat_send_disabled@2x.png
2025-03-11 12:55:11 +0000  copying file ./Payload/linphone.app/call_back_default.png ... 
2025-03-11 12:55:11 +0000  1489 bytes for ./Payload/linphone.app/call_back_default.png
2025-03-11 12:55:11 +0000  copying file ./Payload/linphone.app/presence_offline.png ... 
2025-03-11 12:55:11 +0000  252 bytes for ./Payload/linphone.app/presence_offline.png
2025-03-11 12:55:11 +0000  copying file ./Payload/linphone.app/more_menu_default.png ... 
2025-03-11 12:55:11 +0000  1877 bytes for ./Payload/linphone.app/more_menu_default.png
2025-03-11 12:55:11 +0000  copying file ./Payload/linphone.app/history_missed_disabled.png ... 
2025-03-11 12:55:11 +0000  746 bytes for ./Payload/linphone.app/history_missed_disabled.png
2025-03-11 12:55:11 +0000  copying file ./Payload/linphone.app/edit_default@2x.png ... 
2025-03-11 12:55:11 +0000  1458 bytes for ./Payload/linphone.app/edit_default@2x.png
2025-03-11 12:55:11 +0000  copying file ./Payload/linphone.app/pause_small_default@2x.png ... 
2025-03-11 12:55:11 +0000  1891 bytes for ./Payload/linphone.app/pause_small_default@2x.png
2025-03-11 12:55:11 +0000  copying file ./Payload/linphone.app/led_inprogress@2x.png ... 
2025-03-11 12:55:11 +0000  797 bytes for ./Payload/linphone.app/led_inprogress@2x.png
2025-03-11 12:55:11 +0000  copying file ./Payload/linphone.app/UILinphoneAudioPlayer.nib ... 
2025-03-11 12:55:11 +0000  4446 bytes for ./Payload/linphone.app/UILinphoneAudioPlayer.nib
2025-03-11 12:55:11 +0000  copying file ./Payload/linphone.app/chat_attachment_over.png ... 
2025-03-11 12:55:11 +0000  1187 bytes for ./Payload/linphone.app/chat_attachment_over.png
2025-03-11 12:55:11 +0000  copying file ./Payload/linphone.app/numpad_1_over~ipad@2x.png ... 
2025-03-11 12:55:11 +0000  998 bytes for ./Payload/linphone.app/numpad_1_over~ipad@2x.png
2025-03-11 12:55:11 +0000  copying file ./Payload/linphone.app/Roboto-Italic.ttf ... 
2025-03-11 12:55:11 +0000  329008 bytes for ./Payload/linphone.app/Roboto-Italic.ttf
2025-03-11 12:55:11 +0000  copying file ./Payload/linphone.app/contact_add_default@2x.png ... 
2025-03-11 12:55:11 +0000  2515 bytes for ./Payload/linphone.app/contact_add_default@2x.png
2025-03-11 12:55:11 +0000  copying file ./Payload/linphone.app/contacts_all_disabled.png ... 
2025-03-11 12:55:11 +0000  698 bytes for ./Payload/linphone.app/contacts_all_disabled.png
2025-03-11 12:55:11 +0000  copying file ./Payload/linphone.app/edit_disabled@2x.png ... 
2025-03-11 12:55:11 +0000  879 bytes for ./Payload/linphone.app/edit_disabled@2x.png
copying file ./Payload/linphone.app/options_start_conference_disabled@2x.png ... 
2025-03-11 12:55:11 +0000  1829 bytes for ./Payload/linphone.app/options_start_conference_disabled@2x.png
2025-03-11 12:55:11 +0000  copying file ./Payload/linphone.app/chat_add_group.png ... 
2025-03-11 12:55:11 +0000  1710 bytes for ./Payload/linphone.app/chat_add_group.png
2025-03-11 12:55:11 +0000  copying file ./Payload/linphone.app/call_hangup_disabled.png ... 
2025-03-11 12:55:11 +0000  637 bytes for ./Payload/linphone.app/call_hangup_disabled.png
copying file ./Payload/linphone.app/LICENSE.txt ... 
2025-03-11 12:55:11 +0000  856 bytes for ./Payload/linphone.app/LICENSE.txt
2025-03-11 12:55:11 +0000  copying file ./Payload/linphone.app/numpad_6_over~ipad.png ... 
2025-03-11 12:55:11 +0000  550 bytes for ./Payload/linphone.app/numpad_6_over~ipad.png
2025-03-11 12:55:11 +0000  copying file ./Payload/linphone.app/chat_list_indicator.png ... 
2025-03-11 12:55:11 +0000  519 bytes for ./Payload/linphone.app/chat_list_indicator.png
2025-03-11 12:55:11 +0000  copying file ./Payload/linphone.app/Frameworks/grpcpp.framework/_CodeSignature/CodeResources ... 
2025-03-11 12:55:11 +0000  2296 bytes for ./Payload/linphone.app/Frameworks/grpcpp.framework/_CodeSignature/CodeResources
2025-03-11 12:55:11 +0000  copying file ./Payload/linphone.app/Frameworks/grpcpp.framework/grpcpp ... 
2025-03-11 12:55:11 +0000  51456 bytes for ./Payload/linphone.app/Frameworks/grpcpp.framework/grpcpp
2025-03-11 12:55:11 +0000  copying file ./Payload/linphone.app/Frameworks/grpcpp.framework/grpcpp.bundle/PrivacyInfo.xcprivacy ... 
2025-03-11 12:55:11 +0000  599 bytes for ./Payload/linphone.app/Frameworks/grpcpp.framework/grpcpp.bundle/PrivacyInfo.xcprivacy
2025-03-11 12:55:11 +0000  copying file ./Payload/linphone.app/Frameworks/grpcpp.framework/grpcpp.bundle/Info.plist ... 
2025-03-11 12:55:11 +0000  759 bytes for ./Payload/linphone.app/Frameworks/grpcpp.framework/grpcpp.bundle/Info.plist
2025-03-11 12:55:11 +0000  copying file ./Payload/linphone.app/Frameworks/grpcpp.framework/Info.plist ... 
2025-03-11 12:55:11 +0000  1509 bytes for ./Payload/linphone.app/Frameworks/grpcpp.framework/Info.plist
2025-03-11 12:55:11 +0000  copying file ./Payload/linphone.app/Frameworks/belr.framework/_CodeSignature/CodeResources ... 
2025-03-11 12:55:11 +0000  1798 bytes for ./Payload/linphone.app/Frameworks/belr.framework/_CodeSignature/CodeResources
2025-03-11 12:55:11 +0000  copying file ./Payload/linphone.app/Frameworks/belr.framework/belr ... 
2025-03-11 12:55:11 +0000  557328 bytes for ./Payload/linphone.app/Frameworks/belr.framework/belr
copying file ./Payload/linphone.app/Frameworks/belr.framework/Info.plist ... 
2025-03-11 12:55:11 +0000  1193 bytes for ./Payload/linphone.app/Frameworks/belr.framework/Info.plist
2025-03-11 12:55:11 +0000  copying file ./Payload/linphone.app/Frameworks/linphonesw.framework/_CodeSignature/CodeResources ... 
2025-03-11 12:55:11 +0000  1798 bytes for ./Payload/linphone.app/Frameworks/linphonesw.framework/_CodeSignature/CodeResources
2025-03-11 12:55:11 +0000  copying file ./Payload/linphone.app/Frameworks/linphonesw.framework/linphonesw ... 
2025-03-11 12:55:11 +0000  2731616 bytes for ./Payload/linphone.app/Frameworks/linphonesw.framework/linphonesw
copying file ./Payload/linphone.app/Frameworks/linphonesw.framework/Info.plist ... 
2025-03-11 12:55:11 +0000  793 bytes for ./Payload/linphone.app/Frameworks/linphonesw.framework/Info.plist
2025-03-11 12:55:11 +0000  copying file ./Payload/linphone.app/Frameworks/mediastreamer2.framework/_CodeSignature/CodeResources ... 
2025-03-11 12:55:11 +0000  1798 bytes for ./Payload/linphone.app/Frameworks/mediastreamer2.framework/_CodeSignature/CodeResources
copying file ./Payload/linphone.app/Frameworks/mediastreamer2.framework/mediastreamer2 ... 
2025-03-11 12:55:11 +0000  10285296 bytes for ./Payload/linphone.app/Frameworks/mediastreamer2.framework/mediastreamer2
copying file ./Payload/linphone.app/Frameworks/mediastreamer2.framework/Info.plist ... 
2025-03-11 12:55:11 +0000  1307 bytes for ./Payload/linphone.app/Frameworks/mediastreamer2.framework/Info.plist
2025-03-11 12:55:11 +0000  copying file ./Payload/linphone.app/Frameworks/msopenh264.framework/_CodeSignature/CodeResources ... 
2025-03-11 12:55:11 +0000  1798 bytes for ./Payload/linphone.app/Frameworks/msopenh264.framework/_CodeSignature/CodeResources
copying file ./Payload/linphone.app/Frameworks/msopenh264.framework/msopenh264 ... 
2025-03-11 12:55:11 +0000  51952 bytes for ./Payload/linphone.app/Frameworks/msopenh264.framework/msopenh264
copying file ./Payload/linphone.app/Frameworks/msopenh264.framework/Info.plist ... 
2025-03-11 12:55:11 +0000  1213 bytes for ./Payload/linphone.app/Frameworks/msopenh264.framework/Info.plist
2025-03-11 12:55:11 +0000  copying file ./Payload/linphone.app/Frameworks/bctoolbox.framework/_CodeSignature/CodeResources ... 
2025-03-11 12:55:11 +0000  1798 bytes for ./Payload/linphone.app/Frameworks/bctoolbox.framework/_CodeSignature/CodeResources
2025-03-11 12:55:11 +0000  copying file ./Payload/linphone.app/Frameworks/bctoolbox.framework/bctoolbox ... 
2025-03-11 12:55:11 +0000  1542336 bytes for ./Payload/linphone.app/Frameworks/bctoolbox.framework/bctoolbox
copying file ./Payload/linphone.app/Frameworks/bctoolbox.framework/Info.plist ... 
2025-03-11 12:55:11 +0000  1211 bytes for ./Payload/linphone.app/Frameworks/bctoolbox.framework/Info.plist
2025-03-11 12:55:11 +0000  copying file ./Payload/linphone.app/Frameworks/mswebrtc.framework/_CodeSignature/CodeResources ... 
2025-03-11 12:55:11 +0000  1798 bytes for ./Payload/linphone.app/Frameworks/mswebrtc.framework/_CodeSignature/CodeResources
copying file ./Payload/linphone.app/Frameworks/mswebrtc.framework/mswebrtc ... 
2025-03-11 12:55:11 +0000  534576 bytes for ./Payload/linphone.app/Frameworks/mswebrtc.framework/mswebrtc
copying file ./Payload/linphone.app/Frameworks/mswebrtc.framework/Info.plist ... 
2025-03-11 12:55:11 +0000  1209 bytes for ./Payload/linphone.app/Frameworks/mswebrtc.framework/Info.plist
copying file ./Payload/linphone.app/Frameworks/libswift_Concurrency.dylib ... 
2025-03-11 12:55:11 +0000  557584 bytes for ./Payload/linphone.app/Frameworks/libswift_Concurrency.dylib
2025-03-11 12:55:11 +0000  copying file ./Payload/linphone.app/Frameworks/SVProgressHUD.framework/_CodeSignature/CodeResources ... 
2025-03-11 12:55:11 +0000  5070 bytes for ./Payload/linphone.app/Frameworks/SVProgressHUD.framework/_CodeSignature/CodeResources
copying file ./Payload/linphone.app/Frameworks/SVProgressHUD.framework/SVProgressHUD ... 
2025-03-11 12:55:11 +0000  195648 bytes for ./Payload/linphone.app/Frameworks/SVProgressHUD.framework/SVProgressHUD
copying file ./Payload/linphone.app/Frameworks/SVProgressHUD.framework/PrivacyInfo.xcprivacy ... 
2025-03-11 12:55:11 +0000  373 bytes for ./Payload/linphone.app/Frameworks/SVProgressHUD.framework/PrivacyInfo.xcprivacy
2025-03-11 12:55:11 +0000  copying file ./Payload/linphone.app/Frameworks/SVProgressHUD.framework/SVProgressHUD.bundle/info.png ... 
2025-03-11 12:55:11 +0000  365 bytes for ./Payload/linphone.app/Frameworks/SVProgressHUD.framework/SVProgressHUD.bundle/info.png
copying file ./Payload/linphone.app/Frameworks/SVProgressHUD.framework/SVProgressHUD.bundle/error@3x.png ... 
2025-03-11 12:55:11 +0000  398 bytes for ./Payload/linphone.app/Frameworks/SVProgressHUD.framework/SVProgressHUD.bundle/error@3x.png
copying file ./Payload/linphone.app/Frameworks/SVProgressHUD.framework/SVProgressHUD.bundle/angle-mask@3x.png ... 
2025-03-11 12:55:11 +0000  8319 bytes for ./Payload/linphone.app/Frameworks/SVProgressHUD.framework/SVProgressHUD.bundle/angle-mask@3x.png
copying file ./Payload/linphone.app/Frameworks/SVProgressHUD.framework/SVProgressHUD.bundle/angle-mask@2x.png ... 
2025-03-11 12:55:11 +0000  4893 bytes for ./Payload/linphone.app/Frameworks/SVProgressHUD.framework/SVProgressHUD.bundle/angle-mask@2x.png
2025-03-11 12:55:11 +0000  copying file ./Payload/linphone.app/Frameworks/SVProgressHUD.framework/SVProgressHUD.bundle/error@2x.png ... 
2025-03-11 12:55:11 +0000  306 bytes for ./Payload/linphone.app/Frameworks/SVProgressHUD.framework/SVProgressHUD.bundle/error@2x.png
2025-03-11 12:55:11 +0000  copying file ./Payload/linphone.app/Frameworks/SVProgressHUD.framework/SVProgressHUD.bundle/info@3x.png ... 
2025-03-11 12:55:11 +0000  1200 bytes for ./Payload/linphone.app/Frameworks/SVProgressHUD.framework/SVProgressHUD.bundle/info@3x.png
copying file ./Payload/linphone.app/Frameworks/SVProgressHUD.framework/SVProgressHUD.bundle/success@2x.png ... 
2025-03-11 12:55:11 +0000  462 bytes for ./Payload/linphone.app/Frameworks/SVProgressHUD.framework/SVProgressHUD.bundle/success@2x.png
2025-03-11 12:55:11 +0000  copying file ./Payload/linphone.app/Frameworks/SVProgressHUD.framework/SVProgressHUD.bundle/success@3x.png ... 
2025-03-11 12:55:11 +0000  714 bytes for ./Payload/linphone.app/Frameworks/SVProgressHUD.framework/SVProgressHUD.bundle/success@3x.png
2025-03-11 12:55:11 +0000  copying file ./Payload/linphone.app/Frameworks/SVProgressHUD.framework/SVProgressHUD.bundle/info@2x.png ... 
2025-03-11 12:55:11 +0000  816 bytes for ./Payload/linphone.app/Frameworks/SVProgressHUD.framework/SVProgressHUD.bundle/info@2x.png
copying file ./Payload/linphone.app/Frameworks/SVProgressHUD.framework/SVProgressHUD.bundle/error.png ... 
2025-03-11 12:55:11 +0000  184 bytes for ./Payload/linphone.app/Frameworks/SVProgressHUD.framework/SVProgressHUD.bundle/error.png
2025-03-11 12:55:11 +0000  copying file ./Payload/linphone.app/Frameworks/SVProgressHUD.framework/SVProgressHUD.bundle/success.png ... 
2025-03-11 12:55:11 +0000  262 bytes for ./Payload/linphone.app/Frameworks/SVProgressHUD.framework/SVProgressHUD.bundle/success.png
2025-03-11 12:55:11 +0000  copying file ./Payload/linphone.app/Frameworks/SVProgressHUD.framework/SVProgressHUD.bundle/angle-mask.png ... 
2025-03-11 12:55:11 +0000  1845 bytes for ./Payload/linphone.app/Frameworks/SVProgressHUD.framework/SVProgressHUD.bundle/angle-mask.png
2025-03-11 12:55:11 +0000  copying file ./Payload/linphone.app/Frameworks/SVProgressHUD.framework/Info.plist ... 
2025-03-11 12:55:11 +0000  798 bytes for ./Payload/linphone.app/Frameworks/SVProgressHUD.framework/Info.plist
2025-03-11 12:55:11 +0000  copying file ./Payload/linphone.app/Frameworks/msamr.framework/_CodeSignature/CodeResources ... 
2025-03-11 12:55:11 +0000  1798 bytes for ./Payload/linphone.app/Frameworks/msamr.framework/_CodeSignature/CodeResources
2025-03-11 12:55:11 +0000  copying file ./Payload/linphone.app/Frameworks/msamr.framework/msamr ... 
2025-03-11 12:55:11 +0000  51936 bytes for ./Payload/linphone.app/Frameworks/msamr.framework/msamr
copying file ./Payload/linphone.app/Frameworks/msamr.framework/Info.plist ... 
2025-03-11 12:55:11 +0000  1203 bytes for ./Payload/linphone.app/Frameworks/msamr.framework/Info.plist
2025-03-11 12:55:11 +0000  copying file ./Payload/linphone.app/Frameworks/belle-sip.framework/_CodeSignature/CodeResources ... 
2025-03-11 12:55:11 +0000  2014 bytes for ./Payload/linphone.app/Frameworks/belle-sip.framework/_CodeSignature/CodeResources
2025-03-11 12:55:11 +0000  copying file ./Payload/linphone.app/Frameworks/belle-sip.framework/sdp_grammar ... 
2025-03-11 12:55:11 +0000  11694 bytes for ./Payload/linphone.app/Frameworks/belle-sip.framework/sdp_grammar
copying file ./Payload/linphone.app/Frameworks/belle-sip.framework/belle-sip ... 
2025-03-11 12:55:11 +0000  3606528 bytes for ./Payload/linphone.app/Frameworks/belle-sip.framework/belle-sip
2025-03-11 12:55:11 +0000  copying file ./Payload/linphone.app/Frameworks/belle-sip.framework/Info.plist ... 
1211 bytes for ./Payload/linphone.app/Frameworks/belle-sip.framework/Info.plist
2025-03-11 12:55:11 +0000  copying file ./Payload/linphone.app/Frameworks/linphonetester.framework/_CodeSignature/CodeResources ... 
2025-03-11 12:55:11 +0000  2238 bytes for ./Payload/linphone.app/Frameworks/linphonetester.framework/_CodeSignature/CodeResources
copying file ./Payload/linphone.app/Frameworks/linphonetester.framework/linphonetester ... 
2025-03-11 12:55:12 +0000  6333296 bytes for ./Payload/linphone.app/Frameworks/linphonetester.framework/linphonetester
2025-03-11 12:55:12 +0000  copying file ./Payload/linphone.app/Frameworks/linphonetester.framework/local_tester_hosts ... 
796 bytes for ./Payload/linphone.app/Frameworks/linphonetester.framework/local_tester_hosts
2025-03-11 12:55:12 +0000  copying file ./Payload/linphone.app/Frameworks/linphonetester.framework/tester_hosts ... 
2025-03-11 12:55:12 +0000  820 bytes for ./Payload/linphone.app/Frameworks/linphonetester.framework/tester_hosts
2025-03-11 12:55:12 +0000  copying file ./Payload/linphone.app/Frameworks/linphonetester.framework/Info.plist ... 
2025-03-11 12:55:12 +0000  1325 bytes for ./Payload/linphone.app/Frameworks/linphonetester.framework/Info.plist
2025-03-11 12:55:12 +0000  copying file ./Payload/linphone.app/Frameworks/SwipeCellKit.framework/_CodeSignature/CodeResources ... 
2025-03-11 12:55:12 +0000  1798 bytes for ./Payload/linphone.app/Frameworks/SwipeCellKit.framework/_CodeSignature/CodeResources
2025-03-11 12:55:12 +0000  copying file ./Payload/linphone.app/Frameworks/SwipeCellKit.framework/SwipeCellKit ... 
2025-03-11 12:55:12 +0000  520016 bytes for ./Payload/linphone.app/Frameworks/SwipeCellKit.framework/SwipeCellKit
copying file ./Payload/linphone.app/Frameworks/SwipeCellKit.framework/Info.plist ... 
2025-03-11 12:55:12 +0000  796 bytes for ./Payload/linphone.app/Frameworks/SwipeCellKit.framework/Info.plist
2025-03-11 12:55:12 +0000  copying file ./Payload/linphone.app/Frameworks/DropDown.framework/_CodeSignature/CodeResources ... 
2025-03-11 12:55:12 +0000  2024 bytes for ./Payload/linphone.app/Frameworks/DropDown.framework/_CodeSignature/CodeResources
copying file ./Payload/linphone.app/Frameworks/DropDown.framework/DropDown ... 
2025-03-11 12:55:12 +0000  326784 bytes for ./Payload/linphone.app/Frameworks/DropDown.framework/DropDown
copying file ./Payload/linphone.app/Frameworks/DropDown.framework/DropDownCell.nib ... 
2025-03-11 12:55:12 +0000  2547 bytes for ./Payload/linphone.app/Frameworks/DropDown.framework/DropDownCell.nib
2025-03-11 12:55:12 +0000  copying file ./Payload/linphone.app/Frameworks/DropDown.framework/Info.plist ... 
2025-03-11 12:55:12 +0000  789 bytes for ./Payload/linphone.app/Frameworks/DropDown.framework/Info.plist
2025-03-11 12:55:12 +0000  copying file ./Payload/linphone.app/Frameworks/FirebaseFirestoreInternal.framework/_CodeSignature/CodeResources ... 
2025-03-11 12:55:12 +0000  2404 bytes for ./Payload/linphone.app/Frameworks/FirebaseFirestoreInternal.framework/_CodeSignature/CodeResources
2025-03-11 12:55:12 +0000  copying file ./Payload/linphone.app/Frameworks/FirebaseFirestoreInternal.framework/FirebaseFirestoreInternal ... 
2025-03-11 12:55:12 +0000  51488 bytes for ./Payload/linphone.app/Frameworks/FirebaseFirestoreInternal.framework/FirebaseFirestoreInternal
2025-03-11 12:55:12 +0000  copying file ./Payload/linphone.app/Frameworks/FirebaseFirestoreInternal.framework/FirebaseFirestoreInternal_Privacy.bundle/PrivacyInfo.xcprivacy ... 
2025-03-11 12:55:12 +0000  1105 bytes for ./Payload/linphone.app/Frameworks/FirebaseFirestoreInternal.framework/FirebaseFirestoreInternal_Privacy.bundle/PrivacyInfo.xcprivacy
2025-03-11 12:55:12 +0000  copying file ./Payload/linphone.app/Frameworks/FirebaseFirestoreInternal.framework/FirebaseFirestoreInternal_Privacy.bundle/Info.plist ... 
2025-03-11 12:55:12 +0000  815 bytes for ./Payload/linphone.app/Frameworks/FirebaseFirestoreInternal.framework/FirebaseFirestoreInternal_Privacy.bundle/Info.plist
2025-03-11 12:55:12 +0000  copying file ./Payload/linphone.app/Frameworks/FirebaseFirestoreInternal.framework/Info.plist ... 
2025-03-11 12:55:12 +0000  1566 bytes for ./Payload/linphone.app/Frameworks/FirebaseFirestoreInternal.framework/Info.plist
2025-03-11 12:55:12 +0000  copying file ./Payload/linphone.app/Frameworks/bctoolbox-tester.framework/_CodeSignature/CodeResources ... 
2025-03-11 12:55:12 +0000  1798 bytes for ./Payload/linphone.app/Frameworks/bctoolbox-tester.framework/_CodeSignature/CodeResources
2025-03-11 12:55:12 +0000  copying file ./Payload/linphone.app/Frameworks/bctoolbox-tester.framework/bctoolbox-tester ... 
2025-03-11 12:55:12 +0000  132816 bytes for ./Payload/linphone.app/Frameworks/bctoolbox-tester.framework/bctoolbox-tester
copying file ./Payload/linphone.app/Frameworks/bctoolbox-tester.framework/Info.plist ... 
2025-03-11 12:55:12 +0000  1242 bytes for ./Payload/linphone.app/Frameworks/bctoolbox-tester.framework/Info.plist
2025-03-11 12:55:12 +0000  copying file ./Payload/linphone.app/Frameworks/ortp.framework/_CodeSignature/CodeResources ... 
2025-03-11 12:55:12 +0000  1798 bytes for ./Payload/linphone.app/Frameworks/ortp.framework/_CodeSignature/CodeResources
2025-03-11 12:55:12 +0000  copying file ./Payload/linphone.app/Frameworks/ortp.framework/ortp ... 
2025-03-11 12:55:12 +0000  334160 bytes for ./Payload/linphone.app/Frameworks/ortp.framework/ortp
copying file ./Payload/linphone.app/Frameworks/ortp.framework/Info.plist ... 
2025-03-11 12:55:12 +0000  1201 bytes for ./Payload/linphone.app/Frameworks/ortp.framework/Info.plist
2025-03-11 12:55:12 +0000  copying file ./Payload/linphone.app/Frameworks/IQKeyboardManager.framework/_CodeSignature/CodeResources ... 
2025-03-11 12:55:12 +0000  2340 bytes for ./Payload/linphone.app/Frameworks/IQKeyboardManager.framework/_CodeSignature/CodeResources
2025-03-11 12:55:12 +0000  copying file ./Payload/linphone.app/Frameworks/IQKeyboardManager.framework/IQKeyboardManager.bundle/PrivacyInfo.xcprivacy ... 
2025-03-11 12:55:12 +0000  373 bytes for ./Payload/linphone.app/Frameworks/IQKeyboardManager.framework/IQKeyboardManager.bundle/PrivacyInfo.xcprivacy
2025-03-11 12:55:12 +0000  copying file ./Payload/linphone.app/Frameworks/IQKeyboardManager.framework/IQKeyboardManager.bundle/Info.plist ... 
2025-03-11 12:55:12 +0000  784 bytes for ./Payload/linphone.app/Frameworks/IQKeyboardManager.framework/IQKeyboardManager.bundle/Info.plist
2025-03-11 12:55:12 +0000  copying file ./Payload/linphone.app/Frameworks/IQKeyboardManager.framework/IQKeyboardManager ... 
2025-03-11 12:55:12 +0000  327056 bytes for ./Payload/linphone.app/Frameworks/IQKeyboardManager.framework/IQKeyboardManager
copying file ./Payload/linphone.app/Frameworks/IQKeyboardManager.framework/Info.plist ... 
2025-03-11 12:55:12 +0000  809 bytes for ./Payload/linphone.app/Frameworks/IQKeyboardManager.framework/Info.plist
2025-03-11 12:55:12 +0000  copying file ./Payload/linphone.app/Frameworks/limetester.framework/_CodeSignature/CodeResources ... 
2025-03-11 12:55:12 +0000  1798 bytes for ./Payload/linphone.app/Frameworks/limetester.framework/_CodeSignature/CodeResources
2025-03-11 12:55:12 +0000  copying file ./Payload/linphone.app/Frameworks/limetester.framework/limetester ... 
2025-03-11 12:55:12 +0000  1162080 bytes for ./Payload/linphone.app/Frameworks/limetester.framework/limetester
copying file ./Payload/linphone.app/Frameworks/limetester.framework/Info.plist ... 
2025-03-11 12:55:12 +0000  1230 bytes for ./Payload/linphone.app/Frameworks/limetester.framework/Info.plist
2025-03-11 12:55:12 +0000  copying file ./Payload/linphone.app/Frameworks/mscodec2.framework/_CodeSignature/CodeResources ... 
2025-03-11 12:55:12 +0000  1798 bytes for ./Payload/linphone.app/Frameworks/mscodec2.framework/_CodeSignature/CodeResources
copying file ./Payload/linphone.app/Frameworks/mscodec2.framework/mscodec2 ... 
2025-03-11 12:55:12 +0000  51936 bytes for ./Payload/linphone.app/Frameworks/mscodec2.framework/mscodec2
copying file ./Payload/linphone.app/Frameworks/mscodec2.framework/Info.plist ... 
2025-03-11 12:55:12 +0000  1209 bytes for ./Payload/linphone.app/Frameworks/mscodec2.framework/Info.plist
2025-03-11 12:55:12 +0000  copying file ./Payload/linphone.app/Frameworks/grpc.framework/_CodeSignature/CodeResources ... 
2025-03-11 12:55:12 +0000  2288 bytes for ./Payload/linphone.app/Frameworks/grpc.framework/_CodeSignature/CodeResources
2025-03-11 12:55:12 +0000  copying file ./Payload/linphone.app/Frameworks/grpc.framework/grpc ... 
2025-03-11 12:55:12 +0000  51456 bytes for ./Payload/linphone.app/Frameworks/grpc.framework/grpc
2025-03-11 12:55:12 +0000  copying file ./Payload/linphone.app/Frameworks/grpc.framework/grpc.bundle/PrivacyInfo.xcprivacy ... 
2025-03-11 12:55:12 +0000  599 bytes for ./Payload/linphone.app/Frameworks/grpc.framework/grpc.bundle/PrivacyInfo.xcprivacy
copying file ./Payload/linphone.app/Frameworks/grpc.framework/grpc.bundle/Info.plist ... 
2025-03-11 12:55:12 +0000  755 bytes for ./Payload/linphone.app/Frameworks/grpc.framework/grpc.bundle/Info.plist
copying file ./Payload/linphone.app/Frameworks/grpc.framework/Info.plist ... 
2025-03-11 12:55:12 +0000  1503 bytes for ./Payload/linphone.app/Frameworks/grpc.framework/Info.plist
2025-03-11 12:55:12 +0000  copying file ./Payload/linphone.app/Frameworks/mssilk.framework/_CodeSignature/CodeResources ... 
2025-03-11 12:55:12 +0000  1798 bytes for ./Payload/linphone.app/Frameworks/mssilk.framework/_CodeSignature/CodeResources
copying file ./Payload/linphone.app/Frameworks/mssilk.framework/mssilk ... 
2025-03-11 12:55:12 +0000  51936 bytes for ./Payload/linphone.app/Frameworks/mssilk.framework/mssilk
copying file ./Payload/linphone.app/Frameworks/mssilk.framework/Info.plist ... 
2025-03-11 12:55:12 +0000  1205 bytes for ./Payload/linphone.app/Frameworks/mssilk.framework/Info.plist
2025-03-11 12:55:12 +0000  copying file ./Payload/linphone.app/Frameworks/openssl_grpc.framework/_CodeSignature/CodeResources ... 
2025-03-11 12:55:12 +0000  2320 bytes for ./Payload/linphone.app/Frameworks/openssl_grpc.framework/_CodeSignature/CodeResources
copying file ./Payload/linphone.app/Frameworks/openssl_grpc.framework/openssl_grpc ... 
2025-03-11 12:55:12 +0000  51472 bytes for ./Payload/linphone.app/Frameworks/openssl_grpc.framework/openssl_grpc
2025-03-11 12:55:12 +0000  copying file ./Payload/linphone.app/Frameworks/openssl_grpc.framework/openssl_grpc.bundle/PrivacyInfo.xcprivacy ... 
2025-03-11 12:55:12 +0000  599 bytes for ./Payload/linphone.app/Frameworks/openssl_grpc.framework/openssl_grpc.bundle/PrivacyInfo.xcprivacy
2025-03-11 12:55:12 +0000  copying file ./Payload/linphone.app/Frameworks/openssl_grpc.framework/openssl_grpc.bundle/Info.plist ... 
2025-03-11 12:55:12 +0000  771 bytes for ./Payload/linphone.app/Frameworks/openssl_grpc.framework/openssl_grpc.bundle/Info.plist
2025-03-11 12:55:12 +0000  copying file ./Payload/linphone.app/Frameworks/openssl_grpc.framework/Info.plist ... 
2025-03-11 12:55:12 +0000  1527 bytes for ./Payload/linphone.app/Frameworks/openssl_grpc.framework/Info.plist
2025-03-11 12:55:12 +0000  copying file ./Payload/linphone.app/Frameworks/absl.framework/_CodeSignature/CodeResources ... 
2025-03-11 12:55:12 +0000  2308 bytes for ./Payload/linphone.app/Frameworks/absl.framework/_CodeSignature/CodeResources
2025-03-11 12:55:12 +0000  copying file ./Payload/linphone.app/Frameworks/absl.framework/absl ... 
2025-03-11 12:55:12 +0000  51456 bytes for ./Payload/linphone.app/Frameworks/absl.framework/absl
2025-03-11 12:55:12 +0000  copying file ./Payload/linphone.app/Frameworks/absl.framework/xcprivacy.bundle/PrivacyInfo.xcprivacy ... 
2025-03-11 12:55:12 +0000  381 bytes for ./Payload/linphone.app/Frameworks/absl.framework/xcprivacy.bundle/PrivacyInfo.xcprivacy
2025-03-11 12:55:12 +0000  copying file ./Payload/linphone.app/Frameworks/absl.framework/xcprivacy.bundle/Info.plist ... 
2025-03-11 12:55:12 +0000  770 bytes for ./Payload/linphone.app/Frameworks/absl.framework/xcprivacy.bundle/Info.plist
2025-03-11 12:55:12 +0000  copying file ./Payload/linphone.app/Frameworks/absl.framework/Info.plist ... 
2025-03-11 12:55:12 +0000  1509 bytes for ./Payload/linphone.app/Frameworks/absl.framework/Info.plist
2025-03-11 12:55:12 +0000  copying file ./Payload/linphone.app/Frameworks/SnapKit.framework/_CodeSignature/CodeResources ... 
2025-03-11 12:55:12 +0000  1798 bytes for ./Payload/linphone.app/Frameworks/SnapKit.framework/_CodeSignature/CodeResources
2025-03-11 12:55:12 +0000  copying file ./Payload/linphone.app/Frameworks/SnapKit.framework/SnapKit ... 
2025-03-11 12:55:12 +0000  351920 bytes for ./Payload/linphone.app/Frameworks/SnapKit.framework/SnapKit
copying file ./Payload/linphone.app/Frameworks/SnapKit.framework/Info.plist ... 
2025-03-11 12:55:12 +0000  786 bytes for ./Payload/linphone.app/Frameworks/SnapKit.framework/Info.plist
2025-03-11 12:55:12 +0000  copying file ./Payload/linphone.app/Frameworks/lime.framework/_CodeSignature/CodeResources ... 
2025-03-11 12:55:12 +0000  1798 bytes for ./Payload/linphone.app/Frameworks/lime.framework/_CodeSignature/CodeResources
2025-03-11 12:55:12 +0000  copying file ./Payload/linphone.app/Frameworks/lime.framework/lime ... 
2025-03-11 12:55:12 +0000  873088 bytes for ./Payload/linphone.app/Frameworks/lime.framework/lime
copying file ./Payload/linphone.app/Frameworks/lime.framework/Info.plist ... 
2025-03-11 12:55:12 +0000  1218 bytes for ./Payload/linphone.app/Frameworks/lime.framework/Info.plist
2025-03-11 12:55:12 +0000  copying file ./Payload/linphone.app/Frameworks/belcard.framework/_CodeSignature/CodeResources ... 
2025-03-11 12:55:12 +0000  2018 bytes for ./Payload/linphone.app/Frameworks/belcard.framework/_CodeSignature/CodeResources
2025-03-11 12:55:12 +0000  copying file ./Payload/linphone.app/Frameworks/belcard.framework/vcard_grammar ... 
2025-03-11 12:55:12 +0000  18469 bytes for ./Payload/linphone.app/Frameworks/belcard.framework/vcard_grammar
copying file ./Payload/linphone.app/Frameworks/belcard.framework/belcard ... 
2025-03-11 12:55:12 +0000  1863776 bytes for ./Payload/linphone.app/Frameworks/belcard.framework/belcard
copying file ./Payload/linphone.app/Frameworks/belcard.framework/Info.plist ... 
2025-03-11 12:55:12 +0000  1199 bytes for ./Payload/linphone.app/Frameworks/belcard.framework/Info.plist
2025-03-11 12:55:12 +0000  copying file ./Payload/linphone.app/Frameworks/bctoolbox-ios.framework/_CodeSignature/CodeResources ... 
2025-03-11 12:55:12 +0000  1798 bytes for ./Payload/linphone.app/Frameworks/bctoolbox-ios.framework/_CodeSignature/CodeResources
copying file ./Payload/linphone.app/Frameworks/bctoolbox-ios.framework/bctoolbox-ios ... 
2025-03-11 12:55:12 +0000  75120 bytes for ./Payload/linphone.app/Frameworks/bctoolbox-ios.framework/bctoolbox-ios
copying file ./Payload/linphone.app/Frameworks/bctoolbox-ios.framework/Info.plist ... 
2025-03-11 12:55:12 +0000  1219 bytes for ./Payload/linphone.app/Frameworks/bctoolbox-ios.framework/Info.plist
2025-03-11 12:55:12 +0000  copying file ./Payload/linphone.app/Frameworks/linphone.framework/_CodeSignature/CodeResources ... 
2025-03-11 12:55:12 +0000  5718 bytes for ./Payload/linphone.app/Frameworks/linphone.framework/_CodeSignature/CodeResources
2025-03-11 12:55:12 +0000  copying file ./Payload/linphone.app/Frameworks/linphone.framework/identity_grammar ... 
2025-03-11 12:55:12 +0000  843 bytes for ./Payload/linphone.app/Frameworks/linphone.framework/identity_grammar
2025-03-11 12:55:12 +0000  copying file ./Payload/linphone.app/Frameworks/linphone.framework/silence.mkv ... 
2025-03-11 12:55:12 +0000  43316 bytes for ./Payload/linphone.app/Frameworks/linphone.framework/silence.mkv
2025-03-11 12:55:12 +0000  copying file ./Payload/linphone.app/Frameworks/linphone.framework/dont_wait_too_long.mkv ... 
2025-03-11 12:55:12 +0000  3650842 bytes for ./Payload/linphone.app/Frameworks/linphone.framework/dont_wait_too_long.mkv
copying file ./Payload/linphone.app/Frameworks/linphone.framework/four_hands_together.mkv ... 
2025-03-11 12:55:12 +0000  670788 bytes for ./Payload/linphone.app/Frameworks/linphone.framework/four_hands_together.mkv
copying file ./Payload/linphone.app/Frameworks/linphone.framework/notes_of_the_optimistic.mkv ... 
2025-03-11 12:55:12 +0000  594025 bytes for ./Payload/linphone.app/Frameworks/linphone.framework/notes_of_the_optimistic.mkv
copying file ./Payload/linphone.app/Frameworks/linphone.framework/oldphone-mono.wav ... 
2025-03-11 12:55:12 +0000  156120 bytes for ./Payload/linphone.app/Frameworks/linphone.framework/oldphone-mono.wav
copying file ./Payload/linphone.app/Frameworks/linphone.framework/toy-mono.wav ... 
2025-03-11 12:55:12 +0000  477458 bytes for ./Payload/linphone.app/Frameworks/linphone.framework/toy-mono.wav
copying file ./Payload/linphone.app/Frameworks/linphone.framework/house_keeping.mkv ... 
2025-03-11 12:55:12 +0000  760823 bytes for ./Payload/linphone.app/Frameworks/linphone.framework/house_keeping.mkv
2025-03-11 12:55:12 +0000  copying file ./Payload/linphone.app/Frameworks/linphone.framework/leaving_dreams.mkv ... 
2025-03-11 12:55:12 +0000  249152 bytes for ./Payload/linphone.app/Frameworks/linphone.framework/leaving_dreams.mkv
copying file ./Payload/linphone.app/Frameworks/linphone.framework/soft_as_snow.mkv ... 
2025-03-11 12:55:12 +0000  929065 bytes for ./Payload/linphone.app/Frameworks/linphone.framework/soft_as_snow.mkv
copying file ./Payload/linphone.app/Frameworks/linphone.framework/linphone ... 
2025-03-11 12:55:12 +0000  15475088 bytes for ./Payload/linphone.app/Frameworks/linphone.framework/linphone
2025-03-11 12:55:12 +0000  copying file ./Payload/linphone.app/Frameworks/linphone.framework/hello8000.wav ... 
2025-03-11 12:55:12 +0000  180268 bytes for ./Payload/linphone.app/Frameworks/linphone.framework/hello8000.wav
2025-03-11 12:55:12 +0000  copying file ./Payload/linphone.app/Frameworks/linphone.framework/rootca.pem ... 
2025-03-11 12:55:12 +0000  221877 bytes for ./Payload/linphone.app/Frameworks/linphone.framework/rootca.pem
2025-03-11 12:55:12 +0000  copying file ./Payload/linphone.app/Frameworks/linphone.framework/cpim_grammar ... 
2025-03-11 12:55:12 +0000  5437 bytes for ./Payload/linphone.app/Frameworks/linphone.framework/cpim_grammar
2025-03-11 12:55:12 +0000  copying file ./Payload/linphone.app/Frameworks/linphone.framework/ics_grammar ... 
2025-03-11 12:55:12 +0000  20296 bytes for ./Payload/linphone.app/Frameworks/linphone.framework/ics_grammar
2025-03-11 12:55:12 +0000  copying file ./Payload/linphone.app/Frameworks/linphone.framework/its_a_game.mkv ... 
2025-03-11 12:55:12 +0000  1180713 bytes for ./Payload/linphone.app/Frameworks/linphone.framework/its_a_game.mkv
2025-03-11 12:55:12 +0000  copying file ./Payload/linphone.app/Frameworks/linphone.framework/ringback.wav ... 
2025-03-11 12:55:12 +0000  24620 bytes for ./Payload/linphone.app/Frameworks/linphone.framework/ringback.wav
2025-03-11 12:55:12 +0000  copying file ./Payload/linphone.app/Frameworks/linphone.framework/hello16000.wav ... 
2025-03-11 12:55:12 +0000  340012 bytes for ./Payload/linphone.app/Frameworks/linphone.framework/hello16000.wav
2025-03-11 12:55:12 +0000  copying file ./Payload/linphone.app/Frameworks/linphone.framework/incoming_chat.wav ... 
2025-03-11 12:55:12 +0000  51244 bytes for ./Payload/linphone.app/Frameworks/linphone.framework/incoming_chat.wav
2025-03-11 12:55:12 +0000  copying file ./Payload/linphone.app/Frameworks/linphone.framework/Info.plist ... 
2025-03-11 12:55:12 +0000  1296 bytes for ./Payload/linphone.app/Frameworks/linphone.framework/Info.plist
2025-03-11 12:55:12 +0000  copying file ./Payload/linphone.app/Frameworks/EmojiPicker.framework/_CodeSignature/CodeResources ... 
2025-03-11 12:55:12 +0000  6536 bytes for ./Payload/linphone.app/Frameworks/EmojiPicker.framework/_CodeSignature/CodeResources
2025-03-11 12:55:12 +0000  copying file ./Payload/linphone.app/Frameworks/EmojiPicker.framework/EmojiPicker ... 
2025-03-11 12:55:12 +0000  350688 bytes for ./Payload/linphone.app/Frameworks/EmojiPicker.framework/EmojiPicker
2025-03-11 12:55:12 +0000  copying file ./Payload/linphone.app/Frameworks/EmojiPicker.framework/Resources.bundle/de.lproj/Localizable.strings ... 
2025-03-11 12:55:12 +0000  244 bytes for ./Payload/linphone.app/Frameworks/EmojiPicker.framework/Resources.bundle/de.lproj/Localizable.strings
2025-03-11 12:55:12 +0000  copying file ./Payload/linphone.app/Frameworks/EmojiPicker.framework/Resources.bundle/en.lproj/Localizable.strings ... 
2025-03-11 12:55:12 +0000  232 bytes for ./Payload/linphone.app/Frameworks/EmojiPicker.framework/Resources.bundle/en.lproj/Localizable.strings
2025-03-11 12:55:12 +0000  copying file ./Payload/linphone.app/Frameworks/EmojiPicker.framework/Resources.bundle/uk.lproj/Localizable.strings ... 
2025-03-11 12:55:12 +0000  333 bytes for ./Payload/linphone.app/Frameworks/EmojiPicker.framework/Resources.bundle/uk.lproj/Localizable.strings
2025-03-11 12:55:12 +0000  copying file ./Payload/linphone.app/Frameworks/EmojiPicker.framework/Resources.bundle/13.1.json ... 
2025-03-11 12:55:12 +0000  462927 bytes for ./Payload/linphone.app/Frameworks/EmojiPicker.framework/Resources.bundle/13.1.json
2025-03-11 12:55:12 +0000  copying file ./Payload/linphone.app/Frameworks/EmojiPicker.framework/Resources.bundle/11.json ... 
2025-03-11 12:55:12 +0000  411275 bytes for ./Payload/linphone.app/Frameworks/EmojiPicker.framework/Resources.bundle/11.json
2025-03-11 12:55:12 +0000  copying file ./Payload/linphone.app/Frameworks/EmojiPicker.framework/Resources.bundle/tr.lproj/Localizable.strings ... 
2025-03-11 12:55:12 +0000  335 bytes for ./Payload/linphone.app/Frameworks/EmojiPicker.framework/Resources.bundle/tr.lproj/Localizable.strings
2025-03-11 12:55:12 +0000  copying file ./Payload/linphone.app/Frameworks/EmojiPicker.framework/Resources.bundle/ru.lproj/Localizable.strings ... 
2025-03-11 12:55:12 +0000  361 bytes for ./Payload/linphone.app/Frameworks/EmojiPicker.framework/Resources.bundle/ru.lproj/Localizable.strings
2025-03-11 12:55:12 +0000  copying file ./Payload/linphone.app/Frameworks/EmojiPicker.framework/Resources.bundle/13.json ... 
2025-03-11 12:55:12 +0000  460506 bytes for ./Payload/linphone.app/Frameworks/EmojiPicker.framework/Resources.bundle/13.json
2025-03-11 12:55:12 +0000  copying file ./Payload/linphone.app/Frameworks/EmojiPicker.framework/Resources.bundle/fr.lproj/Localizable.strings ... 
2025-03-11 12:55:12 +0000  261 bytes for ./Payload/linphone.app/Frameworks/EmojiPicker.framework/Resources.bundle/fr.lproj/Localizable.strings
2025-03-11 12:55:12 +0000  copying file ./Payload/linphone.app/Frameworks/EmojiPicker.framework/Resources.bundle/14.json ... 
2025-03-11 12:55:12 +0000  472905 bytes for ./Payload/linphone.app/Frameworks/EmojiPicker.framework/Resources.bundle/14.json
2025-03-11 12:55:12 +0000  copying file ./Payload/linphone.app/Frameworks/EmojiPicker.framework/Resources.bundle/12.1.json ... 
2025-03-11 12:55:12 +0000  445331 bytes for ./Payload/linphone.app/Frameworks/EmojiPicker.framework/Resources.bundle/12.1.json
2025-03-11 12:55:12 +0000  copying file ./Payload/linphone.app/Frameworks/EmojiPicker.framework/Resources.bundle/5.json ... 
2025-03-11 12:55:12 +0000  391359 bytes for ./Payload/linphone.app/Frameworks/EmojiPicker.framework/Resources.bundle/5.json
2025-03-11 12:55:12 +0000  copying file ./Payload/linphone.app/Frameworks/EmojiPicker.framework/Resources.bundle/Info.plist ... 
765 bytes for ./Payload/linphone.app/Frameworks/EmojiPicker.framework/Resources.bundle/Info.plist
2025-03-11 12:55:12 +0000  copying file ./Payload/linphone.app/Frameworks/EmojiPicker.framework/Resources.bundle/hi.lproj/Localizable.strings ... 
2025-03-11 12:55:12 +0000  323 bytes for ./Payload/linphone.app/Frameworks/EmojiPicker.framework/Resources.bundle/hi.lproj/Localizable.strings
2025-03-11 12:55:12 +0000  copying file ./Payload/linphone.app/Frameworks/EmojiPicker.framework/Resources.bundle/zh.lproj/Localizable.strings ... 
2025-03-11 12:55:12 +0000  194 bytes for ./Payload/linphone.app/Frameworks/EmojiPicker.framework/Resources.bundle/zh.lproj/Localizable.strings
2025-03-11 12:55:12 +0000  copying file ./Payload/linphone.app/Frameworks/EmojiPicker.framework/Info.plist ... 
2025-03-11 12:55:12 +0000  794 bytes for ./Payload/linphone.app/Frameworks/EmojiPicker.framework/Info.plist
2025-03-11 12:55:12 +0000  copying file ./Payload/linphone.app/menu@2x.png ... 
2025-03-11 12:55:12 +0000  366 bytes for ./Payload/linphone.app/menu@2x.png
2025-03-11 12:55:12 +0000  copying file ./Payload/linphone.app/numpad_9_default@2x.png ... 
2025-03-11 12:55:12 +0000  2104 bytes for ./Payload/linphone.app/numpad_9_default@2x.png
copying file ./Payload/linphone.app/numpad_1_default@2x.png ... 
2025-03-11 12:55:12 +0000  1966 bytes for ./Payload/linphone.app/numpad_1_default@2x.png
2025-03-11 12:55:12 +0000  copying file ./Payload/linphone.app/pause_small_over_selected@2x.png ... 
2025-03-11 12:55:12 +0000  1866 bytes for ./Payload/linphone.app/pause_small_over_selected@2x.png
2025-03-11 12:55:12 +0000  copying file ./Payload/linphone.app/options_transfer_call_default.png ... 
2025-03-11 12:55:12 +0000  1445 bytes for ./Payload/linphone.app/options_transfer_call_default.png
2025-03-11 12:55:12 +0000  copying file ./Payload/linphone.app/voip_conference_audio_only.png ... 
2025-03-11 12:55:12 +0000  1369 bytes for ./Payload/linphone.app/voip_conference_audio_only.png
2025-03-11 12:55:12 +0000  copying file ./Payload/linphone.app/file_video_default.png ... 
2025-03-11 12:55:12 +0000  1512 bytes for ./Payload/linphone.app/file_video_default.png
2025-03-11 12:55:12 +0000  copying file ./Payload/linphone.app/menu_notifications_off.png ... 
2025-03-11 12:55:12 +0000  5738 bytes for ./Payload/linphone.app/menu_notifications_off.png
2025-03-11 12:55:12 +0000  copying file ./Payload/linphone.app/chat_attachment_default.png ... 
2025-03-11 12:55:12 +0000  1364 bytes for ./Payload/linphone.app/chat_attachment_default.png
2025-03-11 12:55:12 +0000  copying file ./Payload/linphone.app/call_status_outgoing@2x.png ... 
2025-03-11 12:55:12 +0000  2322 bytes for ./Payload/linphone.app/call_status_outgoing@2x.png
2025-03-11 12:55:12 +0000  copying file ./Payload/linphone.app/pause_big_disabled@2x.png ... 
2025-03-11 12:55:12 +0000  2497 bytes for ./Payload/linphone.app/pause_big_disabled@2x.png
2025-03-11 12:55:12 +0000  copying file ./Payload/linphone.app/security_toogle_button@2x.png ... 
2025-03-11 12:55:12 +0000  469 bytes for ./Payload/linphone.app/security_toogle_button@2x.png
2025-03-11 12:55:12 +0000  copying file ./Payload/linphone.app/security_pending@2x.png ... 
2025-03-11 12:55:12 +0000  847 bytes for ./Payload/linphone.app/security_pending@2x.png
2025-03-11 12:55:12 +0000  copying file ./Payload/linphone.app/footer_dialer_default@2x.png ... 
2025-03-11 12:55:12 +0000  3694 bytes for ./Payload/linphone.app/footer_dialer_default@2x.png
2025-03-11 12:55:12 +0000  copying file ./Payload/linphone.app/shortring.caf ... 
2025-03-11 12:55:12 +0000  689770 bytes for ./Payload/linphone.app/shortring.caf
2025-03-11 12:55:12 +0000  copying file ./Payload/linphone.app/numpad_2_over~ipad.png ... 
2025-03-11 12:55:12 +0000  421 bytes for ./Payload/linphone.app/numpad_2_over~ipad.png
2025-03-11 12:55:12 +0000  copying file ./Payload/linphone.app/voicemail@2x.png ... 
2025-03-11 12:55:12 +0000  1236 bytes for ./Payload/linphone.app/voicemail@2x.png
copying file ./Payload/linphone.app/call_start_body_disabled@2x.png ... 
2025-03-11 12:55:12 +0000  3524 bytes for ./Payload/linphone.app/call_start_body_disabled@2x.png
2025-03-11 12:55:12 +0000  copying file ./Payload/linphone.app/embedded.mobileprovision ... 
2025-03-11 12:55:12 +0000  14052 bytes for ./Payload/linphone.app/embedded.mobileprovision
2025-03-11 12:55:12 +0000  copying file ./Payload/linphone.app/Roboto-Bold.ttf ... 
2025-03-11 12:55:12 +0000  307304 bytes for ./Payload/linphone.app/Roboto-Bold.ttf
2025-03-11 12:55:12 +0000  copying file ./Payload/linphone.app/voip_call.png ... 
2025-03-11 12:55:12 +0000  3475 bytes for ./Payload/linphone.app/voip_call.png
2025-03-11 12:55:12 +0000  copying file ./Payload/linphone.app/cancel_edit_default.png ... 
2025-03-11 12:55:12 +0000  895 bytes for ./Payload/linphone.app/cancel_edit_default.png
copying file ./Payload/linphone.app/call_status_incoming@2x.png ... 
2025-03-11 12:55:12 +0000  2123 bytes for ./Payload/linphone.app/call_status_incoming@2x.png
2025-03-11 12:55:12 +0000  copying file ./Payload/linphone.app/select_all_disabled@2x.png ... 
2025-03-11 12:55:12 +0000  670 bytes for ./Payload/linphone.app/select_all_disabled@2x.png
2025-03-11 12:55:12 +0000  copying file ./Payload/linphone.app/chat_group_add@2x.png ... 
2025-03-11 12:55:12 +0000  7486 bytes for ./Payload/linphone.app/chat_group_add@2x.png
2025-03-11 12:55:12 +0000  copying file ./Payload/linphone.app/back_disabled@2x.png ... 
2025-03-11 12:55:12 +0000  539 bytes for ./Payload/linphone.app/back_disabled@2x.png
2025-03-11 12:55:12 +0000  copying file ./Payload/linphone.app/valid_default@2x.png ... 
2025-03-11 12:55:12 +0000  1088 bytes for ./Payload/linphone.app/valid_default@2x.png
2025-03-11 12:55:12 +0000  copying file ./Payload/linphone.app/numpad_0_default@2x.png ... 
2025-03-11 12:55:12 +0000  2156 bytes for ./Payload/linphone.app/numpad_0_default@2x.png
2025-03-11 12:55:12 +0000  copying file ./Payload/linphone.app/UIImageViewDeletable.nib ... 
2025-03-11 12:55:12 +0000  2688 bytes for ./Payload/linphone.app/UIImageViewDeletable.nib
2025-03-11 12:55:12 +0000  copying file ./Payload/linphone.app/route_speaker_selected@2x.png ... 
2025-03-11 12:55:12 +0000  1152 bytes for ./Payload/linphone.app/route_speaker_selected@2x.png
2025-03-11 12:55:12 +0000  copying file ./Payload/linphone.app/call_start_body_over@2x.png ... 
2025-03-11 12:55:12 +0000  4430 bytes for ./Payload/linphone.app/call_start_body_over@2x.png
2025-03-11 12:55:12 +0000  copying file ./Payload/linphone.app/select_all_default.png ... 
2025-03-11 12:55:12 +0000  594 bytes for ./Payload/linphone.app/select_all_default.png
2025-03-11 12:55:12 +0000  copying file ./Payload/linphone.app/routes_default.png ... 
2025-03-11 12:55:12 +0000  1112 bytes for ./Payload/linphone.app/routes_default.png
2025-03-11 12:55:12 +0000  copying file ./Payload/linphone.app/numpad_5_over~ipad.png ... 
2025-03-11 12:55:12 +0000  483 bytes for ./Payload/linphone.app/numpad_5_over~ipad.png
2025-03-11 12:55:12 +0000  copying file ./Payload/linphone.app/camera_selected@2x.png ... 
2025-03-11 12:55:12 +0000  819 bytes for ./Payload/linphone.app/camera_selected@2x.png
2025-03-11 12:55:12 +0000  copying file ./Payload/linphone.app/numpad_8_over@2x.png ... 
2025-03-11 12:55:12 +0000  2180 bytes for ./Payload/linphone.app/numpad_8_over@2x.png
2025-03-11 12:55:12 +0000  copying file ./Payload/linphone.app/speaker_disabled@2x.png ... 
2025-03-11 12:55:12 +0000  764 bytes for ./Payload/linphone.app/speaker_disabled@2x.png
2025-03-11 12:55:12 +0000  copying file ./Payload/linphone.app/dialer_back_default.png ... 
2025-03-11 12:55:12 +0000  1790 bytes for ./Payload/linphone.app/dialer_back_default.png
2025-03-11 12:55:12 +0000  copying file ./Payload/linphone.app/chat_start_body_over~ipad@2x.png ... 
2025-03-11 12:55:12 +0000  2803 bytes for ./Payload/linphone.app/chat_start_body_over~ipad@2x.png
2025-03-11 12:55:12 +0000  copying file ./Payload/linphone.app/numpad_5_over~ipad@2x.png ... 
2025-03-11 12:55:12 +0000  811 bytes for ./Payload/linphone.app/numpad_5_over~ipad@2x.png
2025-03-11 12:55:12 +0000  copying file ./Payload/linphone.app/rec_on_default@2x.png ... 
2025-03-11 12:55:12 +0000  2041 bytes for ./Payload/linphone.app/rec_on_default@2x.png
2025-03-11 12:55:12 +0000  copying file ./Payload/linphone.app/menu_resend_default.png ... 
2025-03-11 12:55:12 +0000  1233 bytes for ./Payload/linphone.app/menu_resend_default.png
2025-03-11 12:55:12 +0000  copying file ./Payload/linphone.app/contacts_all_default@2x.png ... 
2025-03-11 12:55:12 +0000  2328 bytes for ./Payload/linphone.app/contacts_all_default@2x.png
2025-03-11 12:55:12 +0000  copying file ./Payload/linphone.app/pause_big_over_selected@2x.png ... 
2025-03-11 12:55:12 +0000  2513 bytes for ./Payload/linphone.app/pause_big_over_selected@2x.png
2025-03-11 12:55:12 +0000  copying file ./Payload/linphone.app/linphone_user.png ... 
2025-03-11 12:55:12 +0000  929 bytes for ./Payload/linphone.app/linphone_user.png
2025-03-11 12:55:12 +0000  copying file ./Payload/linphone.app/route_bluetooth_default.png ... 
2025-03-11 12:55:12 +0000  732 bytes for ./Payload/linphone.app/route_bluetooth_default.png
2025-03-11 12:55:12 +0000  copying file ./Payload/linphone.app/numpad_4~ipad.png ... 
2025-03-11 12:55:12 +0000  426 bytes for ./Payload/linphone.app/numpad_4~ipad.png
2025-03-11 12:55:12 +0000  copying file ./Payload/linphone.app/numpad_5~ipad.png ... 
2025-03-11 12:55:12 +0000  516 bytes for ./Payload/linphone.app/numpad_5~ipad.png
2025-03-11 12:55:12 +0000  copying file ./Payload/linphone.app/contact_add_disabled@2x.png ... 
2025-03-11 12:55:12 +0000  1385 bytes for ./Payload/linphone.app/contact_add_disabled@2x.png
2025-03-11 12:55:12 +0000  copying file ./Payload/linphone.app/splashscreen@2x.png ... 
2025-03-11 12:55:12 +0000  40762 bytes for ./Payload/linphone.app/splashscreen@2x.png
2025-03-11 12:55:12 +0000  copying file ./Payload/linphone.app/call_start_body_disabled~ipad.png ... 
2025-03-11 12:55:12 +0000  1154 bytes for ./Payload/linphone.app/call_start_body_disabled~ipad.png
2025-03-11 12:55:12 +0000  copying file ./Payload/linphone.app/numpad_8_default@2x.png ... 
2025-03-11 12:55:12 +0000  2295 bytes for ./Payload/linphone.app/numpad_8_default@2x.png
2025-03-11 12:55:12 +0000  copying file ./Payload/linphone.app/numpad_1_over~ipad.png ... 
2025-03-11 12:55:12 +0000  551 bytes for ./Payload/linphone.app/numpad_1_over~ipad.png
2025-03-11 12:55:12 +0000  copying file ./Payload/linphone.app/Info.plist ... 
2025-03-11 12:55:12 +0000  3931 bytes for ./Payload/linphone.app/Info.plist
2025-03-11 12:55:12 +0000  copying file ./Payload/linphone.app/numpad_7_default@2x.png ... 
2025-03-11 12:55:12 +0000  1171 bytes for ./Payload/linphone.app/numpad_7_default@2x.png
2025-03-11 12:55:12 +0000  copying file ./Payload/linphone.app/lime_ko@2x.png ... 
2025-03-11 12:55:12 +0000  1636 bytes for ./Payload/linphone.app/lime_ko@2x.png
2025-03-11 12:55:12 +0000  copying file ./Payload/linphone.app/chevron_list_close.png ... 
2025-03-11 12:55:12 +0000  412 bytes for ./Payload/linphone.app/chevron_list_close.png
2025-03-11 12:55:12 +0000  copying file ./Payload/linphone.app/route_speaker_disabled@2x.png ... 
2025-03-11 12:55:12 +0000  764 bytes for ./Payload/linphone.app/route_speaker_disabled@2x.png
2025-03-11 12:55:12 +0000  copying file ./Payload/linphone.app/next_disabled@2x.png ... 
2025-03-11 12:55:12 +0000  479 bytes for ./Payload/linphone.app/next_disabled@2x.png
2025-03-11 12:55:12 +0000  copying file ./Payload/linphone.app/ephemeral_messages_color_A.png ... 
2025-03-11 12:55:12 +0000  1959 bytes for ./Payload/linphone.app/ephemeral_messages_color_A.png
2025-03-11 12:55:12 +0000  copying file ./Payload/linphone.app/menu_notifications_on.png ... 
2025-03-11 12:55:12 +0000  3361 bytes for ./Payload/linphone.app/menu_notifications_on.png
2025-03-11 12:55:12 +0000  copying file ./Payload/linphone.app/file_voice_default.png ... 
2025-03-11 12:55:12 +0000  891 bytes for ./Payload/linphone.app/file_voice_default.png
2025-03-11 12:55:12 +0000  copying file ./Payload/linphone.app/color_H.png ... 
2025-03-11 12:55:12 +0000  260 bytes for ./Payload/linphone.app/color_H.png
2025-03-11 12:55:12 +0000  copying file ./Payload/linphone.app/chat_send_default.png ... 
2025-03-11 12:55:12 +0000  1469 bytes for ./Payload/linphone.app/chat_send_default.png
2025-03-11 12:55:12 +0000  copying file ./Payload/linphone.app/camera_disabled@2x.png ... 
2025-03-11 12:55:12 +0000  519 bytes for ./Payload/linphone.app/camera_disabled@2x.png
2025-03-11 12:55:12 +0000  copying file ./Payload/linphone.app/side_menu_voip_meeting_schedule.png ... 
2025-03-11 12:55:12 +0000  1071 bytes for ./Payload/linphone.app/side_menu_voip_meeting_schedule.png
2025-03-11 12:55:12 +0000  copying file ./Payload/linphone.app/led_inprogress.png ... 
2025-03-11 12:55:12 +0000  427 bytes for ./Payload/linphone.app/led_inprogress.png
2025-03-11 12:55:12 +0000  copying file ./Payload/linphone.app/routes_selected.png ... 
2025-03-11 12:55:12 +0000  1065 bytes for ./Payload/linphone.app/routes_selected.png
2025-03-11 12:55:12 +0000  copying file ./Payload/linphone.app/numpad_1_over@2x.png ... 
2025-03-11 12:55:12 +0000  1874 bytes for ./Payload/linphone.app/numpad_1_over@2x.png
2025-03-11 12:55:12 +0000  copying file ./Payload/linphone.app/call_add_default.png ... 
2025-03-11 12:55:12 +0000  1874 bytes for ./Payload/linphone.app/call_add_default.png
2025-03-11 12:55:12 +0000  copying file ./Payload/linphone.app/LoginStoryboard.storyboardc/UIViewController-j33-5Z-h1s.nib ... 
2025-03-11 12:55:12 +0000  1086 bytes for ./Payload/linphone.app/LoginStoryboard.storyboardc/UIViewController-j33-5Z-h1s.nib
2025-03-11 12:55:12 +0000  copying file ./Payload/linphone.app/LoginStoryboard.storyboardc/Y6W-OH-hqX-view-5EZ-qb-Rvc.nib ... 
2025-03-11 12:55:12 +0000  9715 bytes for ./Payload/linphone.app/LoginStoryboard.storyboardc/Y6W-OH-hqX-view-5EZ-qb-Rvc.nib
2025-03-11 12:55:12 +0000  copying file ./Payload/linphone.app/LoginStoryboard.storyboardc/LoginViewController.nib ... 
2025-03-11 12:55:12 +0000  1341 bytes for ./Payload/linphone.app/LoginStoryboard.storyboardc/LoginViewController.nib
2025-03-11 12:55:12 +0000  copying file ./Payload/linphone.app/LoginStoryboard.storyboardc/Info.plist ... 
2025-03-11 12:55:12 +0000  227 bytes for ./Payload/linphone.app/LoginStoryboard.storyboardc/Info.plist
2025-03-11 12:55:12 +0000  copying file ./Payload/linphone.app/LoginStoryboard.storyboardc/j33-5Z-h1s-view-FdZ-YP-ifT.nib ... 
2025-03-11 12:55:12 +0000  12328 bytes for ./Payload/linphone.app/LoginStoryboard.storyboardc/j33-5Z-h1s-view-FdZ-YP-ifT.nib
2025-03-11 12:55:12 +0000  copying file ./Payload/linphone.app/voip_spinner.png ... 
2025-03-11 12:55:12 +0000  2354 bytes for ./Payload/linphone.app/voip_spinner.png
2025-03-11 12:55:12 +0000  copying file ./Payload/linphone.app/security_alert_indicator@2x.png ... 
2025-03-11 12:55:12 +0000  1167 bytes for ./Payload/linphone.app/security_alert_indicator@2x.png
2025-03-11 12:55:12 +0000  copying file ./Payload/linphone.app/speaker_selected@2x.png ... 
2025-03-11 12:55:12 +0000  1229 bytes for ./Payload/linphone.app/speaker_selected@2x.png
2025-03-11 12:55:12 +0000  copying file ./Payload/linphone.app/abseil_abslWrapper.bundle/PrivacyInfo.xcprivacy ... 
2025-03-11 12:55:12 +0000  380 bytes for ./Payload/linphone.app/abseil_abslWrapper.bundle/PrivacyInfo.xcprivacy
2025-03-11 12:55:12 +0000  copying file ./Payload/linphone.app/abseil_abslWrapper.bundle/Info.plist ... 
2025-03-11 12:55:12 +0000  694 bytes for ./Payload/linphone.app/abseil_abslWrapper.bundle/Info.plist
2025-03-11 12:55:12 +0000  copying file ./Payload/linphone.app/file_pdf_default.png ... 
2025-03-11 12:55:12 +0000  1751 bytes for ./Payload/linphone.app/file_pdf_default.png
2025-03-11 12:55:12 +0000  copying file ./Payload/linphone.app/numpad_7_default.png ... 
2025-03-11 12:55:12 +0000  606 bytes for ./Payload/linphone.app/numpad_7_default.png
2025-03-11 12:55:12 +0000  copying file ./Payload/linphone.app/voip_checkbox_unchecked.png ... 
2025-03-11 12:55:12 +0000  208 bytes for ./Payload/linphone.app/voip_checkbox_unchecked.png
2025-03-11 12:55:12 +0000  copying file ./Payload/linphone.app/PkgInfo ... 
2025-03-11 12:55:12 +0000  8 bytes for ./Payload/linphone.app/PkgInfo
2025-03-11 12:55:12 +0000  copying file ./Payload/linphone.app/numpad_7~ipad@2x.png ... 
2025-03-11 12:55:12 +0000  578 bytes for ./Payload/linphone.app/numpad_7~ipad@2x.png
2025-03-11 12:55:12 +0000  copying file ./Payload/linphone.app/chat_attachment_disabled@2x.png ... 
2025-03-11 12:55:12 +0000  1687 bytes for ./Payload/linphone.app/chat_attachment_disabled@2x.png
2025-03-11 12:55:12 +0000  copying file ./Payload/linphone.app/call_alt_back_disabled.png ... 
2025-03-11 12:55:12 +0000  1027 bytes for ./Payload/linphone.app/call_alt_back_disabled.png
2025-03-11 12:55:12 +0000  copying file ./Payload/linphone.app/color_I.png ... 
2025-03-11 12:55:12 +0000  277 bytes for ./Payload/linphone.app/color_I.png
2025-03-11 12:55:12 +0000  copying file ./Payload/linphone.app/call_missed.png ... 
2025-03-11 12:55:12 +0000  287 bytes for ./Payload/linphone.app/call_missed.png
2025-03-11 12:55:12 +0000  copying file ./Payload/linphone.app/camera_selected.png ... 
2025-03-11 12:55:12 +0000  486 bytes for ./Payload/linphone.app/camera_selected.png
2025-03-11 12:55:12 +0000  copying file ./Payload/linphone.app/footer_dialer_disabled.png ... 
2025-03-11 12:55:12 +0000  752 bytes for ./Payload/linphone.app/footer_dialer_disabled.png
2025-03-11 12:55:12 +0000  copying file ./Payload/linphone.app/delete_img.png ... 
2025-03-11 12:55:12 +0000  1121 bytes for ./Payload/linphone.app/delete_img.png
2025-03-11 12:55:12 +0000  copying file ./Payload/linphone.app/voip_radio_off.png ... 
2025-03-11 12:55:12 +0000  590 bytes for ./Payload/linphone.app/voip_radio_off.png
2025-03-11 12:55:12 +0000  copying file ./Payload/linphone.app/call_quality_indicator_3@2x.png ... 
2025-03-11 12:55:12 +0000  866 bytes for ./Payload/linphone.app/call_quality_indicator_3@2x.png
2025-03-11 12:55:12 +0000  copying file ./Payload/linphone.app/options_selected.png ... 
2025-03-11 12:55:12 +0000  1164 bytes for ./Payload/linphone.app/options_selected.png
2025-03-11 12:55:12 +0000  copying file ./Payload/linphone.app/es_AR.lproj/Localizable.strings ... 
2025-03-11 12:55:12 +0000  37003 bytes for ./Payload/linphone.app/es_AR.lproj/Localizable.strings
2025-03-11 12:55:12 +0000  copying file ./Payload/linphone.app/call_outgoing.png ... 
2025-03-11 12:55:12 +0000  290 bytes for ./Payload/linphone.app/call_outgoing.png
2025-03-11 12:55:12 +0000  copying file ./Payload/linphone.app/voip_dropdown.png ... 
2025-03-11 12:55:12 +0000  1014 bytes for ./Payload/linphone.app/voip_dropdown.png
2025-03-11 12:55:12 +0000  /usr/bin/ditto exited with 0
2025-03-11 12:55:12 +0000  Processing step: IDEDistributionAppStoreInformationStep
2025-03-11 12:55:12 +0000  Skipping step: IDEDistributionAppStoreInformationStep because it said so
2025-03-11 12:55:12 +0000  Processing step: IDEDistributionGenerateProcessedDistributionItems
2025-03-11 12:55:13 +0000  IDEDistributionItem init <DVTFilePath:0x600060b3a160:'/var/folders/xb/n6m0jmkx2yg22l7w31b445x40000gn/T/XcodeDistPipeline.~~~Joah3C/Root/Payload/linphone.app/Frameworks/msamr.framework'>
2025-03-11 12:55:13 +0000  IDEDistributionItem init <DVTFilePath:0x6000504cbbf0:'/var/folders/xb/n6m0jmkx2yg22l7w31b445x40000gn/T/XcodeDistPipeline.~~~Joah3C/Root/Payload/linphone.app/PlugIns/msgNotificationContent.appex'>
2025-03-11 12:55:13 +0000  IDEDistributionItem init <DVTFilePath:0x600060b394a0:'/var/folders/xb/n6m0jmkx2yg22l7w31b445x40000gn/T/XcodeDistPipeline.~~~Joah3C/Root/Payload/linphone.app/Frameworks/absl.framework'>
2025-03-11 12:55:13 +0000  IDEDistributionItem init <DVTFilePath:0x60004c79ccb0:'/var/folders/xb/n6m0jmkx2yg22l7w31b445x40000gn/T/XcodeDistPipeline.~~~Joah3C/Root/Payload/linphone.app/Frameworks/mediastreamer2.framework'>
2025-03-11 12:55:13 +0000  IDEDistributionItem init <DVTFilePath:0x600060b39c80:'/var/folders/xb/n6m0jmkx2yg22l7w31b445x40000gn/T/XcodeDistPipeline.~~~Joah3C/Root/Payload/linphone.app/Frameworks/lime.framework'>
2025-03-11 12:55:13 +0000  IDEDistributionItem init <DVTFilePath:0x60004c79c2a0:'/var/folders/xb/n6m0jmkx2yg22l7w31b445x40000gn/T/XcodeDistPipeline.~~~Joah3C/Root/Payload/linphone.app/Frameworks/belle-sip.framework'>
2025-03-11 12:55:13 +0000  IDEDistributionItem init <DVTFilePath:0x60004c79c540:'/var/folders/xb/n6m0jmkx2yg22l7w31b445x40000gn/T/XcodeDistPipeline.~~~Joah3C/Root/Payload/linphone.app/Frameworks/SnapKit.framework'>
2025-03-11 12:55:13 +0000  IDEDistributionItem init <DVTFilePath:0x6000504c3720:'/var/folders/xb/n6m0jmkx2yg22l7w31b445x40000gn/T/XcodeDistPipeline.~~~Joah3C/Root/Payload/linphone.app/Frameworks/IQKeyboardManager.framework'>
2025-03-11 12:55:13 +0000  IDEDistributionItem init <DVTFilePath:0x60004c79ee60:'/var/folders/xb/n6m0jmkx2yg22l7w31b445x40000gn/T/XcodeDistPipeline.~~~Joah3C/Root/Payload/linphone.app/Frameworks/mscodec2.framework'>
2025-03-11 12:55:13 +0000  IDEDistributionItem init <DVTFilePath:0x60004c79ebc0:'/var/folders/xb/n6m0jmkx2yg22l7w31b445x40000gn/T/XcodeDistPipeline.~~~Joah3C/Root/Payload/linphone.app/Frameworks/SwipeCellKit.framework'>
2025-03-11 12:55:13 +0000  IDEDistributionItem init <DVTFilePath:0x6000504c8bd0:'/var/folders/xb/n6m0jmkx2yg22l7w31b445x40000gn/T/XcodeDistPipeline.~~~Joah3C/Root/Payload/linphone.app/PlugIns/msgNotificationService.appex'>
2025-03-11 12:55:13 +0000  IDEDistributionItem init <DVTFilePath:0x60004c79df10:'/var/folders/xb/n6m0jmkx2yg22l7w31b445x40000gn/T/XcodeDistPipeline.~~~Joah3C/Root/Payload/linphone.app/Frameworks/grpcpp.framework'>
2025-03-11 12:55:13 +0000  IDEDistributionItem init <DVTFilePath:0x600060b39a40:'/var/folders/xb/n6m0jmkx2yg22l7w31b445x40000gn/T/XcodeDistPipeline.~~~Joah3C/Root/Payload/linphone.app/Frameworks/grpc.framework'>
2025-03-11 12:55:13 +0000  IDEDistributionItem init <DVTFilePath:0x60004c79c5b0:'/var/folders/xb/n6m0jmkx2yg22l7w31b445x40000gn/T/XcodeDistPipeline.~~~Joah3C/Root/Payload/linphone.app/Frameworks/bctoolbox.framework'>
2025-03-11 12:55:13 +0000  IDEDistributionItem init <DVTFilePath:0x60004c79c070:'/var/folders/xb/n6m0jmkx2yg22l7w31b445x40000gn/T/XcodeDistPipeline.~~~Joah3C/Root/Payload/linphone.app/Frameworks/linphonesw.framework'>
2025-03-11 12:55:13 +0000  IDEDistributionItem init <DVTFilePath:0x60004c79d030:'/var/folders/xb/n6m0jmkx2yg22l7w31b445x40000gn/T/XcodeDistPipeline.~~~Joah3C/Root/Payload/linphone.app/Frameworks/bctoolbox-ios.framework'>
2025-03-11 12:55:13 +0000  IDEDistributionItem init <DVTFilePath:0x60004c79c0e0:'/var/folders/xb/n6m0jmkx2yg22l7w31b445x40000gn/T/XcodeDistPipeline.~~~Joah3C/Root/Payload/linphone.app/Frameworks/limetester.framework'>
2025-03-11 12:55:13 +0000  IDEDistributionItem init <DVTFilePath:0x60004c79c380:'/var/folders/xb/n6m0jmkx2yg22l7w31b445x40000gn/T/XcodeDistPipeline.~~~Joah3C/Root/Payload/linphone.app/Frameworks/linphone.framework'>
2025-03-11 12:55:13 +0000  IDEDistributionItem init <DVTFilePath:0x60004c79f950:'/var/folders/xb/n6m0jmkx2yg22l7w31b445x40000gn/T/XcodeDistPipeline.~~~Joah3C/Root/Payload/linphone.app/Frameworks/EmojiPicker.framework'>
2025-03-11 12:55:13 +0000  IDEDistributionItem init <DVTFilePath:0x60004c79c8c0:'/var/folders/xb/n6m0jmkx2yg22l7w31b445x40000gn/T/XcodeDistPipeline.~~~Joah3C/Root/Payload/linphone.app/Frameworks/bctoolbox-tester.framework'>
2025-03-11 12:55:13 +0000  IDEDistributionItem init <DVTFilePath:0x60004c79ef40:'/var/folders/xb/n6m0jmkx2yg22l7w31b445x40000gn/T/XcodeDistPipeline.~~~Joah3C/Root/Payload/linphone.app/Frameworks/linphonetester.framework'>
2025-03-11 12:55:13 +0000  IDEDistributionItem init <DVTFilePath:0x60004c79fe90:'/var/folders/xb/n6m0jmkx2yg22l7w31b445x40000gn/T/XcodeDistPipeline.~~~Joah3C/Root/Payload/linphone.app/Frameworks/mswebrtc.framework'>
2025-03-11 12:55:13 +0000  IDEDistributionItem init <DVTFilePath:0x600060b3a580:'/var/folders/xb/n6m0jmkx2yg22l7w31b445x40000gn/T/XcodeDistPipeline.~~~Joah3C/Root/Payload/linphone.app/Frameworks/ortp.framework'>
2025-03-11 12:55:13 +0000  IDEDistributionItem init <DVTFilePath:0x60004c79c150:'/var/folders/xb/n6m0jmkx2yg22l7w31b445x40000gn/T/XcodeDistPipeline.~~~Joah3C/Root/Payload/linphone.app/Frameworks/libswift_Concurrency.dylib'>
2025-03-11 12:55:13 +0000  [OPTIONAL] Can't have a profile, not a bundle at <DVTFilePath:0x60004c79c150:'/var/folders/xb/n6m0jmkx2yg22l7w31b445x40000gn/T/XcodeDistPipeline.~~~Joah3C/Root/Payload/linphone.app/Frameworks/libswift_Concurrency.dylib'>
2025-03-11 12:55:13 +0000  IDEDistributionItem init <DVTFilePath:0x60004c79c690:'/var/folders/xb/n6m0jmkx2yg22l7w31b445x40000gn/T/XcodeDistPipeline.~~~Joah3C/Root/Payload/linphone.app/Frameworks/mssilk.framework'>
2025-03-11 12:55:13 +0000  IDEDistributionItem init <DVTFilePath:0x60004c79c930:'/var/folders/xb/n6m0jmkx2yg22l7w31b445x40000gn/T/XcodeDistPipeline.~~~Joah3C/Root/Payload/linphone.app/Frameworks/SVProgressHUD.framework'>
2025-03-11 12:55:13 +0000  IDEDistributionItem init <DVTFilePath:0x60004c79f250:'/var/folders/xb/n6m0jmkx2yg22l7w31b445x40000gn/T/XcodeDistPipeline.~~~Joah3C/Root/Payload/linphone.app/Frameworks/msopenh264.framework'>
2025-03-11 12:55:13 +0000  IDEDistributionItem init <DVTFilePath:0x60004c2b4000:'/var/folders/xb/n6m0jmkx2yg22l7w31b445x40000gn/T/XcodeDistPipeline.~~~Joah3C/Root/Payload/linphone.app/Frameworks/FirebaseFirestoreInternal.framework'>
2025-03-11 12:55:13 +0000  IDEDistributionItem init <DVTFilePath:0x60004c79c1c0:'/var/folders/xb/n6m0jmkx2yg22l7w31b445x40000gn/T/XcodeDistPipeline.~~~Joah3C/Root/Payload/linphone.app/PlugIns/linphoneExtension.appex'>
2025-03-11 12:55:13 +0000  IDEDistributionItem init <DVTFilePath:0x600060b39920:'/var/folders/xb/n6m0jmkx2yg22l7w31b445x40000gn/T/XcodeDistPipeline.~~~Joah3C/Root/Payload/linphone.app/Frameworks/belr.framework'>
2025-03-11 12:55:13 +0000  IDEDistributionItem init <DVTFilePath:0x60004c79c700:'/var/folders/xb/n6m0jmkx2yg22l7w31b445x40000gn/T/XcodeDistPipeline.~~~Joah3C/Root/Payload/linphone.app/Frameworks/belcard.framework'>
2025-03-11 12:55:13 +0000  IDEDistributionItem init <DVTFilePath:0x60004c49e920:'/var/folders/xb/n6m0jmkx2yg22l7w31b445x40000gn/T/XcodeDistPipeline.~~~Joah3C/Root/Payload/linphone.app/Frameworks/openssl_grpc.framework'>
2025-03-11 12:55:13 +0000  IDEDistributionItem init <DVTFilePath:0x60004c79d180:'/var/folders/xb/n6m0jmkx2yg22l7w31b445x40000gn/T/XcodeDistPipeline.~~~Joah3C/Root/Payload/linphone.app/Frameworks/DropDown.framework'>
2025-03-11 12:55:13 +0000  IDEDistributionItem init <DVTFilePath:0x600060b38f00:'/var/folders/xb/n6m0jmkx2yg22l7w31b445x40000gn/T/XcodeDistPipeline.~~~Joah3C/Root/Payload/linphone.app'>
2025-03-11 12:55:13 +0000  Processing step: IDEDistributionCreateManifestStep
